date,ladder_games,teams_active,median_winner_bank,p90_winner_bank,record_bank,replay_coverage
2026-07-30,726,58,37001.5,90104.0,157449,1.0
2026-07-31,1902,279,68689.5,108052.8,172970,1.0
2026-08-01,448,242,83129.5,122167.2,180499,1.0
2026-08-02,225,181,80767.0,158597.2,180911,1.0
2026-08-03,256,205,92013.0,161531.0,197632,1.0
2026-08-04,799,591,85306.0,150415.6,199499,1.0
2026-08-05,3637,1301,116641.0,154833.6,195147,1.0
2026-08-06,1917,756,123800.0,156062.2,202569,1.0
2026-08-07,2446,850,108190.5,147076.5,198409,1.0
2026-08-08,4669,1162,82771.0,121955.4,177130,1.0
2026-08-09,3702,982,84994.5,123475.6,178979,1.0
2026-08-10,3117,900,87342.0,125595.4,172132,1.0
2026-08-11,3947,1073,91117.0,128675.0,172428,1.0
2026-08-12,3532,1032,89290.0,126274.1,175468,1.0
2026-08-13,3034,1099,90008.0,129856.0,182527,1.0
2026-08-14,4076,1397,90845.0,129615.5,189105,1.0
2026-08-15,3317,1196,91412.0,129064.2,184304,1.0
2026-08-16,2789,1157,89386.0,127744.2,168733,1.0
2026-08-17,2021,977,88608.0,127866.0,181295,1.0
2026-08-18,2234,1127,91733.5,129781.8,176451,1.0
2026-08-19,2434,1124,91668.0,127302.3,183898,1.0
2026-08-20,2410,1157,89706.0,127967.2,178392,1.0
2026-08-21,2435,1251,90287.0,127538.8,175782,1.0
2026-08-22,2298,1226,89734.0,128380.8,188046,1.0
2026-08-23,2345,1199,88853.0,126169.0,182090,1.0
2026-08-24,2074,1184,90502.0,128375.1,176760,1.0
2026-08-25,2514,1229,90815.0,128453.2,178062,1.0
2026-08-26,2379,1231,88797.0,126876.2,162389,1.0
2026-08-27,2107,1112,90136.0,126875.6,172174,1.0
2026-08-28,2839,1476,91067.0,128606.0,191945,1.0
2026-08-29,1913,1058,90384.0,126071.4,168408,1.0
2026-08-30,1806,990,90912.0,128064.5,169170,0.909
2026-08-31,1798,1009,91216.5,127731.3,183187,0.879
2026-09-01,2558,1205,89055.0,126872.7,171334,0.708
2026-09-02,5231,1552,89622.0,127082.0,177545,0.544
2026-09-03,5515,1539,91346.0,135415.0,200338,0.272
2026-09-04,5136,1453,90515.5,133727.5,203762,0.698
2026-09-05,6336,1648,90383.5,133447.0,204531,0.736
2026-09-06,5509,1626,88861.0,128949.0,208841,0.767
2026-09-07,4257,1581,89291.0,126835.0,196218,0.768
2026-09-08,2532,1340,92865.5,129095.4,209338,0.466
2026-09-09,1193,864,93210.0,130310.0,189433,0.001
