episode_id,submission
114824732,"tetsu_step1009_full.py (Stephane, Step1009)"
114823365,"tetsu_step1009_full.py (Stephane, Step1009)"
114821706,"tetsu_step1009_full.py (Stephane, Step1009)"
114820202,"tetsu_step1009_full.py (Stephane, Step1009)"
114818513,"tetsu_step1009_full.py (Stephane, Step1009)"
114817246,"tetsu_step1009_full.py (Stephane, Step1009)"
114815766,"tetsu_step1009_full.py (Stephane, Step1009)"
114814490,"tetsu_step1009_full.py (Stephane, Step1009)"
114812681,"tetsu_step1009_full.py (Stephane, Step1009)"
114811322,"tetsu_step1009_full.py (Stephane, Step1009)"
114809832,"tetsu_step1009_full.py (Stephane, Step1009)"
114809656,"tetsu_step1009_full.py (Stephane, Step1009)"
114810058,"tetsu_step1009_full.py (Stephane, Step1009)"
114808629,"tetsu_step1009_full.py (Stephane, Step1009)"
114806650,"tetsu_step1009_full.py (Stephane, Step1009)"
114805648,"tetsu_step1009_full.py (Stephane, Step1009)"
114805459,"tetsu_step1009_full.py (Stephane, Step1009)"
114804011,"tetsu_step1009_full.py (Stephane, Step1009)"
114802500,"tetsu_step1009_full.py (Stephane, Step1009)"
114803982,"tetsu_step1009_full.py (Stephane, Step1009)"
114803187,"tetsu_step1009_full.py (Stephane, Step1009)"
114800969,"tetsu_step1009_full.py (Stephane, Step1009)"
114799480,"tetsu_step1009_full.py (Stephane, Step1009)"
114798079,"tetsu_step1009_full.py (Stephane, Step1009)"
114796506,"tetsu_step1009_full.py (Stephane, Step1009)"
114795042,"tetsu_step1009_full.py (Stephane, Step1009)"
114793550,"tetsu_step1009_full.py (Stephane, Step1009)"
114792075,"tetsu_step1009_full.py (Stephane, Step1009)"
114790589,"tetsu_step1009_full.py (Stephane, Step1009)"
114789109,"tetsu_step1009_full.py (Stephane, Step1009)"
114787638,"tetsu_step1009_full.py (Stephane, Step1009)"
114786178,"tetsu_step1009_full.py (Stephane, Step1009)"
114784663,"tetsu_step1009_full.py (Stephane, Step1009)"
114783233,"tetsu_step1009_full.py (Stephane, Step1009)"
114781741,"tetsu_step1009_full.py (Stephane, Step1009)"
114780230,"tetsu_step1009_full.py (Stephane, Step1009)"
114778736,"tetsu_step1009_full.py (Stephane, Step1009)"
114777244,"tetsu_step1009_full.py (Stephane, Step1009)"
114775764,"tetsu_step1009_full.py (Stephane, Step1009)"
114774307,"tetsu_step1009_full.py (Stephane, Step1009)"
114772797,"tetsu_step1009_full.py (Stephane, Step1009)"
114771378,"tetsu_step1009_full.py (Stephane, Step1009)"
114769921,"tetsu_step1009_full.py (Stephane, Step1009)"
114768503,"tetsu_step1009_full.py (Stephane, Step1009)"
114767010,"tetsu_step1009_full.py (Stephane, Step1009)"
114765657,"tetsu_step1009_full.py (Stephane, Step1009)"
114764168,"tetsu_step1009_full.py (Stephane, Step1009)"
114762770,"tetsu_step1009_full.py (Stephane, Step1009)"
114823168,"w3_dp_saletiming.py (Peter, Final pair B)"
114821389,"w3_dp_saletiming.py (Peter, Final pair B)"
114812522,"w3_dp_saletiming.py (Peter, Final pair B)"
114810004,"w3_dp_saletiming.py (Peter, Final pair B)"
114807186,"w3_dp_saletiming.py (Peter, Final pair B)"
114798072,"w3_dp_saletiming.py (Peter, Final pair B)"
114796514,"w3_dp_saletiming.py (Peter, Final pair B)"
114792085,"w3_dp_saletiming.py (Peter, Final pair B)"
114790604,"w3_dp_saletiming.py (Peter, Final pair B)"
114789144,"w3_dp_saletiming.py (Peter, Final pair B)"
114783242,"w3_dp_saletiming.py (Peter, Final pair B)"
114777227,"w3_dp_saletiming.py (Peter, Final pair B)"
114775766,"w3_dp_saletiming.py (Peter, Final pair B)"
114772784,"w3_dp_saletiming.py (Peter, Final pair B)"
114769823,"w3_dp_saletiming.py (Peter, Final pair B)"
