episode_id,player_submission,opponent_rating_before
112509671,56491123,2065.756839188672
112503883,56491123,2100.762073973877
112503155,56491123,1943.987337196595
112493815,56491123,2002.312404849533
112492607,56491123,1955.1509322123648
112490972,56491123,2060.4059726674154
112491441,56491123,1991.0036991086872
112490257,56491123,2050.5613183162045
112489090,56491123,1982.257723706796
112487914,56491123,1949.7640148908886
112487833,56491123,1934.8295871765129
112486754,56491123,1928.0362593467298
112485579,56491123,1917.4813203316123
112484419,56491123,1967.4583809131034
112483255,56491123,1938.2308772390393
112482003,56491123,1949.082948876078
112481508,56491123,1843.492705485465
112480899,56491123,1931.3950702401564
112479711,56491123,1970.7123192709828
112478566,56491123,1967.3675444577748
112477363,56491123,1955.296159419039
112476212,56491123,2025.2706372288756
112475042,56491123,1935.4722533748368
112473680,56491123,1908.8522394635584
112472477,56491123,1933.8591535381559
112471301,56491123,1877.0526416090738
112470154,56491123,1848.9309588330166
112469002,56491123,1883.383000303973
112467829,56491123,1878.0583916274286
112467805,56491123,1936.0603010976781
112466665,56491123,1900.0137799554843
112465485,56491123,1838.832676738648
112464328,56491123,1864.1587356945206
112463118,56491123,1977.6489919859407
112461951,56491123,1847.1231651628773
112460759,56491123,1822.1098995520395
112459559,56491123,1859.316977630567
112458373,56491123,1885.0901814900249
112457207,56491123,1842.6024984945898
112456041,56491123,1839.561285327044
112454809,56491123,1750.8003947564118
112453635,56491123,1773.3384292549304
112452476,56491123,1808.5632316137146
112451315,56491123,1718.0104026003328
112450003,56491123,1609.6848168603601
112450138,56491123,1668.7444354985814
112448968,56491123,1676.3358457882948
112448530,56491123,1712.7882135664763
112447787,56491123,1704.0695445560716
112446601,56491123,1629.9457188196045
112445432,56491123,1705.0458538067137
112444288,56491123,1630.8301076610378
112443159,56491123,1672.4246206037342
112441883,56491123,1626.1205729376939
112440651,56491123,1558.4402369339787
112439486,56491123,1582.2075501389768
112438210,56491123,1484.6397537350538
112437006,56491123,1468.0746617563675
112435639,56491123,1392.1424952284506
112434573,56491123,1465.8118693203965
112433461,56491123,1267.2346465802577
112432205,56491123,1142.034353901852
112431026,56491123,1194.0252510549828
112429817,56491123,1113.6734155725246
112428643,56491123,1170.4396398812237
112427441,56491123,1167.9940467731112
112426291,56491123,949.7588750266783
112425137,56491123,936.496400483503
112424003,56491123,966.5754347133754
112422899,56491123,720.9208473335741
112421724,56491123,464.46100188226586
112420327,56491123,
112510341,56487592,2442.343443911613
112500836,56487592,2461.5379218259936
112493943,56487592,2499.1662601809417
112484782,56487592,2479.1878032637446
112482226,56487592,2480.5134242014615
112483652,56487592,2449.449698613928
112477447,56487592,2376.0843205496844
112476638,56487592,2492.3262596902846
112469884,56487592,2484.1907236553006
112467215,56487592,2462.9886542049276
112465984,56487592,2400.5772123094066
112458973,56487592,2433.972512435276
112451675,56487592,2454.3452980664697
112450771,56487592,2385.8735688171796
112449698,56487592,2376.140550497912
112448201,56487592,2481.535001606587
112448378,56487592,2558.269031531866
112447016,56487592,2509.853627049704
112445835,56487592,2393.8448978645197
112444655,56487592,2420.229261898787
112443474,56487592,2478.390360996714
112442268,56487592,2426.8343562961113
112441052,56487592,2374.8268189852756
112439888,56487592,2396.7563991329475
112438643,56487592,2397.4265177267857
112437420,56487592,2527.1039079444945
112436143,56487592,2425.5987443964605
112434955,56487592,2465.1489176217992
112434754,56487592,2470.190090722657
112433807,56487592,2376.7316434978043
112432641,56487592,2468.3550243992217
112432898,56487592,2456.2524955049557
112431316,56487592,2513.6221316596743
112431367,56487592,2515.710984278236
112430240,56487592,2391.723762326997
112429052,56487592,2367.5873775149935
112427890,56487592,2398.675078991168
112426727,56487592,2413.4456755658744
112425555,56487592,2437.553614542226
112424734,56487592,2455.4244265689777
112424360,56487592,2365.562870899767
112423214,56487592,2322.39162232491
112423200,56487592,2417.2387364525125
112422036,56487592,2393.2746363554356
112420863,56487592,2278.683193609942
112419644,56487592,2414.3468485808235
112418414,56487592,2261.8382605925162
112417197,56487592,2294.5684898636086
112416020,56487592,2371.7904848321264
112416220,56487592,2427.365275294233
112415277,56487592,2282.209934468684
112414832,56487592,2420.0239706740263
112413657,56487592,2316.9808546777153
112412435,56487592,2315.3330079525754
112411245,56487592,2235.89629565147
112410075,56487592,2353.8631555865813
112408891,56487592,2228.0900976383036
112407693,56487592,2396.6777992376415
112406501,56487592,2352.226570218415
112405282,56487592,2296.2671198926614
112404080,56487592,2339.1115029504685
112402860,56487592,2288.1659509853043
112401687,56487592,2145.9638830111057
112400373,56487592,2239.3708759036454
112399191,56487592,2158.107088476124
112398030,56487592,2251.1434583031855
112396791,56487592,2189.092745369219
112395565,56487592,2180.6005553961318
112394467,56487592,2176.4795826826385
112393957,56487592,2058.7589584765133
112393215,56487592,2133.7001582483726
112392047,56487592,2108.0714039537497
112392172,56487592,2119.8969700442117
112390797,56487592,2114.5350051043133
112389635,56487592,2190.1514754823197
112388374,56487592,2170.6681517936304
112387191,56487592,2067.8349033761783
112385960,56487592,2112.6305277217843
112384785,56487592,2124.0697642060913
112383587,56487592,1880.6132618703139
112382416,56487592,2002.4408525797585
112381246,56487592,1713.4589023841522
112380071,56487592,1581.1502130557972
112380066,56487592,1535.3123178875967
112378890,56487592,1593.4048760479595
112377715,56487592,1440.0313008673272
112376532,56487592,1266.9376917883499
112375384,56487592,1305.4223517983487
112374191,56487592,1133.7566910133924
112372983,56487592,956.2827116142685
112371819,56487592,774.5217010931389
112370719,56487592,605.0006524297411
112369485,56487592,547.3850384890577
112369185,56487592,
112419429,56483603,1985.7144354979405
112419679,56483603,2017.05150480575
112418232,56483603,1978.1058871708392
112418339,56483603,1974.82091116184
112411521,56483603,1923.324958030782
112407042,56483603,1977.8297974517725
112403565,56483603,1989.7314886332215
112395133,56483603,1925.9237729489
112393775,56483603,1993.583466280528
112392585,56483603,1977.775727273597
112391394,56483603,1999.59111303643
112390210,56483603,1948.64587155479
112387803,56483603,1913.464589504056
112388969,56483603,1960.475477536113
112386620,56483603,1931.244311370533
112385420,56483603,1955.9812517166633
112384252,56483603,1905.8480104850255
112384138,56483603,1996.0445030676733
112383075,56483603,1875.6518299326524
112381890,56483603,1936.3523222487497
112380682,56483603,1914.6093078382178
112379498,56483603,1985.6986862664671
112378290,56483603,1996.2447166557195
112377083,56483603,1904.7320074071704
112375915,56483603,1891.6248069994213
112374673,56483603,1908.6251533752038
112373433,56483603,1847.7347792301064
112372220,56483603,1921.296795928987
112372398,56483603,1951.5889391075586
112371070,56483603,1856.3808120290068
112369803,56483603,1904.9086137317393
112370245,56483603,1859.4137233384208
112368562,56483603,1894.487899082607
112367404,56483603,1822.797087925628
112366181,56483603,1793.4730414972944
112366619,56483603,1828.3009172846382
112365000,56483603,1777.9457131005383
112363781,56483603,1816.4465893104837
112362549,56483603,1702.362590309663
112361332,56483603,1899.5119923250002
112360055,56483603,1701.4984835656398
112358825,56483603,1683.8441358824755
112357630,56483603,1827.7531720938368
112356363,56483603,1865.8007824017889
112356507,56483603,1791.011759377559
112355172,56483603,1768.3163143936863
112354017,56483603,1716.834673631961
112354367,56483603,1888.8034800709327
112353034,56483603,1841.961207263251
112352775,56483603,1713.4100812011034
112351658,56483603,1790.145585649874
112350364,56483603,1756.7578863727188
112349163,56483603,1746.2673404544357
112347961,56483603,1751.532324659656
112346760,56483603,1679.0414630579658
112345545,56483603,1747.8938035793876
112344284,56483603,1575.9534412982446
112343090,56483603,1684.586577336128
112341852,56483603,1631.7517497061417
112340834,56483603,1502.064699246385
112340670,56483603,1531.1607365796258
112339474,56483603,1650.4975628427442
112338250,56483603,1550.3973777256017
112337057,56483603,1625.309008892193
112335858,56483603,1494.4148672986328
112334649,56483603,1433.3690686823845
112333376,56483603,1467.7517417891588
112332205,56483603,1355.8654444803278
112330940,56483603,1288.50905983018
112329695,56483603,1191.6666799175457
112328518,56483603,1211.1726019378018
112327264,56483603,869.2322765432518
112326669,56483603,997.5078106877922
112326041,56483603,1085.06267923062
112324968,56483603,787.6620597255663
112323718,56483603,688.0083347922691
112322506,56483603,522.2585039012824
112321357,56483603,520.6242100083502
112318727,56483603,
112368570,56483595,1779.5667110488107
112366944,56483595,1889.799545270014
112367403,56483595,1811.307262048353
112366176,56483595,1832.7108542820256
112364993,56483595,1796.3208863099312
112363788,56483595,1853.0948768697122
112362546,56483595,1855.6043359906148
112361337,56483595,1886.254385845163
112360049,56483595,1842.5190345271997
112358822,56483595,1830.693621545541
112357620,56483595,1786.4578638279324
112356384,56483595,1749.4126706336028
112355184,56483595,1839.016265927538
112354096,56483595,1787.1436232206047
112352794,56483595,1802.0472866656705
112351686,56483595,1847.2894506452951
112351642,56483595,1795.6427976399925
112350381,56483595,1759.7437433265284
112350954,56483595,1864.0633147294388
112349175,56483595,1825.8818972027075
112347966,56483595,1773.455578319045
112346747,56483595,1786.1728836753218
112346666,56483595,1758.4552897457038
112345286,56483595,1767.4255142579534
112345541,56483595,1747.247304160393
112344297,56483595,1761.8044071673824
112343084,56483595,1633.9743376670435
112341856,56483595,1664.1936826091023
112340677,56483595,1530.9910709214537
112339503,56483595,1725.8367939385082
112338279,56483595,1651.4953559955952
112337092,56483595,1558.7579166729126
112335894,56483595,1514.400755421933
112334663,56483595,1561.2609774658808
112333392,56483595,1280.796929699529
112332196,56483595,1402.6927465425804
112332153,56483595,1447.4716420422496
112331509,56483595,1339.8790282460386
112330927,56483595,1358.2974469875703
112329683,56483595,1494.0706113395995
112328503,56483595,1316.9236697614324
112327231,56483595,1252.4442828284198
112326038,56483595,940.2983566970848
112324853,56483595,840.7944459700822
112323709,56483595,737.6568535080706
112322532,56483595,796.2882663056796
112321348,56483595,492.3986334612227
112320110,56483595,478.8594558761716
112318725,56483595,
