team_rank,team_name,team_id,player_submission,episode_id,end_time,state,type,seat,my_bank,opp_name,opp_team,opp_submission,opp_seat,opp_bank,won,opp_rating,band,window,stratum
1,DECEM,16623559,56601866,114062496,2026-09-27 07:45:29.742000,COMPLETED,EPISODE_TYPE_PUBLIC,0,140827,Marius Heuser,16756557,55753900,1,74424,1,916.3,<2500,2026-09-27T06,seat0_<2500
1,DECEM,16623559,56601866,114070082,2026-09-27 08:07:41.233000,COMPLETED,EPISODE_TYPE_PUBLIC,0,118340,Igor Buinyi,16877958,56600570,1,82780,1,1357.1,<2500,2026-09-27T06,seat0_<2500
1,DECEM,16623559,56601866,114068327,2026-09-27 08:03:01.954000,COMPLETED,EPISODE_TYPE_PUBLIC,0,113911,clouds111,16843522,56141222,1,86160,1,1556.4,<2500,2026-09-27T06,seat0_<2500
1,DECEM,16623559,56601866,114074105,2026-09-27 08:19:54.673000,COMPLETED,EPISODE_TYPE_PUBLIC,0,110946,我的AI是豆包,16722705,56512767,1,54258,1,2377.1,<2500,2026-09-27T06,seat0_<2500
1,DECEM,16623559,56601866,114059653,2026-09-27 07:37:45.102000,COMPLETED,EPISODE_TYPE_PUBLIC,0,112679,Nezihe Sözen,16668688,56578849,1,68833,1,1535.7,<2500,2026-09-27T06,seat0_<2500
1,DECEM,16623559,56601866,114103455,2026-09-27 09:38:11.536000,COMPLETED,EPISODE_TYPE_PUBLIC,0,108072,We wanna be tomatos,16632327,56601529,1,106976,1,2786.7,2500-2800,2026-09-27T06,seat0_2500-2800
1,DECEM,16623559,56601866,114100602,2026-09-27 09:30:51.795000,COMPLETED,EPISODE_TYPE_PUBLIC,0,115768,Christoffer Thimsen,16717665,56585033,1,99899,1,2726.2,2500-2800,2026-09-27T06,seat0_2500-2800
1,DECEM,16623559,56601866,114116817,2026-09-27 10:14:37.206000,COMPLETED,EPISODE_TYPE_PUBLIC,0,132445,THIRD FARM CLUB,16730524,56539374,1,124296,1,2787.2,2500-2800,2026-09-27T06,seat0_2500-2800
1,DECEM,16623559,56601866,114088846,2026-09-27 08:58:58.709000,COMPLETED,EPISODE_TYPE_PUBLIC,0,114247,john,16621163,56589342,1,86605,1,2512.4,2500-2800,2026-09-27T06,seat0_2500-2800
1,DECEM,16623559,56601866,114109453,2026-09-27 09:56:09.804000,COMPLETED,EPISODE_TYPE_PUBLIC,0,91528,We wanna be tomatos,16632327,56601529,1,77922,1,2786.7,2500-2800,2026-09-27T06,seat0_2500-2800
1,DECEM,16623559,56601866,114168262,2026-09-27 12:34:43.566000,COMPLETED,EPISODE_TYPE_PUBLIC,0,98803,Majkel1337,16718819,56577255,1,93963,1,2965.5,>2800,2026-09-27T12,seat0_>2800
1,DECEM,16623559,56601866,114159009,2026-09-27 12:12:43.921000,COMPLETED,EPISODE_TYPE_PUBLIC,0,89994,Unknown Mother-Goose,16730612,56593706,1,85966,1,2933.9,>2800,2026-09-27T12,seat0_>2800
1,DECEM,16623559,56601866,114162351,2026-09-27 12:18:52.907000,COMPLETED,EPISODE_TYPE_PUBLIC,0,111568,Majkel1337,16718819,56577255,1,104679,1,2965.5,>2800,2026-09-27T12,seat0_>2800
1,DECEM,16623559,56601866,114166777,2026-09-27 12:28:39.656000,COMPLETED,EPISODE_TYPE_PUBLIC,0,138217,Boey,16915014,56521745,1,131622,1,3027.9,>2800,2026-09-27T12,seat0_>2800
1,DECEM,16623559,56601866,114112376,2026-09-27 10:04:33.568000,COMPLETED,EPISODE_TYPE_PUBLIC,0,106430,kigasudayooo,16734966,56591236,1,96809,1,2841.5,>2800,2026-09-27T06,seat0_>2800
1,DECEM,16623559,56601866,114071212,2026-09-27 08:11:41.664000,COMPLETED,EPISODE_TYPE_PUBLIC,1,102068,Пётр П,16657276,56561410,0,69565,1,1402.3,<2500,2026-09-27T06,seat1_<2500
1,DECEM,16623559,56601866,114075548,2026-09-27 08:23:32.281000,COMPLETED,EPISODE_TYPE_PUBLIC,1,97460,Hibachi Fried Rice,16927137,56597946,0,79672,1,1708.2,<2500,2026-09-27T06,seat1_<2500
1,DECEM,16623559,56601866,114077001,2026-09-27 08:24:49.794000,COMPLETED,EPISODE_TYPE_PUBLIC,1,88845,haonan zhengh,16818313,56594791,0,51843,1,1774.3,<2500,2026-09-27T06,seat1_<2500
1,DECEM,16623559,56601866,114056790,2026-09-27 07:30:29.033000,COMPLETED,EPISODE_TYPE_PUBLIC,1,177392,William Rients,16670544,55282721,0,32933,1,536.5,<2500,2026-09-27T06,seat1_<2500
1,DECEM,16623559,56601866,114087343,2026-09-27 08:53:06.158000,COMPLETED,EPISODE_TYPE_PUBLIC,1,122652,Adarsh Balanolla,16741131,56584935,0,84968,1,2384.2,<2500,2026-09-27T06,seat1_<2500
1,DECEM,16623559,56601866,114093096,2026-09-27 09:10:14.159000,COMPLETED,EPISODE_TYPE_PUBLIC,1,90878,koren sabag,16685763,56591268,0,61707,1,2567.6,2500-2800,2026-09-27T06,seat1_2500-2800
1,DECEM,16623559,56601866,114099119,2026-09-27 09:26:41.609000,COMPLETED,EPISODE_TYPE_PUBLIC,1,104326,arutyunoff,16926467,56601295,0,87710,1,2724.4,2500-2800,2026-09-27T06,seat1_2500-2800
1,DECEM,16623559,56601866,114107990,2026-09-27 09:51:16.682000,COMPLETED,EPISODE_TYPE_PUBLIC,1,118883,3정훈,16723620,56597722,0,96677,1,2675.9,2500-2800,2026-09-27T06,seat1_2500-2800
1,DECEM,16623559,56601866,114106539,2026-09-27 09:47:51.548000,COMPLETED,EPISODE_TYPE_PUBLIC,1,127311,Kaggledew Valley 🏆,16633132,56598665,0,110697,1,2760.6,2500-2800,2026-09-27T06,seat1_2500-2800
1,DECEM,16623559,56601866,114104269,2026-09-27 09:38:37.291000,COMPLETED,EPISODE_TYPE_PUBLIC,1,154036,Breaking1800,16734901,56561903,0,116375,1,2698.6,2500-2800,2026-09-27T06,seat1_2500-2800
1,DECEM,16623559,56601866,114154983,2026-09-27 12:00:32.562000,COMPLETED,EPISODE_TYPE_PUBLIC,1,105173,Vadim Vasilenko,16770421,56589197,0,101800,1,2951.3,>2800,2026-09-27T12,seat1_>2800
1,DECEM,16623559,56601866,114160868,2026-09-27 12:15:15.798000,COMPLETED,EPISODE_TYPE_PUBLIC,1,119174,Unknown Mother-Goose,16730612,56593706,0,116736,1,2933.9,>2800,2026-09-27T12,seat1_>2800
1,DECEM,16623559,56601866,114158240,2026-09-27 12:07:01.584000,COMPLETED,EPISODE_TYPE_PUBLIC,1,84113,Boey,16915014,56521745,0,87439,0,3027.9,>2800,2026-09-27T12,seat1_>2800
1,DECEM,16623559,56601866,114165311,2026-09-27 12:26:06.361000,COMPLETED,EPISODE_TYPE_PUBLIC,1,111032,Boey,16915014,56521745,0,107129,1,3027.9,>2800,2026-09-27T12,seat1_>2800
1,DECEM,16623559,56601866,114156236,2026-09-27 12:01:24.248000,COMPLETED,EPISODE_TYPE_PUBLIC,1,131832,Vadim Vasilenko,16770421,56589197,0,128616,1,2951.3,>2800,2026-09-27T12,seat1_>2800
2,Boey,16915014,56521745,112902492,2026-09-24 14:39:58.622000,COMPLETED,EPISODE_TYPE_PUBLIC,0,121986,shin0000,16634873,56492879,1,130361,0,1810.5,<2500,2026-09-24T12,seat0_<2500
2,Boey,16915014,56521745,112879208,2026-09-24 13:21:57.107000,COMPLETED,EPISODE_TYPE_PUBLIC,0,134268,Rômulo Siqueira,16719238,55634202,1,100169,1,906.8,<2500,2026-09-24T12,seat0_<2500
2,Boey,16915014,56521745,112934311,2026-09-24 16:27:49.686000,COMPLETED,EPISODE_TYPE_PUBLIC,0,136472,shyjin,16734580,56448392,1,110875,1,2295.7,<2500,2026-09-24T12,seat0_<2500
2,Boey,16915014,56521745,112897751,2026-09-24 14:25:59.226000,COMPLETED,EPISODE_TYPE_PUBLIC,0,109128,アメリカ農業研究会,16768047,56442743,1,81454,1,1679.9,<2500,2026-09-24T12,seat0_<2500
2,Boey,16915014,56521745,112882631,2026-09-24 13:35:00.572000,COMPLETED,EPISODE_TYPE_PUBLIC,0,114709,Abdoul Ahad Diop,16841344,56151173,1,78394,1,924.2,<2500,2026-09-24T12,seat0_<2500
2,Boey,16915014,56521745,113894232,2026-09-26 23:23:14.002000,COMPLETED,EPISODE_TYPE_PUBLIC,0,79107,DSM,16732748,56582621,1,81393,0,2728.1,2500-2800,2026-09-26T18,seat0_2500-2800
2,Boey,16915014,56521745,113598184,2026-09-26 06:47:18.967000,COMPLETED,EPISODE_TYPE_PUBLIC,0,76952,DSM,16732748,56557996,1,83305,0,2728.1,2500-2800,2026-09-26T06,seat0_2500-2800
2,Boey,16915014,56521745,113099091,2026-09-25 01:59:21.437000,COMPLETED,EPISODE_TYPE_PUBLIC,0,98732,DSM,16732748,56527482,1,103695,0,2728.1,2500-2800,2026-09-25T00,seat0_2500-2800
2,Boey,16915014,56521745,113566650,2026-09-26 04:56:43.753000,COMPLETED,EPISODE_TYPE_PUBLIC,0,101727,DSM,16732748,56564674,1,104102,0,2728.1,2500-2800,2026-09-26T00,seat0_2500-2800
2,Boey,16915014,56521745,113985942,2026-09-27 04:01:23.433000,COMPLETED,EPISODE_TYPE_PUBLIC,0,116271,DSM,16732748,56582776,1,116442,0,2728.1,2500-2800,2026-09-27T00,seat0_2500-2800
2,Boey,16915014,56521745,113751093,2026-09-26 15:37:27.190000,COMPLETED,EPISODE_TYPE_PUBLIC,0,114266,Fourth Quadrant,16667959,56555482,1,122337,0,2917.4,>2800,2026-09-26T12,seat0_>2800
2,Boey,16915014,56521745,113032166,2026-09-24 22:15:22.353000,COMPLETED,EPISODE_TYPE_PUBLIC,0,104566,Densike,16660137,56527046,1,87830,1,2806.0,>2800,2026-09-24T18,seat0_>2800
2,Boey,16915014,56521745,113208346,2026-09-25 08:18:31.099000,COMPLETED,EPISODE_TYPE_PUBLIC,0,115314,M & M & P & Q,16681125,56524807,1,112713,1,2983.3,>2800,2026-09-25T06,seat0_>2800
2,Boey,16915014,56521745,113409426,2026-09-25 19:51:30.495000,COMPLETED,EPISODE_TYPE_PUBLIC,0,109921,DECEM,16623559,56552482,1,98599,1,3054.5,>2800,2026-09-25T18,seat0_>2800
2,Boey,16915014,56521745,113325074,2026-09-25 14:58:30.041000,COMPLETED,EPISODE_TYPE_PUBLIC,0,92226,Unknown Mother-Goose,16730612,56538672,1,94618,0,2933.9,>2800,2026-09-25T12,seat0_>2800
2,Boey,16915014,56521745,112880347,2026-09-24 13:24:42.491000,COMPLETED,EPISODE_TYPE_PUBLIC,1,105368,Zhiqi Liu,16735102,55905607,0,52187,1,883.7,<2500,2026-09-24T12,seat1_<2500
2,Boey,16915014,56521745,112883767,2026-09-24 13:38:54.812000,COMPLETED,EPISODE_TYPE_PUBLIC,1,125934,dreamcxy,16765154,55906567,0,25440,1,1022.1,<2500,2026-09-24T12,seat1_<2500
2,Boey,16915014,56521745,112894264,2026-09-24 14:15:53.044000,COMPLETED,EPISODE_TYPE_PUBLIC,1,116017,DeeSaa,16771200,56521735,0,83785,1,2203.1,<2500,2026-09-24T12,seat1_<2500
2,Boey,16915014,56521745,112891809,2026-09-24 14:05:17.117000,COMPLETED,EPISODE_TYPE_PUBLIC,1,120435,Berat Erol ÇELİK,16898760,56400294,0,108057,1,1570.2,<2500,2026-09-24T12,seat1_<2500
2,Boey,16915014,56521745,112913105,2026-09-24 15:16:13.354000,COMPLETED,EPISODE_TYPE_PUBLIC,1,132360,FinalSunFlower,16727182,56522328,0,112593,1,2302.1,<2500,2026-09-24T12,seat1_<2500
2,Boey,16915014,56521745,114082330,2026-09-27 08:37:48.269000,COMPLETED,EPISODE_TYPE_PUBLIC,1,101126,DSM,16732748,56582621,0,101343,0,2728.1,2500-2800,2026-09-27T06,seat1_2500-2800
2,Boey,16915014,56521745,113388406,2026-09-25 18:33:08.200000,COMPLETED,EPISODE_TYPE_PUBLIC,1,106034,DSM,16732748,56541087,0,103987,1,2728.1,2500-2800,2026-09-25T18,seat1_2500-2800
2,Boey,16915014,56521745,113503353,2026-09-26 01:20:40.781000,COMPLETED,EPISODE_TYPE_PUBLIC,1,100918,DSM,16732748,56557996,0,98206,1,2728.1,2500-2800,2026-09-26T00,seat1_2500-2800
2,Boey,16915014,56521745,114092599,2026-09-27 09:06:38.802000,COMPLETED,EPISODE_TYPE_PUBLIC,1,99329,DSM,16732748,56582621,0,101067,0,2728.1,2500-2800,2026-09-27T06,seat1_2500-2800
2,Boey,16915014,56521745,113985943,2026-09-27 04:03:16.627000,COMPLETED,EPISODE_TYPE_PUBLIC,1,93357,DSM,16732748,56582776,0,93021,1,2728.1,2500-2800,2026-09-27T00,seat1_2500-2800
2,Boey,16915014,56521745,114166777,2026-09-27 12:28:39.656000,COMPLETED,EPISODE_TYPE_PUBLIC,1,131622,DECEM,16623559,56601866,0,138217,0,3054.5,>2800,2026-09-27T12,seat1_>2800
2,Boey,16915014,56521745,113361507,2026-09-25 16:59:12.352000,COMPLETED,EPISODE_TYPE_PUBLIC,1,118324,DECEM,16623559,56540966,0,112580,1,3054.5,>2800,2026-09-25T12,seat1_>2800
2,Boey,16915014,56521745,113776851,2026-09-26 16:56:26.469000,COMPLETED,EPISODE_TYPE_PUBLIC,1,122055,Vadim Vasilenko,16770421,56574498,0,126787,0,2951.3,>2800,2026-09-26T12,seat1_>2800
2,Boey,16915014,56521745,113117685,2026-09-25 03:07:01.898000,COMPLETED,EPISODE_TYPE_PUBLIC,1,109590,Unknown Mother-Goose,16730612,56525914,0,108081,1,2933.9,>2800,2026-09-25T00,seat1_>2800
2,Boey,16915014,56521745,113626776,2026-09-26 08:25:56.301000,COMPLETED,EPISODE_TYPE_PUBLIC,1,104704,Vadim Vasilenko,16770421,56556874,0,97662,1,2951.3,>2800,2026-09-26T06,seat1_>2800
3,M & M & P & Q,16681125,56594027,113948378,2026-09-27 02:15:23.895000,COMPLETED,EPISODE_TYPE_PUBLIC,0,177079,nanare,16670020,56097904,1,129595,1,1242.0,<2500,2026-09-27T00,seat0_<2500
3,M & M & P & Q,16681125,56594027,113954906,2026-09-27 02:35:43.657000,COMPLETED,EPISODE_TYPE_PUBLIC,0,137576,Magniverko,16824931,56592134,1,104892,1,1559.2,<2500,2026-09-27T00,seat0_<2500
3,M & M & P & Q,16681125,56594027,113969563,2026-09-27 03:15:57.456000,COMPLETED,EPISODE_TYPE_PUBLIC,0,148151,Izzoudine Mohamed KANTA,16693215,56540520,1,115914,1,2328.5,<2500,2026-09-27T00,seat0_<2500
3,M & M & P & Q,16681125,56594027,113962845,2026-09-27 02:57:23.272000,COMPLETED,EPISODE_TYPE_PUBLIC,0,97933,Friedhelm Winter,16806882,56586303,1,74615,1,2259.5,<2500,2026-09-27T00,seat0_<2500
3,M & M & P & Q,16681125,56594027,113964170,2026-09-27 02:59:56.620000,COMPLETED,EPISODE_TYPE_PUBLIC,0,114647,Terry Luo,16689430,56480758,1,74758,1,2064.4,<2500,2026-09-27T00,seat0_<2500
3,M & M & P & Q,16681125,56594027,114102868,2026-09-27 09:34:27.619000,COMPLETED,EPISODE_TYPE_PUBLIC,0,89203,DSM,16732748,56582776,1,98508,0,2728.1,2500-2800,2026-09-27T06,seat0_2500-2800
3,M & M & P & Q,16681125,56594027,113966834,2026-09-27 03:10:09.187000,COMPLETED,EPISODE_TYPE_PUBLIC,0,122051,extra eclaire,16640048,56594830,1,107918,1,2501.1,2500-2800,2026-09-27T00,seat0_2500-2800
3,M & M & P & Q,16681125,56594027,113981613,2026-09-27 03:51:41.107000,COMPLETED,EPISODE_TYPE_PUBLIC,0,112345,arutyunoff,16926467,56593049,1,84323,1,2724.4,2500-2800,2026-09-27T00,seat0_2500-2800
3,M & M & P & Q,16681125,56594027,113973525,2026-09-27 03:25:57.267000,COMPLETED,EPISODE_TYPE_PUBLIC,0,96931,Lucas Boesen,16652175,56550474,1,71883,1,2613.0,2500-2800,2026-09-27T00,seat0_2500-2800
3,M & M & P & Q,16681125,56594027,113980137,2026-09-27 03:47:26.314000,COMPLETED,EPISODE_TYPE_PUBLIC,0,130916,Ghost Rule,16823930,56525017,1,103432,1,2562.0,2500-2800,2026-09-27T00,seat0_2500-2800
3,M & M & P & Q,16681125,56594027,114158294,2026-09-27 12:10:01.152000,COMPLETED,EPISODE_TYPE_PUBLIC,0,110569,Unknown Mother-Goose,16730612,56580983,1,106206,1,2933.9,>2800,2026-09-27T12,seat0_>2800
3,M & M & P & Q,16681125,56594027,114029949,2026-09-27 06:15:30.964000,COMPLETED,EPISODE_TYPE_PUBLIC,0,108090,DECEM,16623559,56595297,1,107814,1,3054.5,>2800,2026-09-27T06,seat0_>2800
3,M & M & P & Q,16681125,56594027,114163695,2026-09-27 12:23:52.516000,COMPLETED,EPISODE_TYPE_PUBLIC,0,115746,DECEM,16623559,56601866,1,120714,0,3054.5,>2800,2026-09-27T12,seat0_>2800
3,M & M & P & Q,16681125,56594027,114024130,2026-09-27 06:01:07.009000,COMPLETED,EPISODE_TYPE_PUBLIC,0,91718,Vadim Vasilenko,16770421,56589197,1,90356,1,2951.3,>2800,2026-09-27T06,seat0_>2800
3,M & M & P & Q,16681125,56594027,114033175,2026-09-27 06:24:37.300000,COMPLETED,EPISODE_TYPE_PUBLIC,0,108894,Vadim Vasilenko,16770421,56589197,1,108781,1,2951.3,>2800,2026-09-27T06,seat0_>2800
3,M & M & P & Q,16681125,56594027,113960147,2026-09-27 02:47:23.154000,COMPLETED,EPISODE_TYPE_PUBLIC,1,122842,RyotaroAbe,16840617,56524832,0,90267,1,1995.7,<2500,2026-09-27T00,seat1_<2500
3,M & M & P & Q,16681125,56594027,113937970,2026-09-27 01:41:20.851000,COMPLETED,EPISODE_TYPE_PUBLIC,1,145394,Bob Gerry,16850098,56114646,0,69616,1,665.4,<2500,2026-09-27T00,seat1_<2500
3,M & M & P & Q,16681125,56594027,113936677,2026-09-27 01:37:07.698000,COMPLETED,EPISODE_TYPE_PUBLIC,1,126122,Cow Wizard,16661943,55495570,0,40793,1,612.5,<2500,2026-09-27T00,seat1_<2500
3,M & M & P & Q,16681125,56594027,113952276,2026-09-27 02:26:11.991000,COMPLETED,EPISODE_TYPE_PUBLIC,1,102310,rupsa roy,16640552,56350279,0,84831,1,1558.2,<2500,2026-09-27T00,seat1_<2500
3,M & M & P & Q,16681125,56594027,113939242,2026-09-27 01:42:14.591000,COMPLETED,EPISODE_TYPE_PUBLIC,1,139435,Carlos Bósquez,16841747,56526344,0,76369,1,897.9,<2500,2026-09-27T00,seat1_<2500
3,M & M & P & Q,16681125,56594027,114092609,2026-09-27 09:07:31.213000,COMPLETED,EPISODE_TYPE_PUBLIC,1,132998,DSM,16732748,56582776,0,134894,0,2728.1,2500-2800,2026-09-27T06,seat1_2500-2800
3,M & M & P & Q,16681125,56594027,114072072,2026-09-27 08:13:55.922000,COMPLETED,EPISODE_TYPE_PUBLIC,1,78071,DSM,16732748,56582776,0,79574,0,2728.1,2500-2800,2026-09-27T06,seat1_2500-2800
3,M & M & P & Q,16681125,56594027,113998743,2026-09-27 04:45:23.453000,COMPLETED,EPISODE_TYPE_PUBLIC,1,90179,Kaggledew Valley 🏆,16633132,56575503,0,79435,1,2760.6,2500-2800,2026-09-27T00,seat1_2500-2800
3,M & M & P & Q,16681125,56594027,113977518,2026-09-27 03:38:30.909000,COMPLETED,EPISODE_TYPE_PUBLIC,1,151436,ra5anchor,16693965,56573055,0,129518,1,2618.3,2500-2800,2026-09-27T00,seat1_2500-2800
3,M & M & P & Q,16681125,56594027,113984132,2026-09-27 04:02:12.942000,COMPLETED,EPISODE_TYPE_PUBLIC,1,123946,Yuxuan Ba,16820794,56568181,0,92619,1,2676.8,2500-2800,2026-09-27T00,seat1_2500-2800
3,M & M & P & Q,16681125,56594027,114025527,2026-09-27 06:07:45.414000,COMPLETED,EPISODE_TYPE_PUBLIC,1,90725,Just A game on your lips,16657750,56593470,0,85412,1,2907.5,>2800,2026-09-27T06,seat1_>2800
3,M & M & P & Q,16681125,56594027,114035792,2026-09-27 06:31:51.915000,COMPLETED,EPISODE_TYPE_PUBLIC,1,121853,KawattaTaido,16654697,56590457,0,116320,1,2885.0,>2800,2026-09-27T06,seat1_>2800
3,M & M & P & Q,16681125,56594027,114126077,2026-09-27 10:40:04.378000,COMPLETED,EPISODE_TYPE_PUBLIC,1,86065,Azat Akhtyamov,16743356,56561951,0,79706,1,2872.7,>2800,2026-09-27T06,seat1_>2800
3,M & M & P & Q,16681125,56594027,114140294,2026-09-27 11:26:14.376000,COMPLETED,EPISODE_TYPE_PUBLIC,1,99235,DECEM,16623559,56601866,0,106171,0,3054.5,>2800,2026-09-27T06,seat1_>2800
3,M & M & P & Q,16681125,56594027,114092617,2026-09-27 09:07:47.836000,COMPLETED,EPISODE_TYPE_PUBLIC,1,109960,Majkel1337,16718819,56577255,0,115037,0,2965.5,>2800,2026-09-27T06,seat1_>2800
4,Majkel1337,16718819,56577255,113675008,2026-09-26 11:14:33.686000,COMPLETED,EPISODE_TYPE_PUBLIC,0,138356,First Farming,16919136,56359910,1,45047,1,756.1,<2500,2026-09-26T06,seat0_<2500
4,Majkel1337,16718819,56577255,113700925,2026-09-26 12:41:40.972000,COMPLETED,EPISODE_TYPE_PUBLIC,0,97445,1fan,16876126,56557025,1,65703,1,2429.5,<2500,2026-09-26T12,seat0_<2500
4,Majkel1337,16718819,56577255,113677334,2026-09-26 11:21:18.975000,COMPLETED,EPISODE_TYPE_PUBLIC,0,107573,maximo lorenzo y losada,16696769,55459161,1,69468,1,810.4,<2500,2026-09-26T06,seat0_<2500
4,Majkel1337,16718819,56577255,113708055,2026-09-26 13:07:33.681000,COMPLETED,EPISODE_TYPE_PUBLIC,0,121623,Supermercado,16690447,56574389,1,95207,1,2396.3,<2500,2026-09-26T12,seat0_<2500
4,Majkel1337,16718819,56577255,113685483,2026-09-26 11:53:13.071000,COMPLETED,EPISODE_TYPE_PUBLIC,0,126940,Weverton Guedes,16891562,56550440,1,101337,1,1506.1,<2500,2026-09-26T06,seat0_<2500
4,Majkel1337,16718819,56577255,113822354,2026-09-26 19:28:20.474000,COMPLETED,EPISODE_TYPE_PUBLIC,0,132593,Kaggledew Valley 🏆,16633132,56577352,1,113281,1,2760.6,2500-2800,2026-09-26T18,seat0_2500-2800
4,Majkel1337,16718819,56577255,113917717,2026-09-27 00:37:52.914000,COMPLETED,EPISODE_TYPE_PUBLIC,0,110037,DSM,16732748,56582621,1,110393,0,2728.1,2500-2800,2026-09-27T00,seat0_2500-2800
4,Majkel1337,16718819,56577255,113835715,2026-09-26 20:14:34.974000,COMPLETED,EPISODE_TYPE_PUBLIC,0,83301,DSM,16732748,56582621,1,90969,0,2728.1,2500-2800,2026-09-26T18,seat0_2500-2800
4,Majkel1337,16718819,56577255,113703282,2026-09-26 12:48:58.874000,COMPLETED,EPISODE_TYPE_PUBLIC,0,112438,Rio,16923256,56554847,1,95600,1,2511.4,2500-2800,2026-09-26T12,seat0_2500-2800
4,Majkel1337,16718819,56577255,113825738,2026-09-26 19:43:24.191000,COMPLETED,EPISODE_TYPE_PUBLIC,0,103808,DSM,16732748,56582776,1,105599,0,2728.1,2500-2800,2026-09-26T18,seat0_2500-2800
4,Majkel1337,16718819,56577255,114167015,2026-09-27 12:33:38.786000,COMPLETED,EPISODE_TYPE_PUBLIC,0,80972,Anton Tikhonov,16628664,56587629,1,83415,0,2887.0,>2800,2026-09-27T12,seat0_>2800
4,Majkel1337,16718819,56577255,114034324,2026-09-27 06:30:01.307000,COMPLETED,EPISODE_TYPE_PUBLIC,0,87150,M & M & P & Q,16681125,56594027,1,83851,1,2983.3,>2800,2026-09-27T06,seat0_>2800
4,Majkel1337,16718819,56577255,114092612,2026-09-27 09:07:21.782000,COMPLETED,EPISODE_TYPE_PUBLIC,0,97699,DECEM,16623559,56595297,1,96776,1,3054.5,>2800,2026-09-27T06,seat0_>2800
4,Majkel1337,16718819,56577255,114001766,2026-09-27 04:50:00.524000,COMPLETED,EPISODE_TYPE_PUBLIC,0,116647,Vadim Vasilenko,16770421,56589197,1,122043,0,2951.3,>2800,2026-09-27T00,seat0_>2800
4,Majkel1337,16718819,56577255,114126094,2026-09-27 10:38:28.438000,COMPLETED,EPISODE_TYPE_PUBLIC,0,107321,KawattaTaido,16654697,56590457,1,98357,1,2885.0,>2800,2026-09-27T06,seat0_>2800
4,Majkel1337,16718819,56577255,113707054,2026-09-26 13:03:09.427000,COMPLETED,EPISODE_TYPE_PUBLIC,1,96389,NayuNayu,16778340,56533306,0,76240,1,2468.7,<2500,2026-09-26T12,seat1_<2500
4,Majkel1337,16718819,56577255,113679712,2026-09-26 11:31:32.564000,COMPLETED,EPISODE_TYPE_PUBLIC,1,155180,Esperanza,16730484,56133813,0,125391,1,1142.1,<2500,2026-09-26T06,seat1_<2500
4,Majkel1337,16718819,56577255,113692509,2026-09-26 12:15:47.123000,COMPLETED,EPISODE_TYPE_PUBLIC,1,116931,Ari Nakos,16779304,56523727,0,91173,1,2082.6,<2500,2026-09-26T12,seat1_<2500
4,Majkel1337,16718819,56577255,113673862,2026-09-26 11:11:05.115000,COMPLETED,EPISODE_TYPE_PUBLIC,1,136887,Adil Munawar,16705584,55875458,0,58061,1,825.6,<2500,2026-09-26T06,seat1_<2500
4,Majkel1337,16718819,56577255,113688989,2026-09-26 12:02:20.680000,COMPLETED,EPISODE_TYPE_PUBLIC,1,128090,栗ご飯,16743055,56560961,0,83307,1,1566.2,<2500,2026-09-26T12,seat1_<2500
4,Majkel1337,16718819,56577255,113978085,2026-09-27 03:37:42.391000,COMPLETED,EPISODE_TYPE_PUBLIC,1,133904,DSM,16732748,56582621,0,140517,0,2728.1,2500-2800,2026-09-27T00,seat1_2500-2800
4,Majkel1337,16718819,56577255,113890825,2026-09-26 23:11:45.118000,COMPLETED,EPISODE_TYPE_PUBLIC,1,125223,🐚seek inspiration🐚,16793083,56579338,0,117861,1,2739.3,2500-2800,2026-09-26T18,seat1_2500-2800
4,Majkel1337,16718819,56577255,113970418,2026-09-27 03:16:14.904000,COMPLETED,EPISODE_TYPE_PUBLIC,1,93174,DSM,16732748,56582621,0,94433,0,2728.1,2500-2800,2026-09-27T00,seat1_2500-2800
4,Majkel1337,16718819,56577255,113863116,2026-09-26 21:42:50.724000,COMPLETED,EPISODE_TYPE_PUBLIC,1,85628,tetsuya & yuanzhe & guoqin,16623716,56579962,0,77027,1,2751.9,2500-2800,2026-09-26T18,seat1_2500-2800
4,Majkel1337,16718819,56577255,113930901,2026-09-27 01:13:34.768000,COMPLETED,EPISODE_TYPE_PUBLIC,1,121962,DSM,16732748,56582621,0,127106,0,2728.1,2500-2800,2026-09-27T00,seat1_2500-2800
4,Majkel1337,16718819,56577255,114161170,2026-09-27 12:13:50.910000,COMPLETED,EPISODE_TYPE_PUBLIC,1,120122,Unknown Mother-Goose,16730612,56580983,0,118480,1,2933.9,>2800,2026-09-27T12,seat1_>2800
4,Majkel1337,16718819,56577255,114168262,2026-09-27 12:34:43.566000,COMPLETED,EPISODE_TYPE_PUBLIC,1,93963,DECEM,16623559,56601866,0,98803,0,3054.5,>2800,2026-09-27T12,seat1_>2800
4,Majkel1337,16718819,56577255,114114528,2026-09-27 10:05:46.472000,COMPLETED,EPISODE_TYPE_PUBLIC,1,118964,Unknown Mother-Goose,16730612,56580983,0,118442,1,2933.9,>2800,2026-09-27T06,seat1_>2800
4,Majkel1337,16718819,56577255,114162351,2026-09-27 12:18:52.907000,COMPLETED,EPISODE_TYPE_PUBLIC,1,104679,DECEM,16623559,56601866,0,111568,0,3054.5,>2800,2026-09-27T12,seat1_>2800
4,Majkel1337,16718819,56577255,114061801,2026-09-27 07:44:46.150000,COMPLETED,EPISODE_TYPE_PUBLIC,1,149166,M & M & P & Q,16681125,56570008,0,148167,1,2983.3,>2800,2026-09-27T06,seat1_>2800
5,Vadim Vasilenko,16770421,56589197,113889862,2026-09-26 23:12:43.848000,COMPLETED,EPISODE_TYPE_PUBLIC,0,85038,Phoenix750,16852826,56533333,1,57134,1,2479.9,<2500,2026-09-26T18,seat0_<2500
5,Vadim Vasilenko,16770421,56589197,113886089,2026-09-26 22:57:16.430000,COMPLETED,EPISODE_TYPE_PUBLIC,0,108386,Rômulo Drumond,16888885,56567570,1,82467,1,2413.6,<2500,2026-09-26T18,seat0_<2500
5,Vadim Vasilenko,16770421,56589197,113868672,2026-09-26 22:00:17.240000,COMPLETED,EPISODE_TYPE_PUBLIC,0,133002,pan6628,16840452,56137320,1,108453,1,1149.6,<2500,2026-09-26T18,seat0_<2500
5,Vadim Vasilenko,16770421,56589197,113877299,2026-09-26 22:29:28.927000,COMPLETED,EPISODE_TYPE_PUBLIC,0,110608,Goua Henri,16659540,56515295,1,86654,1,1659.2,<2500,2026-09-26T18,seat0_<2500
5,Vadim Vasilenko,16770421,56589197,113863747,2026-09-26 21:45:21.523000,COMPLETED,EPISODE_TYPE_PUBLIC,0,103870,Yusuf Lee,16839972,56035680,1,41658,1,780.1,<2500,2026-09-26T18,seat0_<2500
5,Vadim Vasilenko,16770421,56589197,113925145,2026-09-27 01:01:36.770000,COMPLETED,EPISODE_TYPE_PUBLIC,0,157083,Ryo Hasegawa,16644287,56559703,1,137459,1,2686.1,2500-2800,2026-09-27T00,seat0_2500-2800
5,Vadim Vasilenko,16770421,56589197,113891032,2026-09-26 23:15:34.331000,COMPLETED,EPISODE_TYPE_PUBLIC,0,104890,HowardLeeTW,16690867,56575788,1,87580,1,2783.8,2500-2800,2026-09-26T18,seat0_2500-2800
5,Vadim Vasilenko,16770421,56589197,113898724,2026-09-26 23:36:51.767000,COMPLETED,EPISODE_TYPE_PUBLIC,0,126930,YumeNeko,16863512,56584449,1,94982,1,2733.2,2500-2800,2026-09-26T18,seat0_2500-2800
5,Vadim Vasilenko,16770421,56589197,113905153,2026-09-26 23:57:31.687000,COMPLETED,EPISODE_TYPE_PUBLIC,0,146086,Victor @ Tufa Labs,16621497,56566913,1,131227,1,2769.6,2500-2800,2026-09-26T18,seat0_2500-2800
5,Vadim Vasilenko,16770421,56589197,113898824,2026-09-26 23:39:32.888000,COMPLETED,EPISODE_TYPE_PUBLIC,0,97824,ActiveMusyoku,16730676,56588806,1,74964,1,2692.3,2500-2800,2026-09-26T18,seat0_2500-2800
5,Vadim Vasilenko,16770421,56589197,114041783,2026-09-27 06:48:14.912000,COMPLETED,EPISODE_TYPE_PUBLIC,0,109831,M & M & P & Q,16681125,56570008,1,112076,0,2983.3,>2800,2026-09-27T06,seat0_>2800
5,Vadim Vasilenko,16770421,56589197,114156236,2026-09-27 12:01:24.248000,COMPLETED,EPISODE_TYPE_PUBLIC,0,128616,DECEM,16623559,56601866,1,131832,0,3054.5,>2800,2026-09-27T12,seat0_>2800
5,Vadim Vasilenko,16770421,56589197,114051836,2026-09-27 07:15:27.108000,COMPLETED,EPISODE_TYPE_PUBLIC,0,103331,DECEM,16623559,56585731,1,100694,1,3054.5,>2800,2026-09-27T06,seat0_>2800
5,Vadim Vasilenko,16770421,56589197,113976995,2026-09-27 03:33:12.971000,COMPLETED,EPISODE_TYPE_PUBLIC,0,131127,Azat Akhtyamov,16743356,56561951,1,128689,1,2872.7,>2800,2026-09-27T00,seat0_>2800
5,Vadim Vasilenko,16770421,56589197,114154983,2026-09-27 12:00:32.562000,COMPLETED,EPISODE_TYPE_PUBLIC,0,101800,DECEM,16623559,56601866,1,105173,0,3054.5,>2800,2026-09-27T12,seat0_>2800
5,Vadim Vasilenko,16770421,56589197,113861239,2026-09-26 21:39:00.402000,COMPLETED,EPISODE_TYPE_PUBLIC,1,166738,SuperMercat,16714100,56126058,0,42676,1,568.9,<2500,2026-09-26T18,seat1_<2500
5,Vadim Vasilenko,16770421,56589197,113872357,2026-09-26 22:15:45.759000,COMPLETED,EPISODE_TYPE_PUBLIC,1,123473,omnifluxor,16896033,56251294,0,94246,1,1407.1,<2500,2026-09-26T18,seat1_<2500
5,Vadim Vasilenko,16770421,56589197,113878533,2026-09-26 22:35:38.604000,COMPLETED,EPISODE_TYPE_PUBLIC,1,87732,underline12311,16682843,56482544,0,62497,1,1756.8,<2500,2026-09-26T18,seat1_<2500
5,Vadim Vasilenko,16770421,56589197,113882315,2026-09-26 22:45:48.031000,COMPLETED,EPISODE_TYPE_PUBLIC,1,109045,Munal Singh,16622459,56583819,0,103594,1,2347.8,<2500,2026-09-26T18,seat1_<2500
5,Vadim Vasilenko,16770421,56589197,113888952,2026-09-26 23:06:53.627000,COMPLETED,EPISODE_TYPE_PUBLIC,1,158619,Thai,16728910,56586257,0,133529,1,2477.3,<2500,2026-09-26T18,seat1_<2500
5,Vadim Vasilenko,16770421,56589197,114016188,2026-09-27 05:34:06.301000,COMPLETED,EPISODE_TYPE_PUBLIC,1,96716,DSM,16732748,56582621,0,97855,0,2728.1,2500-2800,2026-09-27T00,seat1_2500-2800
5,Vadim Vasilenko,16770421,56589197,114082349,2026-09-27 08:38:26.057000,COMPLETED,EPISODE_TYPE_PUBLIC,1,104714,DSM,16732748,56582776,0,109490,0,2728.1,2500-2800,2026-09-27T06,seat1_2500-2800
5,Vadim Vasilenko,16770421,56589197,113909358,2026-09-27 00:12:45.055000,COMPLETED,EPISODE_TYPE_PUBLIC,1,99602,Artem The Farmer 🍅,16621799,56587608,0,86402,1,2780.5,2500-2800,2026-09-27T00,seat1_2500-2800
5,Vadim Vasilenko,16770421,56589197,114114356,2026-09-27 10:07:57.904000,COMPLETED,EPISODE_TYPE_PUBLIC,1,89145,DSM,16732748,56582621,0,91580,0,2728.1,2500-2800,2026-09-27T06,seat1_2500-2800
5,Vadim Vasilenko,16770421,56589197,113993850,2026-09-27 04:28:02.355000,COMPLETED,EPISODE_TYPE_PUBLIC,1,113038,DSM,16732748,56582776,0,114728,0,2728.1,2500-2800,2026-09-27T00,seat1_2500-2800
5,Vadim Vasilenko,16770421,56589197,114167035,2026-09-27 12:36:58.908000,COMPLETED,EPISODE_TYPE_PUBLIC,1,114933,Just A game on your lips,16657750,56602011,0,113830,1,2907.5,>2800,2026-09-27T12,seat1_>2800
5,Vadim Vasilenko,16770421,56589197,114032773,2026-09-27 06:27:18.120000,COMPLETED,EPISODE_TYPE_PUBLIC,1,129508,M & M & P & Q,16681125,56594027,0,131829,0,2983.3,>2800,2026-09-27T06,seat1_>2800
5,Vadim Vasilenko,16770421,56589197,113922510,2026-09-27 00:52:59.568000,COMPLETED,EPISODE_TYPE_PUBLIC,1,116475,Aaweg,16658248,56585526,0,104183,1,2815.2,>2800,2026-09-27T00,seat1_>2800
5,Vadim Vasilenko,16770421,56589197,114092613,2026-09-27 09:07:22.299000,COMPLETED,EPISODE_TYPE_PUBLIC,1,86447,Unknown Mother-Goose,16730612,56580983,0,83906,1,2933.9,>2800,2026-09-27T06,seat1_>2800
5,Vadim Vasilenko,16770421,56589197,114001728,2026-09-27 04:50:22.287000,COMPLETED,EPISODE_TYPE_PUBLIC,1,94846,Azat Akhtyamov,16743356,56561951,0,87868,1,2872.7,>2800,2026-09-27T00,seat1_>2800
6,Unknown Mother-Goose,16730612,56593706,113957680,2026-09-27 02:38:13.343000,COMPLETED,EPISODE_TYPE_PUBLIC,0,132286,playboicarti,16877834,56590684,1,108031,1,2304.4,<2500,2026-09-27T00,seat0_<2500
6,Unknown Mother-Goose,16730612,56593706,113966993,2026-09-27 03:09:32.871000,COMPLETED,EPISODE_TYPE_PUBLIC,0,110097,Batuhan Ustun,16669911,56579195,1,87398,1,2499.4,<2500,2026-09-27T00,seat0_<2500
6,Unknown Mother-Goose,16730612,56593706,113956340,2026-09-27 02:33:52.165000,COMPLETED,EPISODE_TYPE_PUBLIC,0,113909,南山3G战神,16935560,56539151,1,93212,1,2195.2,<2500,2026-09-27T00,seat0_<2500
6,Unknown Mother-Goose,16730612,56593706,113941832,2026-09-27 01:53:47.098000,COMPLETED,EPISODE_TYPE_PUBLIC,0,98925,raccoonForest,16657341,56077160,1,63646,1,1162.0,<2500,2026-09-27T00,seat0_<2500
6,Unknown Mother-Goose,16730612,56593706,113943127,2026-09-27 01:54:12.827000,COMPLETED,EPISODE_TYPE_PUBLIC,0,92264,Shadow Recon,16700510,56520890,1,42737,1,1273.8,<2500,2026-09-27T00,seat0_<2500
6,Unknown Mother-Goose,16730612,56593706,113984239,2026-09-27 03:59:14.116000,COMPLETED,EPISODE_TYPE_PUBLIC,0,108811,Kaggledew Valley 🏆,16633132,56575503,1,93592,1,2760.6,2500-2800,2026-09-27T00,seat0_2500-2800
6,Unknown Mother-Goose,16730612,56593706,113997500,2026-09-27 04:41:37.666000,COMPLETED,EPISODE_TYPE_PUBLIC,0,98251,Snorlax,16707990,56579076,1,92608,1,2729.1,2500-2800,2026-09-27T00,seat0_2500-2800
6,Unknown Mother-Goose,16730612,56593706,113982905,2026-09-27 03:56:33.493000,COMPLETED,EPISODE_TYPE_PUBLIC,0,115668,Christoffer Thimsen,16717665,56561414,1,95556,1,2726.2,2500-2800,2026-09-27T00,seat0_2500-2800
6,Unknown Mother-Goose,16730612,56593706,113974326,2026-09-27 03:27:33.685000,COMPLETED,EPISODE_TYPE_PUBLIC,0,93187,Dipam Chakraborty,16811917,56527897,1,75460,1,2653.4,2500-2800,2026-09-27T00,seat0_2500-2800
6,Unknown Mother-Goose,16730612,56593706,113978906,2026-09-27 03:44:16.307000,COMPLETED,EPISODE_TYPE_PUBLIC,0,97345,dodsters,16942123,56588426,1,83156,1,2701.6,2500-2800,2026-09-27T00,seat0_2500-2800
6,Unknown Mother-Goose,16730612,56593706,114079241,2026-09-27 08:33:26.277000,COMPLETED,EPISODE_TYPE_PUBLIC,0,123514,mtmr_s1,16758882,56576075,1,127664,0,2836.3,>2800,2026-09-27T06,seat0_>2800
6,Unknown Mother-Goose,16730612,56593706,114165369,2026-09-27 12:28:50.715000,COMPLETED,EPISODE_TYPE_PUBLIC,0,86519,Vadim Vasilenko,16770421,56602695,1,90393,0,2951.3,>2800,2026-09-27T12,seat0_>2800
6,Unknown Mother-Goose,16730612,56593706,114069236,2026-09-27 08:01:56.952000,COMPLETED,EPISODE_TYPE_PUBLIC,0,110763,My second life,16730357,56590212,1,101499,1,2838.3,>2800,2026-09-27T06,seat0_>2800
6,Unknown Mother-Goose,16730612,56593706,114162340,2026-09-27 12:21:56.361000,COMPLETED,EPISODE_TYPE_PUBLIC,0,135406,Vadim Vasilenko,16770421,56602695,1,131738,1,2951.3,>2800,2026-09-27T12,seat0_>2800
6,Unknown Mother-Goose,16730612,56593706,114126133,2026-09-27 10:40:52.494000,COMPLETED,EPISODE_TYPE_PUBLIC,0,106356,Majkel1337,16718819,56577255,1,103049,1,2965.5,>2800,2026-09-27T06,seat0_>2800
6,Unknown Mother-Goose,16730612,56593706,113936631,2026-09-27 01:34:44.604000,COMPLETED,EPISODE_TYPE_PUBLIC,1,118599,jrcjrcjrc,16780317,55958698,0,71171,1,1009.0,<2500,2026-09-27T00,seat1_<2500
6,Unknown Mother-Goose,16730612,56593706,113953615,2026-09-27 02:25:33.295000,COMPLETED,EPISODE_TYPE_PUBLIC,1,122828,Takahiro Someya,16663213,56531748,0,84917,1,2021.0,<2500,2026-09-27T00,seat1_<2500
6,Unknown Mother-Goose,16730612,56593706,113939195,2026-09-27 01:45:32.068000,COMPLETED,EPISODE_TYPE_PUBLIC,1,171889,Papa Annan,16701362,55654628,0,74148,1,936.5,<2500,2026-09-27T00,seat1_<2500
6,Unknown Mother-Goose,16730612,56593706,113940524,2026-09-27 01:46:59.114000,COMPLETED,EPISODE_TYPE_PUBLIC,1,116731,qianyuatkaggle,16808178,56087361,0,75809,1,1064.0,<2500,2026-09-27T00,seat1_<2500
6,Unknown Mother-Goose,16730612,56593706,113959388,2026-09-27 02:43:53.626000,COMPLETED,EPISODE_TYPE_PUBLIC,1,144160,Changyuan Chen,16693962,56590297,0,97706,1,2302.8,<2500,2026-09-27T00,seat1_<2500
6,Unknown Mother-Goose,16730612,56593706,113969661,2026-09-27 03:15:24.633000,COMPLETED,EPISODE_TYPE_PUBLIC,1,101951,Hikaru Umeda,16748142,56573761,0,77511,1,2584.1,2500-2800,2026-09-27T00,seat1_2500-2800
6,Unknown Mother-Goose,16730612,56593706,113989884,2026-09-27 04:15:00.132000,COMPLETED,EPISODE_TYPE_PUBLIC,1,109843,Kaggledew Valley 🏆,16633132,56577352,0,111156,0,2760.6,2500-2800,2026-09-27T00,seat1_2500-2800
6,Unknown Mother-Goose,16730612,56593706,114001490,2026-09-27 04:52:57.371000,COMPLETED,EPISODE_TYPE_PUBLIC,1,110504,We wanna be tomatos,16632327,56586163,0,105925,1,2786.7,2500-2800,2026-09-27T00,seat1_2500-2800
6,Unknown Mother-Goose,16730612,56593706,113976275,2026-09-27 03:37:44.306000,COMPLETED,EPISODE_TYPE_PUBLIC,1,113105,xi luo,16677337,56527494,0,93735,1,2576.0,2500-2800,2026-09-27T00,seat1_2500-2800
6,Unknown Mother-Goose,16730612,56593706,113970976,2026-09-27 03:21:02.156000,COMPLETED,EPISODE_TYPE_PUBLIC,1,149639,Pico,16754022,56557944,0,126789,1,2631.1,2500-2800,2026-09-27T00,seat1_2500-2800
6,Unknown Mother-Goose,16730612,56593706,114166754,2026-09-27 12:32:13.639000,COMPLETED,EPISODE_TYPE_PUBLIC,1,99193,Anton Tikhonov,16628664,56602878,0,96549,1,2887.0,>2800,2026-09-27T12,seat1_>2800
6,Unknown Mother-Goose,16730612,56593706,114089627,2026-09-27 08:59:06.011000,COMPLETED,EPISODE_TYPE_PUBLIC,1,133263,吃白饭的大肥鱼,16854176,56506820,0,121714,1,2813.2,>2800,2026-09-27T06,seat1_>2800
6,Unknown Mother-Goose,16730612,56593706,114154989,2026-09-27 12:02:35.927000,COMPLETED,EPISODE_TYPE_PUBLIC,1,82831,Just A game on your lips,16657750,56602011,0,79399,1,2907.5,>2800,2026-09-27T12,seat1_>2800
6,Unknown Mother-Goose,16730612,56593706,114044589,2026-09-27 06:54:45.071000,COMPLETED,EPISODE_TYPE_PUBLIC,1,73746,Vadim Vasilenko,16770421,56589197,0,79428,0,2951.3,>2800,2026-09-27T06,seat1_>2800
6,Unknown Mother-Goose,16730612,56593706,114159009,2026-09-27 12:12:43.921000,COMPLETED,EPISODE_TYPE_PUBLIC,1,85966,DECEM,16623559,56601866,0,89994,0,3054.5,>2800,2026-09-27T12,seat1_>2800
7,Fourth Quadrant,16667959,56590425,113911530,2026-09-27 00:23:47.866000,COMPLETED,EPISODE_TYPE_PUBLIC,0,92835,wayg9odysseus,16859034,56529533,1,73587,1,1978.2,<2500,2026-09-27T00,seat0_<2500
7,Fourth Quadrant,16667959,56590425,113889821,2026-09-26 23:12:33.168000,COMPLETED,EPISODE_TYPE_PUBLIC,0,107223,Dhruv,16759427,55714476,1,53975,1,586.8,<2500,2026-09-26T18,seat0_<2500
7,Fourth Quadrant,16667959,56590425,113906232,2026-09-27 00:09:29.818000,COMPLETED,EPISODE_TYPE_PUBLIC,0,147003,forwardidear,16875601,56346758,1,118667,1,1583.6,<2500,2026-09-27T00,seat0_<2500
7,Fourth Quadrant,16667959,56590425,113901090,2026-09-26 23:51:40.899000,COMPLETED,EPISODE_TYPE_PUBLIC,0,125662,akahane,16715066,56287431,1,97581,1,1364.8,<2500,2026-09-26T18,seat0_<2500
7,Fourth Quadrant,16667959,56590425,113926250,2026-09-27 01:07:08.548000,COMPLETED,EPISODE_TYPE_PUBLIC,0,95211,ryomac1,16923064,56553665,1,92813,1,2448.1,<2500,2026-09-27T00,seat0_<2500
7,Fourth Quadrant,16667959,56590425,114069279,2026-09-27 08:08:16.996000,COMPLETED,EPISODE_TYPE_PUBLIC,0,94952,Otter Vibe,16760569,56596320,1,91906,1,2787.8,2500-2800,2026-09-27T06,seat0_2500-2800
7,Fourth Quadrant,16667959,56590425,114160710,2026-09-27 12:19:50.005000,COMPLETED,EPISODE_TYPE_PUBLIC,0,97544,We wanna be tomatos,16632327,56603409,1,89307,1,2786.7,2500-2800,2026-09-27T12,seat0_2500-2800
7,Fourth Quadrant,16667959,56590425,113956621,2026-09-27 02:38:50.750000,COMPLETED,EPISODE_TYPE_PUBLIC,0,116023,ymg_aq,16732403,56584340,1,113494,1,2758.0,2500-2800,2026-09-27T00,seat0_2500-2800
7,Fourth Quadrant,16667959,56590425,113927518,2026-09-27 01:16:35.699000,COMPLETED,EPISODE_TYPE_PUBLIC,0,120904,istinetz,16632021,56520762,1,100851,1,2631.1,2500-2800,2026-09-27T00,seat0_2500-2800
7,Fourth Quadrant,16667959,56590425,113946049,2026-09-27 02:07:00.619000,COMPLETED,EPISODE_TYPE_PUBLIC,0,98239,by,16740405,56591264,1,82035,1,2693.5,2500-2800,2026-09-27T00,seat0_2500-2800
7,Fourth Quadrant,16667959,56590425,114082406,2026-09-27 08:44:09.792000,COMPLETED,EPISODE_TYPE_PUBLIC,0,116849,M & M & P & Q,16681125,56570008,1,103623,1,2983.3,>2800,2026-09-27T06,seat0_>2800
7,Fourth Quadrant,16667959,56590425,114163421,2026-09-27 12:30:59.066000,COMPLETED,EPISODE_TYPE_PUBLIC,0,122084,Just A game on your lips,16657750,56602011,1,115047,1,2907.5,>2800,2026-09-27T12,seat0_>2800
7,Fourth Quadrant,16667959,56590425,114046016,2026-09-27 07:05:38.919000,COMPLETED,EPISODE_TYPE_PUBLIC,0,80985,Majkel1337,16718819,56577255,1,77518,1,2965.5,>2800,2026-09-27T06,seat0_>2800
7,Fourth Quadrant,16667959,56590425,114057343,2026-09-27 07:34:00.642000,COMPLETED,EPISODE_TYPE_PUBLIC,0,75433,DECEM,16623559,56595297,1,83667,0,3054.5,>2800,2026-09-27T06,seat0_>2800
7,Fourth Quadrant,16667959,56590425,114082408,2026-09-27 08:43:35.948000,COMPLETED,EPISODE_TYPE_PUBLIC,0,94946,mtmr_s1,16758882,56576075,1,82651,1,2836.3,>2800,2026-09-27T06,seat0_>2800
7,Fourth Quadrant,16667959,56590425,113888548,2026-09-26 23:13:05.649000,COMPLETED,EPISODE_TYPE_PUBLIC,1,158096,2023314806_이승민,16795609,55974934,0,57109,1,514.0,<2500,2026-09-26T18,seat1_<2500
7,Fourth Quadrant,16667959,56590425,113899853,2026-09-26 23:47:23.296000,COMPLETED,EPISODE_TYPE_PUBLIC,1,92892,SAURABH VISHWAKARMA,16839343,56236366,0,63870,1,1136.4,<2500,2026-09-26T18,seat1_<2500
7,Fourth Quadrant,16667959,56590425,113893564,2026-09-26 23:27:01.203000,COMPLETED,EPISODE_TYPE_PUBLIC,1,134417,Parag,16669273,55311865,0,78025,1,746.6,<2500,2026-09-26T18,seat1_<2500
7,Fourth Quadrant,16667959,56590425,113891024,2026-09-26 23:17:53.622000,COMPLETED,EPISODE_TYPE_PUBLIC,1,73417,Anish,16664221,55447021,0,29701,1,663.4,<2500,2026-09-26T18,seat1_<2500
7,Fourth Quadrant,16667959,56590425,113916823,2026-09-27 00:37:33.971000,COMPLETED,EPISODE_TYPE_PUBLIC,1,86035,songling,16677423,56533011,0,81790,1,2226.4,<2500,2026-09-27T00,seat1_<2500
7,Fourth Quadrant,16667959,56590425,113906281,2026-09-27 00:07:59.243000,COMPLETED,EPISODE_TYPE_PUBLIC,1,102112,tetsuya & yuanzhe & guoqin,16623716,56590518,0,99923,1,2751.9,2500-2800,2026-09-27T00,seat1_2500-2800
7,Fourth Quadrant,16667959,56590425,113930208,2026-09-27 01:18:00.258000,COMPLETED,EPISODE_TYPE_PUBLIC,1,91442,QQ农场,16750416,56508347,0,73049,1,2535.2,2500-2800,2026-09-27T00,seat1_2500-2800
7,Fourth Quadrant,16667959,56590425,113941028,2026-09-27 01:52:00.673000,COMPLETED,EPISODE_TYPE_PUBLIC,1,79411,Yannik Schiffner,16760701,56590069,0,69452,1,2747.8,2500-2800,2026-09-27T00,seat1_2500-2800
7,Fourth Quadrant,16667959,56590425,113936828,2026-09-27 01:36:38.874000,COMPLETED,EPISODE_TYPE_PUBLIC,1,80258,by,16740405,56591264,0,73097,1,2693.5,2500-2800,2026-09-27T00,seat1_2500-2800
7,Fourth Quadrant,16667959,56590425,113951317,2026-09-27 02:21:50.994000,COMPLETED,EPISODE_TYPE_PUBLIC,1,118080,yumizu,16758244,56554925,0,93843,1,2503.9,2500-2800,2026-09-27T00,seat1_2500-2800
7,Fourth Quadrant,16667959,56590425,114162360,2026-09-27 12:24:23.247000,COMPLETED,EPISODE_TYPE_PUBLIC,1,100655,Just A game on your lips,16657750,56602011,0,101729,0,2907.5,>2800,2026-09-27T12,seat1_>2800
7,Fourth Quadrant,16667959,56590425,114102869,2026-09-27 09:39:32.703000,COMPLETED,EPISODE_TYPE_PUBLIC,1,85034,Unknown Mother-Goose,16730612,56580983,0,86939,0,2933.9,>2800,2026-09-27T06,seat1_>2800
7,Fourth Quadrant,16667959,56590425,114153517,2026-09-27 11:56:24.456000,COMPLETED,EPISODE_TYPE_PUBLIC,1,78708,Yizhou,16712258,56603018,0,77028,1,2830.6,>2800,2026-09-27T06,seat1_>2800
7,Fourth Quadrant,16667959,56590425,114092642,2026-09-27 09:10:05.863000,COMPLETED,EPISODE_TYPE_PUBLIC,1,56898,My second life,16730357,56590212,0,64971,0,2838.3,>2800,2026-09-27T06,seat1_>2800
7,Fourth Quadrant,16667959,56590425,114059117,2026-09-27 07:41:05.299000,COMPLETED,EPISODE_TYPE_PUBLIC,1,80671,Just A game on your lips,16657750,56575571,0,82979,0,2907.5,>2800,2026-09-27T06,seat1_>2800
8,Just A game on your lips,16657750,56602011,114071287,2026-09-27 08:11:44.719000,COMPLETED,EPISODE_TYPE_PUBLIC,0,110472,Natalia Mawyin,16688642,56031258,1,62545,1,1052.0,<2500,2026-09-27T06,seat0_<2500
8,Just A game on your lips,16657750,56602011,114095452,2026-09-27 09:20:41.682000,COMPLETED,EPISODE_TYPE_PUBLIC,0,91514,Stefano Blando,16732666,56551713,1,74609,1,2088.1,<2500,2026-09-27T06,seat0_<2500
8,Just A game on your lips,16657750,56602011,114077061,2026-09-27 08:29:23.584000,COMPLETED,EPISODE_TYPE_PUBLIC,0,107218,Karthik Nambiar,16869555,56245626,1,92209,1,1297.7,<2500,2026-09-27T06,seat0_<2500
8,Just A game on your lips,16657750,56602011,114087194,2026-09-27 08:56:08.427000,COMPLETED,EPISODE_TYPE_PUBLIC,0,95618,JinchengZhang1,16625921,56594270,1,75031,1,1775.8,<2500,2026-09-27T06,seat0_<2500
8,Just A game on your lips,16657750,56602011,114094525,2026-09-27 09:16:53.669000,COMPLETED,EPISODE_TYPE_PUBLIC,0,138848,KIT0,16948957,56549992,1,120895,1,2054.5,<2500,2026-09-27T06,seat0_<2500
8,Just A game on your lips,16657750,56602011,114121202,2026-09-27 10:28:07.449000,COMPLETED,EPISODE_TYPE_PUBLIC,0,114249,HowardLeeTW,16690867,56602288,1,100755,1,2783.8,2500-2800,2026-09-27T06,seat0_2500-2800
8,Just A game on your lips,16657750,56602011,114093041,2026-09-27 09:13:20.824000,COMPLETED,EPISODE_TYPE_PUBLIC,0,114937,LS,16850509,56591722,1,93258,1,2564.1,2500-2800,2026-09-27T06,seat0_2500-2800
8,Just A game on your lips,16657750,56602011,114135884,2026-09-27 11:13:00.012000,COMPLETED,EPISODE_TYPE_PUBLIC,0,122399,marwar22,16864314,56507022,1,114973,1,2738.1,2500-2800,2026-09-27T06,seat0_2500-2800
8,Just A game on your lips,16657750,56602011,114118243,2026-09-27 10:22:26.783000,COMPLETED,EPISODE_TYPE_PUBLIC,0,109671,feel the agi,16805699,56584428,1,89384,1,2719.1,2500-2800,2026-09-27T06,seat0_2500-2800
8,Just A game on your lips,16657750,56602011,114112358,2026-09-27 10:08:15.669000,COMPLETED,EPISODE_TYPE_PUBLIC,0,79548,feel the agi,16805699,56582790,1,79490,1,2719.1,2500-2800,2026-09-27T06,seat0_2500-2800
8,Just A game on your lips,16657750,56602011,114166786,2026-09-27 12:35:30.698000,COMPLETED,EPISODE_TYPE_PUBLIC,0,95224,KawattaTaido,16654697,56590457,1,94533,1,2885.0,>2800,2026-09-27T12,seat0_>2800
8,Just A game on your lips,16657750,56602011,114160879,2026-09-27 12:17:37.738000,COMPLETED,EPISODE_TYPE_PUBLIC,0,86943,Majkel1337,16718819,56577122,1,84684,1,2965.5,>2800,2026-09-27T12,seat0_>2800
8,Just A game on your lips,16657750,56602011,114162360,2026-09-27 12:24:23.247000,COMPLETED,EPISODE_TYPE_PUBLIC,0,101729,Fourth Quadrant,16667959,56590425,1,100655,1,2917.4,>2800,2026-09-27T12,seat0_>2800
8,Just A game on your lips,16657750,56602011,114169731,2026-09-27 12:40:42.245000,COMPLETED,EPISODE_TYPE_PUBLIC,0,87176,Majkel1337,16718819,56577122,1,87427,0,2965.5,>2800,2026-09-27T12,seat0_>2800
8,Just A game on your lips,16657750,56602011,114167035,2026-09-27 12:36:58.908000,COMPLETED,EPISODE_TYPE_PUBLIC,0,113830,Vadim Vasilenko,16770421,56589197,1,114933,0,2951.3,>2800,2026-09-27T12,seat0_>2800
8,Just A game on your lips,16657750,56602011,114097532,2026-09-27 09:26:32.248000,COMPLETED,EPISODE_TYPE_PUBLIC,1,123010,Haramball forever!,16624934,56529161,0,103287,1,2448.4,<2500,2026-09-27T06,seat1_<2500
8,Just A game on your lips,16657750,56602011,114100530,2026-09-27 09:31:28.448000,COMPLETED,EPISODE_TYPE_PUBLIC,1,116261,tofu1002,16891283,56597242,0,95264,1,2381.7,<2500,2026-09-27T06,seat1_<2500
8,Just A game on your lips,16657750,56602011,114078742,2026-09-27 08:36:04.907000,COMPLETED,EPISODE_TYPE_PUBLIC,1,107304,lalal2006,16866458,56485388,0,72778,1,1607.4,<2500,2026-09-27T06,seat1_<2500
8,Just A game on your lips,16657750,56602011,114103742,2026-09-27 09:42:52.243000,COMPLETED,EPISODE_TYPE_PUBLIC,1,73374,Giulio Ravasio,16674508,56400366,0,52788,1,2457.0,<2500,2026-09-27T06,seat1_<2500
8,Just A game on your lips,16657750,56602011,114075602,2026-09-27 08:27:50.114000,COMPLETED,EPISODE_TYPE_PUBLIC,1,116671,T88,16635065,56066243,0,81833,1,1078.9,<2500,2026-09-27T06,seat1_<2500
8,Just A game on your lips,16657750,56602011,114150567,2026-09-27 11:49:14.971000,COMPLETED,EPISODE_TYPE_PUBLIC,1,108035,IsaiahP,16709127,56586654,0,98400,1,2747.8,2500-2800,2026-09-27T06,seat1_2500-2800
8,Just A game on your lips,16657750,56602011,114106491,2026-09-27 09:52:12.712000,COMPLETED,EPISODE_TYPE_PUBLIC,1,87979,ready or not here i come,16784691,56584172,0,79545,1,2662.8,2500-2800,2026-09-27T06,seat1_2500-2800
8,Just A game on your lips,16657750,56602011,114119718,2026-09-27 10:27:02.802000,COMPLETED,EPISODE_TYPE_PUBLIC,1,134119,Victor @ Tufa Labs,16621497,56566913,0,132782,1,2769.6,2500-2800,2026-09-27T06,seat1_2500-2800
8,Just A game on your lips,16657750,56602011,114134598,2026-09-27 11:08:36.706000,COMPLETED,EPISODE_TYPE_PUBLIC,1,113093,ymg_aq,16732403,56584354,0,105107,1,2758.0,2500-2800,2026-09-27T06,seat1_2500-2800
8,Just A game on your lips,16657750,56602011,114127067,2026-09-27 10:48:00.342000,COMPLETED,EPISODE_TYPE_PUBLIC,1,115181,Kaggledew Valley 🏆,16633132,56598665,0,109180,1,2760.6,2500-2800,2026-09-27T06,seat1_2500-2800
8,Just A game on your lips,16657750,56602011,114165320,2026-09-27 12:33:55.283000,COMPLETED,EPISODE_TYPE_PUBLIC,1,97711,TheEggman,16887437,56582043,0,91819,1,2837.5,>2800,2026-09-27T12,seat1_>2800
8,Just A game on your lips,16657750,56602011,114163421,2026-09-27 12:30:59.066000,COMPLETED,EPISODE_TYPE_PUBLIC,1,115047,Fourth Quadrant,16667959,56590425,0,122084,0,2917.4,>2800,2026-09-27T12,seat1_>2800
8,Just A game on your lips,16657750,56602011,114153623,2026-09-27 12:01:08.009000,COMPLETED,EPISODE_TYPE_PUBLIC,1,116245,Majkel1337,16718819,56577122,0,114004,1,2965.5,>2800,2026-09-27T12,seat1_>2800
8,Just A game on your lips,16657750,56602011,114159703,2026-09-27 12:15:54.582000,COMPLETED,EPISODE_TYPE_PUBLIC,1,73771,有辣条有权,16624026,56597625,0,73760,1,2863.3,>2800,2026-09-27T12,seat1_>2800
8,Just A game on your lips,16657750,56602011,114155937,2026-09-27 12:05:38.174000,COMPLETED,EPISODE_TYPE_PUBLIC,1,97913,My second life,16730357,56602463,0,94540,1,2838.3,>2800,2026-09-27T12,seat1_>2800
9,Anton Tikhonov,16628664,56587629,113871281,2026-09-26 22:15:10.345000,COMPLETED,EPISODE_TYPE_PUBLIC,0,108617,Thai,16728910,56570828,1,71593,1,2477.3,<2500,2026-09-26T18,seat0_<2500
9,Anton Tikhonov,16628664,56587629,113854963,2026-09-26 21:22:09.457000,COMPLETED,EPISODE_TYPE_PUBLIC,0,123712,Sergey Kutepov,16661743,56555853,1,103111,1,1869.4,<2500,2026-09-26T18,seat0_<2500
9,Anton Tikhonov,16628664,56587629,113873774,2026-09-26 22:20:45.017000,COMPLETED,EPISODE_TYPE_PUBLIC,0,108840,datnt114,16623458,56537019,1,95118,1,2469.3,<2500,2026-09-26T18,seat0_<2500
9,Anton Tikhonov,16628664,56587629,113840181,2026-09-26 20:33:43.176000,COMPLETED,EPISODE_TYPE_PUBLIC,0,112044,Ali Haydar Özdağ,16695182,55375477,1,54436,1,759.1,<2500,2026-09-26T18,seat0_<2500
9,Anton Tikhonov,16628664,56587629,113865012,2026-09-26 21:50:51.379000,COMPLETED,EPISODE_TYPE_PUBLIC,0,94414,L1a0JH,16751061,56545058,1,74132,1,2403.3,<2500,2026-09-26T18,seat0_<2500
9,Anton Tikhonov,16628664,56587629,113919983,2026-09-27 00:45:03.241000,COMPLETED,EPISODE_TYPE_PUBLIC,0,114336,marwar22,16864314,56501104,1,106920,1,2738.1,2500-2800,2026-09-27T00,seat0_2500-2800
9,Anton Tikhonov,16628664,56587629,113993918,2026-09-27 04:31:26.952000,COMPLETED,EPISODE_TYPE_PUBLIC,0,127328,We wanna be tomatos,16632327,56586163,1,134010,0,2786.7,2500-2800,2026-09-27T00,seat0_2500-2800
9,Anton Tikhonov,16628664,56587629,113913335,2026-09-27 00:27:32.900000,COMPLETED,EPISODE_TYPE_PUBLIC,0,121283,THIRD FARM CLUB,16730524,56520754,1,125161,0,2787.2,2500-2800,2026-09-27T00,seat0_2500-2800
9,Anton Tikhonov,16628664,56587629,113993849,2026-09-27 04:29:55.779000,COMPLETED,EPISODE_TYPE_PUBLIC,0,114146,Kaggledew Valley 🏆,16633132,56575503,1,112446,1,2760.6,2500-2800,2026-09-27T00,seat0_2500-2800
9,Anton Tikhonov,16628664,56587629,113893753,2026-09-26 23:26:58.824000,COMPLETED,EPISODE_TYPE_PUBLIC,0,112796,🐚seek inspiration🐚,16793083,56579338,1,107411,1,2739.3,2500-2800,2026-09-26T18,seat0_2500-2800
9,Anton Tikhonov,16628664,56587629,114140638,2026-09-27 11:21:23.391000,COMPLETED,EPISODE_TYPE_PUBLIC,0,72161,mtmr_s1,16758882,56600449,1,67599,1,2836.3,>2800,2026-09-27T06,seat0_>2800
9,Anton Tikhonov,16628664,56587629,114166771,2026-09-27 12:32:19.915000,COMPLETED,EPISODE_TYPE_PUBLIC,0,106082,Vadim Vasilenko,16770421,56602695,1,110633,0,2951.3,>2800,2026-09-27T12,seat0_>2800
9,Anton Tikhonov,16628664,56587629,114122670,2026-09-27 10:33:03.106000,COMPLETED,EPISODE_TYPE_PUBLIC,0,106376,My second life,16730357,56602463,1,110851,0,2838.3,>2800,2026-09-27T06,seat0_>2800
9,Anton Tikhonov,16628664,56587629,114156471,2026-09-27 12:02:23.838000,COMPLETED,EPISODE_TYPE_PUBLIC,0,99626,Yizhou,16712258,56603018,1,98683,1,2830.6,>2800,2026-09-27T12,seat0_>2800
9,Anton Tikhonov,16628664,56587629,114048932,2026-09-27 07:08:05.079000,COMPLETED,EPISODE_TYPE_PUBLIC,0,119641,Just A game on your lips,16657750,56593470,1,120830,0,2907.5,>2800,2026-09-27T06,seat0_>2800
9,Anton Tikhonov,16628664,56587629,113859376,2026-09-26 21:32:22.859000,COMPLETED,EPISODE_TYPE_PUBLIC,1,117034,𝕯𝖊𝖔𝖉𝖎𝖒𝖘 & 𝕮𝖔,16781445,56580340,0,101614,1,2306.9,<2500,2026-09-26T18,seat1_<2500
9,Anton Tikhonov,16628664,56587629,113857441,2026-09-26 21:27:02.610000,COMPLETED,EPISODE_TYPE_PUBLIC,1,92593,Ali Alghaithi,16670210,56546193,0,74178,1,1955.4,<2500,2026-09-26T18,seat1_<2500
9,Anton Tikhonov,16628664,56587629,113842622,2026-09-26 20:38:29.443000,COMPLETED,EPISODE_TYPE_PUBLIC,1,154708,Thái Văn Tài,16665294,56469731,0,132356,1,1168.5,<2500,2026-09-26T18,seat1_<2500
9,Anton Tikhonov,16628664,56587629,113834002,2026-09-26 20:13:39.639000,COMPLETED,EPISODE_TYPE_PUBLIC,1,137949,Taha Alselwi,16796509,56585086,0,61293,1,607.6,<2500,2026-09-26T18,seat1_<2500
9,Anton Tikhonov,16628664,56587629,113862519,2026-09-26 21:45:11.690000,COMPLETED,EPISODE_TYPE_PUBLIC,1,93532,Iskander Yusupov,16840509,56553373,0,76302,1,2191.2,<2500,2026-09-26T18,seat1_<2500
9,Anton Tikhonov,16628664,56587629,114098435,2026-09-27 09:25:35.154000,COMPLETED,EPISODE_TYPE_PUBLIC,1,120513,THIRD FARM CLUB,16730524,56539374,0,121572,0,2787.2,2500-2800,2026-09-27T06,seat1_2500-2800
9,Anton Tikhonov,16628664,56587629,113917303,2026-09-27 00:37:28.638000,COMPLETED,EPISODE_TYPE_PUBLIC,1,110124,Breaking1800,16734901,56571572,0,99517,1,2698.6,2500-2800,2026-09-27T00,seat1_2500-2800
9,Anton Tikhonov,16628664,56587629,114035844,2026-09-27 06:33:08.268000,COMPLETED,EPISODE_TYPE_PUBLIC,1,134816,THIRD FARM CLUB,16730524,56539374,0,127120,1,2787.2,2500-2800,2026-09-27T06,seat1_2500-2800
9,Anton Tikhonov,16628664,56587629,113943977,2026-09-27 01:57:08.586000,COMPLETED,EPISODE_TYPE_PUBLIC,1,122707,Kaggledew Valley 🏆,16633132,56577352,0,124651,0,2760.6,2500-2800,2026-09-27T00,seat1_2500-2800
9,Anton Tikhonov,16628664,56587629,113917664,2026-09-27 00:36:44.395000,COMPLETED,EPISODE_TYPE_PUBLIC,1,100286,🐚seek inspiration🐚,16793083,56579338,0,96919,1,2739.3,2500-2800,2026-09-27T00,seat1_2500-2800
9,Anton Tikhonov,16628664,56587629,114167015,2026-09-27 12:33:38.786000,COMPLETED,EPISODE_TYPE_PUBLIC,1,83415,Majkel1337,16718819,56577255,0,80972,1,2965.5,>2800,2026-09-27T12,seat1_>2800
9,Anton Tikhonov,16628664,56587629,114126093,2026-09-27 10:41:40.505000,COMPLETED,EPISODE_TYPE_PUBLIC,1,88586,Unknown Mother-Goose,16730612,56593706,0,99282,0,2933.9,>2800,2026-09-27T06,seat1_>2800
9,Anton Tikhonov,16628664,56587629,114025945,2026-09-27 06:05:02.752000,COMPLETED,EPISODE_TYPE_PUBLIC,1,131902,Azat Akhtyamov,16743356,56561951,0,139252,0,2872.7,>2800,2026-09-27T06,seat1_>2800
9,Anton Tikhonov,16628664,56587629,113921312,2026-09-27 00:47:47.834000,COMPLETED,EPISODE_TYPE_PUBLIC,1,126950,Azat Akhtyamov,16743356,56561951,0,131118,0,2872.7,>2800,2026-09-27T00,seat1_>2800
9,Anton Tikhonov,16628664,56587629,114109973,2026-09-27 09:57:03.679000,COMPLETED,EPISODE_TYPE_PUBLIC,1,104829,DECEM,16623559,56595297,0,119503,0,3054.5,>2800,2026-09-27T06,seat1_>2800
10,KawattaTaido,16654697,56590457,113908934,2026-09-27 00:10:40.184000,COMPLETED,EPISODE_TYPE_PUBLIC,0,106876,Nguyễn Công Tuấn,16858418,56526828,1,87243,1,2007.4,<2500,2026-09-27T00,seat0_<2500
10,KawattaTaido,16654697,56590457,113894717,2026-09-26 23:27:17.780000,COMPLETED,EPISODE_TYPE_PUBLIC,0,142863,Prajwal Dongre,16695556,56381910,1,100817,1,1066.1,<2500,2026-09-26T18,seat0_<2500
10,KawattaTaido,16654697,56590457,113910281,2026-09-27 00:15:02.079000,COMPLETED,EPISODE_TYPE_PUBLIC,0,94491,cmasch,16632715,56584158,1,65502,1,2032.3,<2500,2026-09-27T00,seat0_<2500
10,KawattaTaido,16654697,56590457,113886100,2026-09-26 22:57:27.574000,COMPLETED,EPISODE_TYPE_PUBLIC,0,129711,InformaBook2,16677597,56138016,1,59075,1,573.2,<2500,2026-09-26T18,seat0_<2500
10,KawattaTaido,16654697,56590457,113911969,2026-09-27 00:18:18.201000,COMPLETED,EPISODE_TYPE_PUBLIC,0,140803,darasty,16701768,56588416,1,99095,1,2405.7,<2500,2026-09-27T00,seat0_<2500
10,KawattaTaido,16654697,56590457,113926297,2026-09-27 01:04:55.851000,COMPLETED,EPISODE_TYPE_PUBLIC,0,128099,Fedor,16677342,56581443,1,114349,1,2505.3,2500-2800,2026-09-27T00,seat0_2500-2800
10,KawattaTaido,16654697,56590457,113934265,2026-09-27 01:27:31.501000,COMPLETED,EPISODE_TYPE_PUBLIC,0,132290,marwar22,16864314,56507022,1,117657,1,2738.1,2500-2800,2026-09-27T00,seat0_2500-2800
10,KawattaTaido,16654697,56590457,113928951,2026-09-27 01:07:50.944000,COMPLETED,EPISODE_TYPE_PUBLIC,0,84338,yumizu,16758244,56554925,1,68921,1,2503.9,2500-2800,2026-09-27T00,seat0_2500-2800
10,KawattaTaido,16654697,56590457,113939522,2026-09-27 01:40:39.794000,COMPLETED,EPISODE_TYPE_PUBLIC,0,112566,Navier-stokes,16891058,56536296,1,96285,1,2637.9,2500-2800,2026-09-27T00,seat0_2500-2800
10,KawattaTaido,16654697,56590457,113927881,2026-09-27 01:05:54.616000,COMPLETED,EPISODE_TYPE_PUBLIC,0,101842,huaiyuyoung,16871381,56575146,1,81719,1,2668.2,2500-2800,2026-09-27T00,seat0_2500-2800
10,KawattaTaido,16654697,56590457,114099944,2026-09-27 09:34:53.248000,COMPLETED,EPISODE_TYPE_PUBLIC,0,81360,Fourth Quadrant,16667959,56590425,1,71747,1,2917.4,>2800,2026-09-27T06,seat0_>2800
10,KawattaTaido,16654697,56590457,114035792,2026-09-27 06:31:51.915000,COMPLETED,EPISODE_TYPE_PUBLIC,0,116320,M & M & P & Q,16681125,56594027,1,121853,0,2983.3,>2800,2026-09-27T06,seat0_>2800
10,KawattaTaido,16654697,56590457,114105788,2026-09-27 09:41:38.648000,COMPLETED,EPISODE_TYPE_PUBLIC,0,128078,Majkel1337,16718819,56577122,1,118014,1,2965.5,>2800,2026-09-27T06,seat0_>2800
10,KawattaTaido,16654697,56590457,114054548,2026-09-27 07:27:45.270000,COMPLETED,EPISODE_TYPE_PUBLIC,0,131758,Arda Ceylan,16673205,56595701,1,126268,1,2852.0,>2800,2026-09-27T06,seat0_>2800
10,KawattaTaido,16654697,56590457,114114404,2026-09-27 10:06:59.245000,COMPLETED,EPISODE_TYPE_PUBLIC,0,78640,Unknown Mother-Goose,16730612,56593706,1,82223,0,2933.9,>2800,2026-09-27T06,seat0_>2800
10,KawattaTaido,16654697,56590457,113897186,2026-09-26 23:35:12.863000,COMPLETED,EPISODE_TYPE_PUBLIC,1,146620,yotsutose,16708880,56101215,0,118697,1,1160.9,<2500,2026-09-26T18,seat1_<2500
10,KawattaTaido,16654697,56590457,113905598,2026-09-26 23:59:06.169000,COMPLETED,EPISODE_TYPE_PUBLIC,1,85582,PP_Azalearn,16675344,56568577,0,67414,1,1764.0,<2500,2026-09-26T18,seat1_<2500
10,KawattaTaido,16654697,56590457,113891059,2026-09-26 23:15:25.982000,COMPLETED,EPISODE_TYPE_PUBLIC,1,142950,Henghan Dong,16864558,56505793,0,92012,1,2468.6,<2500,2026-09-26T18,seat1_<2500
10,KawattaTaido,16654697,56590457,113901045,2026-09-26 23:46:30.657000,COMPLETED,EPISODE_TYPE_PUBLIC,1,102619,Zengr1,16895926,56301715,0,54441,1,1407.1,<2500,2026-09-26T18,seat1_<2500
10,KawattaTaido,16654697,56590457,113888528,2026-09-26 23:06:34.792000,COMPLETED,EPISODE_TYPE_PUBLIC,1,126662,iiTz_AK,16672264,55527371,0,67409,1,664.1,<2500,2026-09-26T18,seat1_<2500
10,KawattaTaido,16654697,56590457,114089656,2026-09-27 08:57:22.786000,COMPLETED,EPISODE_TYPE_PUBLIC,1,102333,Excluding,16671741,56588326,0,87689,1,2694.8,2500-2800,2026-09-27T06,seat1_2500-2800
10,KawattaTaido,16654697,56590457,113943487,2026-09-27 01:54:06.024000,COMPLETED,EPISODE_TYPE_PUBLIC,1,107252,We wanna be tomatos,16632327,56586163,0,102877,1,2786.7,2500-2800,2026-09-27T00,seat1_2500-2800
10,KawattaTaido,16654697,56590457,113923647,2026-09-27 00:52:17.749000,COMPLETED,EPISODE_TYPE_PUBLIC,1,103213,keiz,16767215,56583240,0,87503,1,2730.6,2500-2800,2026-09-27T00,seat1_2500-2800
10,KawattaTaido,16654697,56590457,113919698,2026-09-27 00:42:01.727000,COMPLETED,EPISODE_TYPE_PUBLIC,1,100525,unreal,16806195,56590061,0,96865,1,2633.6,2500-2800,2026-09-27T00,seat1_2500-2800
10,KawattaTaido,16654697,56590457,113932941,2026-09-27 01:24:48.381000,COMPLETED,EPISODE_TYPE_PUBLIC,1,133389,RS Turley,16672709,56481968,0,114651,1,2610.0,2500-2800,2026-09-27T00,seat1_2500-2800
10,KawattaTaido,16654697,56590457,114166786,2026-09-27 12:35:30.698000,COMPLETED,EPISODE_TYPE_PUBLIC,1,94533,Just A game on your lips,16657750,56602011,0,95224,0,2907.5,>2800,2026-09-27T12,seat1_>2800
10,KawattaTaido,16654697,56590457,114158199,2026-09-27 12:06:09.064000,COMPLETED,EPISODE_TYPE_PUBLIC,1,76334,Anton Tikhonov,16628664,56602878,0,77224,0,2887.0,>2800,2026-09-27T12,seat1_>2800
10,KawattaTaido,16654697,56590457,114114108,2026-09-27 10:07:00.656000,COMPLETED,EPISODE_TYPE_PUBLIC,1,93006,atsushi11o7,16730326,56599450,0,91739,1,2838.4,>2800,2026-09-27T06,seat1_>2800
10,KawattaTaido,16654697,56590457,114127085,2026-09-27 10:43:49.500000,COMPLETED,EPISODE_TYPE_PUBLIC,1,97682,DECEM,16623559,56601866,0,107055,0,3054.5,>2800,2026-09-27T06,seat1_>2800
10,KawattaTaido,16654697,56590457,114069226,2026-09-27 08:06:40.642000,COMPLETED,EPISODE_TYPE_PUBLIC,1,77883,Anton Tikhonov,16628664,56587629,0,79494,0,2887.0,>2800,2026-09-27T06,seat1_>2800
11,Azat Akhtyamov,16743356,56561951,113505388,2026-09-26 01:29:01.774000,COMPLETED,EPISODE_TYPE_PUBLIC,0,114377,Batuhan Ustun,16669911,56552418,1,105228,1,2499.4,<2500,2026-09-26T00,seat0_<2500
11,Azat Akhtyamov,16743356,56561951,113472349,2026-09-25 23:36:16.550000,COMPLETED,EPISODE_TYPE_PUBLIC,0,155375,Jiahan Cao,16685722,55451094,1,0.0,1,489.0,<2500,2026-09-25T18,seat0_<2500
11,Azat Akhtyamov,16743356,56561951,113498967,2026-09-26 01:10:13.528000,COMPLETED,EPISODE_TYPE_PUBLIC,0,97563,Tom&Jerry,16777134,56551368,1,87689,1,2439.7,<2500,2026-09-26T00,seat0_<2500
11,Azat Akhtyamov,16743356,56561951,113495341,2026-09-26 00:54:37.230000,COMPLETED,EPISODE_TYPE_PUBLIC,0,146106,Emre,16638651,56561703,1,141171,1,2441.1,<2500,2026-09-26T00,seat0_<2500
11,Azat Akhtyamov,16743356,56561951,113496557,2026-09-26 01:02:03.012000,COMPLETED,EPISODE_TYPE_PUBLIC,0,100542,Ryoya Tsuruoka,16729280,56546982,1,102179,0,1849.4,<2500,2026-09-26T00,seat0_<2500
11,Azat Akhtyamov,16743356,56561951,113937355,2026-09-27 01:36:27.331000,COMPLETED,EPISODE_TYPE_PUBLIC,0,77458,tetsuya & yuanzhe & guoqin,16623716,56579962,1,78165,0,2751.9,2500-2800,2026-09-27T00,seat0_2500-2800
11,Azat Akhtyamov,16743356,56561951,113763522,2026-09-26 16:13:00.461000,COMPLETED,EPISODE_TYPE_PUBLIC,0,93531,tetsuya & yuanzhe & guoqin,16623716,56579962,1,87354,1,2751.9,2500-2800,2026-09-26T12,seat0_2500-2800
11,Azat Akhtyamov,16743356,56561951,113822268,2026-09-26 19:33:06.465000,COMPLETED,EPISODE_TYPE_PUBLIC,0,118489,THIRD FARM CLUB,16730524,56539374,1,112413,1,2787.2,2500-2800,2026-09-26T18,seat0_2500-2800
11,Azat Akhtyamov,16743356,56561951,114085297,2026-09-27 08:48:56.502000,COMPLETED,EPISODE_TYPE_PUBLIC,0,104839,THIRD FARM CLUB,16730524,56539374,1,103750,1,2787.2,2500-2800,2026-09-27T06,seat0_2500-2800
11,Azat Akhtyamov,16743356,56561951,113993852,2026-09-27 04:27:12.719000,COMPLETED,EPISODE_TYPE_PUBLIC,0,124992,Kaggledew Valley 🏆,16633132,56577352,1,118750,1,2760.6,2500-2800,2026-09-27T00,seat0_2500-2800
11,Azat Akhtyamov,16743356,56561951,113624027,2026-09-26 08:17:49.890000,COMPLETED,EPISODE_TYPE_PUBLIC,0,89573,Vadim Vasilenko,16770421,56556874,1,92433,0,2951.3,>2800,2026-09-26T06,seat0_>2800
11,Azat Akhtyamov,16743356,56561951,113900782,2026-09-26 23:47:27.272000,COMPLETED,EPISODE_TYPE_PUBLIC,0,79058,Just A game on your lips,16657750,56567463,1,74744,1,2907.5,>2800,2026-09-26T18,seat0_>2800
11,Azat Akhtyamov,16743356,56561951,113766487,2026-09-26 16:23:11.816000,COMPLETED,EPISODE_TYPE_PUBLIC,0,131552,Yizhou,16712258,56576165,1,128569,1,2830.6,>2800,2026-09-26T12,seat0_>2800
11,Azat Akhtyamov,16743356,56561951,114120001,2026-09-27 10:20:25.948000,COMPLETED,EPISODE_TYPE_PUBLIC,0,85216,atsushi11o7,16730326,56599450,1,83495,1,2838.4,>2800,2026-09-27T06,seat0_>2800
11,Azat Akhtyamov,16743356,56561951,113629111,2026-09-26 08:39:52.821000,COMPLETED,EPISODE_TYPE_PUBLIC,0,111995,Fourth Quadrant,16667959,56555493,1,114142,0,2917.4,>2800,2026-09-26T06,seat0_>2800
11,Azat Akhtyamov,16743356,56561951,113476558,2026-09-25 23:53:36.371000,COMPLETED,EPISODE_TYPE_PUBLIC,1,133716,Danilo Sepúlveda,16679237,55307323,0,74358,1,739.2,<2500,2026-09-25T18,seat1_<2500
11,Azat Akhtyamov,16743356,56561951,113477680,2026-09-25 23:56:23.852000,COMPLETED,EPISODE_TYPE_PUBLIC,1,133470,4H,16740263,56558038,0,75727,1,1851.0,<2500,2026-09-25T18,seat1_<2500
11,Azat Akhtyamov,16743356,56561951,113473511,2026-09-25 23:37:05.659000,COMPLETED,EPISODE_TYPE_PUBLIC,1,121567,Louras,16770724,55770373,0,52598,1,693.4,<2500,2026-09-25T18,seat1_<2500
11,Azat Akhtyamov,16743356,56561951,113492904,2026-09-26 00:50:22.320000,COMPLETED,EPISODE_TYPE_PUBLIC,1,100249,Blu3s,16730065,56558378,0,81417,1,2459.8,<2500,2026-09-26T00,seat1_<2500
11,Azat Akhtyamov,16743356,56561951,113474660,2026-09-25 23:47:37.230000,COMPLETED,EPISODE_TYPE_PUBLIC,1,107664,KAIWALYA RAUT,16667245,55268859,0,56904,1,751.8,<2500,2026-09-25T18,seat1_<2500
11,Azat Akhtyamov,16743356,56561951,113657022,2026-09-26 10:12:53.610000,COMPLETED,EPISODE_TYPE_PUBLIC,1,109905,THIRD FARM CLUB,16730524,56539374,0,109079,1,2787.2,2500-2800,2026-09-26T06,seat1_2500-2800
11,Azat Akhtyamov,16743356,56561951,113854273,2026-09-26 21:14:58.052000,COMPLETED,EPISODE_TYPE_PUBLIC,1,80767,ymg_aq,16732403,56584340,0,68800,1,2758.0,2500-2800,2026-09-26T18,seat1_2500-2800
11,Azat Akhtyamov,16743356,56561951,113751085,2026-09-26 15:29:37.683000,COMPLETED,EPISODE_TYPE_PUBLIC,1,87835,tetsuya & yuanzhe & guoqin,16623716,56568628,0,83514,1,2751.9,2500-2800,2026-09-26T12,seat1_2500-2800
11,Azat Akhtyamov,16743356,56561951,113943923,2026-09-27 01:54:47.766000,COMPLETED,EPISODE_TYPE_PUBLIC,1,85574,We wanna be tomatos,16632327,56586153,0,72063,1,2786.7,2500-2800,2026-09-27T00,seat1_2500-2800
11,Azat Akhtyamov,16743356,56561951,113667211,2026-09-26 10:44:49.504000,COMPLETED,EPISODE_TYPE_PUBLIC,1,92637,DSM,16732748,56571979,0,102085,0,2728.1,2500-2800,2026-09-26T06,seat1_2500-2800
11,Azat Akhtyamov,16743356,56561951,114160869,2026-09-27 12:15:55.019000,COMPLETED,EPISODE_TYPE_PUBLIC,1,99603,Vadim Vasilenko,16770421,56602695,0,109693,0,2951.3,>2800,2026-09-27T12,seat1_>2800
11,Azat Akhtyamov,16743356,56561951,114144703,2026-09-27 11:38:11.990000,COMPLETED,EPISODE_TYPE_PUBLIC,1,80077,Just A game on your lips,16657750,56602011,0,80644,0,2907.5,>2800,2026-09-27T06,seat1_>2800
11,Azat Akhtyamov,16743356,56561951,113848622,2026-09-26 20:57:56.324000,COMPLETED,EPISODE_TYPE_PUBLIC,1,111799,Anton Tikhonov,16628664,56580565,0,118048,0,2887.0,>2800,2026-09-26T18,seat1_>2800
11,Azat Akhtyamov,16743356,56561951,113970141,2026-09-27 03:15:38.882000,COMPLETED,EPISODE_TYPE_PUBLIC,1,109326,Vadim Vasilenko,16770421,56589197,0,116187,0,2951.3,>2800,2026-09-27T00,seat1_>2800
11,Azat Akhtyamov,16743356,56561951,114075091,2026-09-27 08:19:39.027000,COMPLETED,EPISODE_TYPE_PUBLIC,1,83973,Unknown Mother-Goose,16730612,56580983,0,89408,0,2933.9,>2800,2026-09-27T06,seat1_>2800
12,有辣条有权,16624026,56597625,114001073,2026-09-27 04:50:20.160000,COMPLETED,EPISODE_TYPE_PUBLIC,0,138863,ZKH-Harness,16914530,56318521,1,76566,1,1327.0,<2500,2026-09-27T00,seat0_<2500
12,有辣条有权,16624026,56597625,114032664,2026-09-27 06:23:54.918000,COMPLETED,EPISODE_TYPE_PUBLIC,0,119952,tetsu2131,16636536,56595846,1,114823,1,2435.7,<2500,2026-09-27T06,seat0_<2500
12,有辣条有权,16624026,56597625,114006256,2026-09-27 05:07:30.475000,COMPLETED,EPISODE_TYPE_PUBLIC,0,92060,银龙,16735253,55918395,1,57918,1,1063.4,<2500,2026-09-27T00,seat0_<2500
12,有辣条有权,16624026,56597625,114033752,2026-09-27 06:29:02.837000,COMPLETED,EPISODE_TYPE_PUBLIC,0,111288,yuya,16811224,56592484,1,91333,1,2387.2,<2500,2026-09-27T06,seat0_<2500
12,有辣条有权,16624026,56597625,114019483,2026-09-27 05:47:42.599000,COMPLETED,EPISODE_TYPE_PUBLIC,0,117141,E-Max AI,16918941,56584490,1,101909,1,2067.7,<2500,2026-09-27T00,seat0_<2500
12,有辣条有权,16624026,56597625,114099630,2026-09-27 09:30:13.565000,COMPLETED,EPISODE_TYPE_PUBLIC,0,58881,elmo,16811307,56596607,1,55145,1,2772.8,2500-2800,2026-09-27T06,seat0_2500-2800
12,有辣条有权,16624026,56597625,114067283,2026-09-27 07:59:24.513000,COMPLETED,EPISODE_TYPE_PUBLIC,0,90042,ymg_aq,16732403,56584354,1,86341,1,2758.0,2500-2800,2026-09-27T06,seat0_2500-2800
12,有辣条有权,16624026,56597625,114052658,2026-09-27 07:19:44.320000,COMPLETED,EPISODE_TYPE_PUBLIC,0,106882,ymg_aq,16732403,56584340,1,101929,1,2758.0,2500-2800,2026-09-27T06,seat0_2500-2800
12,有辣条有权,16624026,56597625,114077615,2026-09-27 08:27:10.930000,COMPLETED,EPISODE_TYPE_PUBLIC,0,118979,Xuanhao Wang,16930465,56576472,1,97722,1,2624.3,2500-2800,2026-09-27T06,seat0_2500-2800
12,有辣条有权,16624026,56597625,114038729,2026-09-27 06:42:03.037000,COMPLETED,EPISODE_TYPE_PUBLIC,0,113446,Zain96,16621154,56515382,1,97346,1,2609.7,2500-2800,2026-09-27T06,seat0_2500-2800
12,有辣条有权,16624026,56597625,114159703,2026-09-27 12:15:54.582000,COMPLETED,EPISODE_TYPE_PUBLIC,0,73760,Just A game on your lips,16657750,56602011,1,73771,0,2907.5,>2800,2026-09-27T12,seat0_>2800
12,有辣条有权,16624026,56597625,114098143,2026-09-27 09:22:13.228000,COMPLETED,EPISODE_TYPE_PUBLIC,0,85560,吃白饭的大肥鱼,16854176,56506820,1,81631,1,2813.2,>2800,2026-09-27T06,seat0_>2800
12,有辣条有权,16624026,56597625,114051536,2026-09-27 07:16:19.129000,COMPLETED,EPISODE_TYPE_PUBLIC,0,100869,yuto083,16623697,56595388,1,95202,1,2800.5,>2800,2026-09-27T06,seat0_>2800
12,有辣条有权,16624026,56597625,114136257,2026-09-27 11:07:21.718000,COMPLETED,EPISODE_TYPE_PUBLIC,0,106128,Vadim Vasilenko,16770421,56589197,1,110637,0,2951.3,>2800,2026-09-27T06,seat0_>2800
12,有辣条有权,16624026,56597625,114059979,2026-09-27 07:44:22.437000,COMPLETED,EPISODE_TYPE_PUBLIC,0,86753,Fourth Quadrant,16667959,56590418,1,89897,0,2917.4,>2800,2026-09-27T06,seat0_>2800
12,有辣条有权,16624026,56597625,114015430,2026-09-27 05:33:40.025000,COMPLETED,EPISODE_TYPE_PUBLIC,1,151625,David Wang,16858207,56480418,0,126082,1,1778.3,<2500,2026-09-27T00,seat1_<2500
12,有辣条有权,16624026,56597625,114019932,2026-09-27 05:46:20.646000,COMPLETED,EPISODE_TYPE_PUBLIC,1,131501,monsaraida,16804022,56596048,0,109010,1,2118.5,<2500,2026-09-27T00,seat1_<2500
12,有辣条有权,16624026,56597625,114008876,2026-09-27 05:15:30.917000,COMPLETED,EPISODE_TYPE_PUBLIC,1,102550,parker tan,16865554,56328046,0,90700,1,1353.8,<2500,2026-09-27T00,seat1_<2500
12,有辣条有权,16624026,56597625,114023578,2026-09-27 05:59:01.022000,COMPLETED,EPISODE_TYPE_PUBLIC,1,88723,songling,16677423,56595248,0,66104,1,2226.4,<2500,2026-09-27T00,seat1_<2500
12,有辣条有权,16624026,56597625,113997159,2026-09-27 04:39:31.213000,COMPLETED,EPISODE_TYPE_PUBLIC,1,167964,Aashir Noman,16809371,56324952,0,71737,1,656.5,<2500,2026-09-27T00,seat1_<2500
12,有辣条有权,16624026,56597625,114065898,2026-09-27 07:57:56.497000,COMPLETED,EPISODE_TYPE_PUBLIC,1,95090,Syed Asad Ali,16685634,56595847,0,89755,1,2721.2,2500-2800,2026-09-27T06,seat1_2500-2800
12,有辣条有权,16624026,56597625,114040998,2026-09-27 06:49:24.911000,COMPLETED,EPISODE_TYPE_PUBLIC,1,119349,Orbital Terraformer,16675778,56573336,0,104047,1,2689.7,2500-2800,2026-09-27T06,seat1_2500-2800
12,有辣条有权,16624026,56597625,114036634,2026-09-27 06:38:27.319000,COMPLETED,EPISODE_TYPE_PUBLIC,1,106919,istinetz,16632021,56520762,0,89462,1,2631.1,2500-2800,2026-09-27T06,seat1_2500-2800
12,有辣条有权,16624026,56597625,114037269,2026-09-27 06:36:07.098000,COMPLETED,EPISODE_TYPE_PUBLIC,1,97199,ra5anchor,16693965,56573055,0,87389,1,2618.3,2500-2800,2026-09-27T06,seat1_2500-2800
12,有辣条有权,16624026,56597625,114039732,2026-09-27 06:45:30.536000,COMPLETED,EPISODE_TYPE_PUBLIC,1,81879,sekai013,16752196,56579498,0,83200,0,2766.4,2500-2800,2026-09-27T06,seat1_2500-2800
12,有辣条有权,16624026,56597625,114102618,2026-09-27 09:39:36.243000,COMPLETED,EPISODE_TYPE_PUBLIC,1,110099,Densike,16660137,56598742,0,107269,1,2806.0,>2800,2026-09-27T06,seat1_>2800
12,有辣条有权,16624026,56597625,114117324,2026-09-27 10:19:07.655000,COMPLETED,EPISODE_TYPE_PUBLIC,1,75666,Fourth Quadrant,16667959,56590425,0,80142,0,2917.4,>2800,2026-09-27T06,seat1_>2800
12,有辣条有权,16624026,56597625,114101160,2026-09-27 09:33:09.594000,COMPLETED,EPISODE_TYPE_PUBLIC,1,104364,TheEggman,16887437,56593130,0,101225,1,2837.5,>2800,2026-09-27T06,seat1_>2800
12,有辣条有权,16624026,56597625,114061446,2026-09-27 07:46:09.906000,COMPLETED,EPISODE_TYPE_PUBLIC,1,87962,mtmr_s1,16758882,56576075,0,88431,0,2836.3,>2800,2026-09-27T06,seat1_>2800
12,有辣条有权,16624026,56597625,114094008,2026-09-27 09:14:48.731000,COMPLETED,EPISODE_TYPE_PUBLIC,1,98419,flg,16763230,56548499,0,92781,1,2800.4,>2800,2026-09-27T06,seat1_>2800
