file,seat,team,rank
replays/114062496.json.gz,0,DECEM,1
replays/114070082.json.gz,0,DECEM,1
replays/114068327.json.gz,0,DECEM,1
replays/114074105.json.gz,0,DECEM,1
replays/114059653.json.gz,0,DECEM,1
replays/114103455.json.gz,0,DECEM,1
replays/114100602.json.gz,0,DECEM,1
replays/114116817.json.gz,0,DECEM,1
replays/114088846.json.gz,0,DECEM,1
replays/114109453.json.gz,0,DECEM,1
replays/114168262.json.gz,0,DECEM,1
replays/114159009.json.gz,0,DECEM,1
replays/114162351.json.gz,0,DECEM,1
replays/114166777.json.gz,0,DECEM,1
replays/114112376.json.gz,0,DECEM,1
replays/114071212.json.gz,1,DECEM,1
replays/114075548.json.gz,1,DECEM,1
replays/114077001.json.gz,1,DECEM,1
replays/114056790.json.gz,1,DECEM,1
replays/114087343.json.gz,1,DECEM,1
replays/114093096.json.gz,1,DECEM,1
replays/114099119.json.gz,1,DECEM,1
replays/114107990.json.gz,1,DECEM,1
replays/114106539.json.gz,1,DECEM,1
replays/114104269.json.gz,1,DECEM,1
replays/114154983.json.gz,1,DECEM,1
replays/114160868.json.gz,1,DECEM,1
replays/114165311.json.gz,1,DECEM,1
replays/114156236.json.gz,1,DECEM,1
replays/112879208.json.gz,0,Boey,2
replays/112934311.json.gz,0,Boey,2
replays/112897751.json.gz,0,Boey,2
replays/112882631.json.gz,0,Boey,2
replays/113032166.json.gz,0,Boey,2
replays/113208346.json.gz,0,Boey,2
replays/113409426.json.gz,0,Boey,2
replays/112880347.json.gz,1,Boey,2
replays/112883767.json.gz,1,Boey,2
replays/112894264.json.gz,1,Boey,2
replays/112891809.json.gz,1,Boey,2
replays/112913105.json.gz,1,Boey,2
replays/113388406.json.gz,1,Boey,2
replays/113503353.json.gz,1,Boey,2
replays/113985943.json.gz,1,Boey,2
replays/113361507.json.gz,1,Boey,2
replays/113117685.json.gz,1,Boey,2
replays/113626776.json.gz,1,Boey,2
replays/113948378.json.gz,0,M & M & P & Q,3
replays/113954906.json.gz,0,M & M & P & Q,3
replays/113969563.json.gz,0,M & M & P & Q,3
replays/113962845.json.gz,0,M & M & P & Q,3
replays/113964170.json.gz,0,M & M & P & Q,3
replays/113966834.json.gz,0,M & M & P & Q,3
replays/113981613.json.gz,0,M & M & P & Q,3
replays/113973525.json.gz,0,M & M & P & Q,3
replays/113980137.json.gz,0,M & M & P & Q,3
replays/114158294.json.gz,0,M & M & P & Q,3
replays/114029949.json.gz,0,M & M & P & Q,3
replays/114024130.json.gz,0,M & M & P & Q,3
replays/114033175.json.gz,0,M & M & P & Q,3
replays/113960147.json.gz,1,M & M & P & Q,3
replays/113937970.json.gz,1,M & M & P & Q,3
replays/113936677.json.gz,1,M & M & P & Q,3
replays/113952276.json.gz,1,M & M & P & Q,3
replays/113939242.json.gz,1,M & M & P & Q,3
replays/113998743.json.gz,1,M & M & P & Q,3
replays/113977518.json.gz,1,M & M & P & Q,3
replays/113984132.json.gz,1,M & M & P & Q,3
replays/114025527.json.gz,1,M & M & P & Q,3
replays/114035792.json.gz,1,M & M & P & Q,3
replays/114126077.json.gz,1,M & M & P & Q,3
replays/113675008.json.gz,0,Majkel1337,4
replays/113700925.json.gz,0,Majkel1337,4
replays/113677334.json.gz,0,Majkel1337,4
replays/113708055.json.gz,0,Majkel1337,4
replays/113685483.json.gz,0,Majkel1337,4
replays/113822354.json.gz,0,Majkel1337,4
replays/113703282.json.gz,0,Majkel1337,4
replays/114034324.json.gz,0,Majkel1337,4
replays/114092612.json.gz,0,Majkel1337,4
replays/114126094.json.gz,0,Majkel1337,4
replays/113707054.json.gz,1,Majkel1337,4
replays/113679712.json.gz,1,Majkel1337,4
replays/113692509.json.gz,1,Majkel1337,4
replays/113673862.json.gz,1,Majkel1337,4
replays/113688989.json.gz,1,Majkel1337,4
replays/113890825.json.gz,1,Majkel1337,4
replays/113863116.json.gz,1,Majkel1337,4
replays/114161170.json.gz,1,Majkel1337,4
replays/114114528.json.gz,1,Majkel1337,4
replays/114061801.json.gz,1,Majkel1337,4
replays/113889862.json.gz,0,Vadim Vasilenko,5
replays/113886089.json.gz,0,Vadim Vasilenko,5
replays/113868672.json.gz,0,Vadim Vasilenko,5
replays/113877299.json.gz,0,Vadim Vasilenko,5
replays/113863747.json.gz,0,Vadim Vasilenko,5
replays/113925145.json.gz,0,Vadim Vasilenko,5
replays/113891032.json.gz,0,Vadim Vasilenko,5
replays/113898724.json.gz,0,Vadim Vasilenko,5
replays/113905153.json.gz,0,Vadim Vasilenko,5
replays/113898824.json.gz,0,Vadim Vasilenko,5
replays/114051836.json.gz,0,Vadim Vasilenko,5
replays/113976995.json.gz,0,Vadim Vasilenko,5
replays/113861239.json.gz,1,Vadim Vasilenko,5
replays/113872357.json.gz,1,Vadim Vasilenko,5
replays/113878533.json.gz,1,Vadim Vasilenko,5
replays/113882315.json.gz,1,Vadim Vasilenko,5
replays/113888952.json.gz,1,Vadim Vasilenko,5
replays/113909358.json.gz,1,Vadim Vasilenko,5
replays/114167035.json.gz,1,Vadim Vasilenko,5
replays/113922510.json.gz,1,Vadim Vasilenko,5
replays/114092613.json.gz,1,Vadim Vasilenko,5
replays/114001728.json.gz,1,Vadim Vasilenko,5
replays/113957680.json.gz,0,Unknown Mother-Goose,6
replays/113966993.json.gz,0,Unknown Mother-Goose,6
replays/113956340.json.gz,0,Unknown Mother-Goose,6
replays/113941832.json.gz,0,Unknown Mother-Goose,6
replays/113943127.json.gz,0,Unknown Mother-Goose,6
replays/113984239.json.gz,0,Unknown Mother-Goose,6
replays/113997500.json.gz,0,Unknown Mother-Goose,6
replays/113982905.json.gz,0,Unknown Mother-Goose,6
replays/113974326.json.gz,0,Unknown Mother-Goose,6
replays/113978906.json.gz,0,Unknown Mother-Goose,6
replays/114069236.json.gz,0,Unknown Mother-Goose,6
replays/114162340.json.gz,0,Unknown Mother-Goose,6
replays/114126133.json.gz,0,Unknown Mother-Goose,6
replays/113936631.json.gz,1,Unknown Mother-Goose,6
replays/113953615.json.gz,1,Unknown Mother-Goose,6
replays/113939195.json.gz,1,Unknown Mother-Goose,6
replays/113940524.json.gz,1,Unknown Mother-Goose,6
replays/113959388.json.gz,1,Unknown Mother-Goose,6
replays/113969661.json.gz,1,Unknown Mother-Goose,6
replays/114001490.json.gz,1,Unknown Mother-Goose,6
replays/113976275.json.gz,1,Unknown Mother-Goose,6
replays/113970976.json.gz,1,Unknown Mother-Goose,6
replays/114166754.json.gz,1,Unknown Mother-Goose,6
replays/114089627.json.gz,1,Unknown Mother-Goose,6
replays/114154989.json.gz,1,Unknown Mother-Goose,6
replays/113911530.json.gz,0,Fourth Quadrant,7
replays/113889821.json.gz,0,Fourth Quadrant,7
replays/113906232.json.gz,0,Fourth Quadrant,7
replays/113901090.json.gz,0,Fourth Quadrant,7
replays/113926250.json.gz,0,Fourth Quadrant,7
replays/114069279.json.gz,0,Fourth Quadrant,7
replays/114160710.json.gz,0,Fourth Quadrant,7
replays/113956621.json.gz,0,Fourth Quadrant,7
replays/113927518.json.gz,0,Fourth Quadrant,7
replays/113946049.json.gz,0,Fourth Quadrant,7
replays/114082406.json.gz,0,Fourth Quadrant,7
replays/114163421.json.gz,0,Fourth Quadrant,7
replays/114046016.json.gz,0,Fourth Quadrant,7
replays/114082408.json.gz,0,Fourth Quadrant,7
replays/113888548.json.gz,1,Fourth Quadrant,7
replays/113899853.json.gz,1,Fourth Quadrant,7
replays/113893564.json.gz,1,Fourth Quadrant,7
replays/113891024.json.gz,1,Fourth Quadrant,7
replays/113916823.json.gz,1,Fourth Quadrant,7
replays/113906281.json.gz,1,Fourth Quadrant,7
replays/113930208.json.gz,1,Fourth Quadrant,7
replays/113941028.json.gz,1,Fourth Quadrant,7