submission,submission_id,episode_id,end_time,seat,our_bank,opp_bank,margin,won,opp_team,opp_submission,opp_rating_at_the_time,opp_band
"nikaangukia_meroni.py (Stephane, Step1009)",56681229,115353758,2026-09-29 18:30:29.966000,0,64640,65362,-722,0,Sourabh Nirwanevht,56682388,1787.6,<2000
"nikaangukia_meroni.py (Stephane, Step1009)",56681229,115352347,2026-09-29 18:26:58.811000,0,90964,91342,-378,0,xmkevin2004,56660239,2152.1,2000-2500
"nikaangukia_meroni.py (Stephane, Step1009)",56681229,115350946,2026-09-29 18:23:04.694000,1,109624,109395,229,1,Anay Garodia,56511089,1732.7,<2000
"nikaangukia_meroni.py (Stephane, Step1009)",56681229,115349518,2026-09-29 18:19:46.513000,0,80640,79517,1123,1,tkm7510,56566861,1706.2,<2000
"nikaangukia_meroni.py (Stephane, Step1009)",56681229,115348126,2026-09-29 18:15:57.293000,1,105991,110395,-4404,0,ykhnkf,56532904,1703.1,<2000
"nikaangukia_meroni.py (Stephane, Step1009)",56681229,115346740,2026-09-29 18:12:28.768000,1,135207,133316,1891,1,Ispagiytiy,56676498,2124.2,2000-2500
"nikaangukia_meroni.py (Stephane, Step1009)",56681229,115345921,2026-09-29 18:06:57.604000,0,80685,81426,-741,0,Rojiomote,56678100,1970.5,<2000
"nikaangukia_meroni.py (Stephane, Step1009)",56681229,115345280,2026-09-29 18:06:03.094000,1,60010,60010,0,0.5,HongchenDai,56677259,1796.1,<2000
"nikaangukia_meroni.py (Stephane, Step1009)",56681229,115343923,2026-09-29 18:03:04.041000,1,129003,129003,0,0.5,Shadow Es,56647781,1954.7,<2000
"nikaangukia_meroni.py (Stephane, Step1009)",56681229,115342527,2026-09-29 17:59:43.779000,0,119041,119174,-133,0,Max64738CB,56679958,1737.4,<2000
"nikaangukia_meroni.py (Stephane, Step1009)",56681229,115341125,2026-09-29 17:54:08.080000,0,84502,83155,1347,1,Maksym Bilychenko,56559792,1676.0,<2000
"nikaangukia_meroni.py (Stephane, Step1009)",56681229,115339672,2026-09-29 17:52:59.154000,0,109741,109741,0,0.5,lixusb,56635864,1833.4,<2000
"nikaangukia_meroni.py (Stephane, Step1009)",56681229,115340510,2026-09-29 17:50:55.429000,1,87295,87320,-25,0,tobhull,56661838,1896.9,<2000
"nikaangukia_meroni.py (Stephane, Step1009)",56681229,115339879,2026-09-29 17:49:48.565000,1,90031,90400,-369,0,K S VIJAYARAAGHAVAN,56679957,2038.8,2000-2500
"nikaangukia_meroni.py (Stephane, Step1009)",56681229,115338708,2026-09-29 17:49:16.988000,1,81747,84470,-2723,0,uns.t,56679091,1808.5,<2000
"nikaangukia_meroni.py (Stephane, Step1009)",56681229,115338201,2026-09-29 17:46:17.923000,0,102743,101448,1295,1,Eugen Nekhai,56615223,1688.3,<2000
"nikaangukia_meroni.py (Stephane, Step1009)",56681229,115336850,2026-09-29 17:42:03.165000,0,103261,103261,0,0.5,edchax,56619812,1783.2,<2000
"nikaangukia_meroni.py (Stephane, Step1009)",56681229,115335410,2026-09-29 17:38:20.549000,1,83606,83879,-273,0,Talvenn,56674195,1791.1,<2000
"nikaangukia_meroni.py (Stephane, Step1009)",56681229,115333979,2026-09-29 17:34:35.718000,1,68887,68887,0,0.5,Daiki Takahashi,56675020,1779.7,<2000
"nikaangukia_meroni.py (Stephane, Step1009)",56681229,115332565,2026-09-29 17:29:44.012000,1,74425,74425,0,0.5,Firdannn,56673755,1826.1,<2000
"nikaangukia_meroni.py (Stephane, Step1009)",56681229,115331118,2026-09-29 17:26:49.115000,0,116389,115620,769,1,Lisan al-Gaib,56603650,1675.5,<2000
"nikaangukia_meroni.py (Stephane, Step1009)",56681229,115329635,2026-09-29 17:22:10.944000,1,111340,113883,-2543,0,sadanamaru,56671924,2307.6,2000-2500
"nikaangukia_meroni.py (Stephane, Step1009)",56681229,115328654,2026-09-29 17:20:33.364000,1,70292,75420,-5128,0,Farmer,56678112,2345.6,2000-2500
"nikaangukia_meroni.py (Stephane, Step1009)",56681229,115328108,2026-09-29 17:19:17.803000,0,126419,126419,0,0.5,Firdannn,56673755,1826.1,<2000
"nikaangukia_meroni.py (Stephane, Step1009)",56681229,115328380,2026-09-29 17:19:09.592000,0,69039,68672,367,1,wahaka,56680289,1879.2,<2000
"nikaangukia_meroni.py (Stephane, Step1009)",56681229,115326686,2026-09-29 17:13:18.130000,1,92087,93438,-1351,0,Grim Reaper,56658351,2175.5,2000-2500
"nikaangukia_meroni.py (Stephane, Step1009)",56681229,115325293,2026-09-29 17:09:20.262000,1,113252,113252,0,0.5,Chattso-GPT (Yasuhito Yanagisawa),56658638,1871.2,<2000
"nikaangukia_meroni.py (Stephane, Step1009)",56681229,115323846,2026-09-29 17:05:29.653000,1,111313,109946,1367,1,JackChenghao,56629584,1831.7,<2000
"nikaangukia_meroni.py (Stephane, Step1009)",56681229,115322418,2026-09-29 17:01:45.863000,1,86052,98709,-12657,0,jjamppongmandu,56670717,1929.0,<2000
"nikaangukia_meroni.py (Stephane, Step1009)",56681229,115319557,2026-09-29 16:58:29.827000,1,101052,99715,1337,1,QQ Farming,56680438,1999.2,<2000
"nikaangukia_meroni.py (Stephane, Step1009)",56681229,115320995,2026-09-29 16:58:00.944000,0,84799,84799,0,0.5,SUBHASH B,56631250,1820.4,<2000
"nikaangukia_meroni.py (Stephane, Step1009)",56681229,115318155,2026-09-29 16:52:43.229000,0,108828,108828,0,0.5,辽大之光,56610890,1824.8,<2000
"nikaangukia_meroni.py (Stephane, Step1009)",56681229,115318984,2026-09-29 16:51:46.462000,1,67492,67566,-74,0,wuwuwu,56677524,1740.2,<2000
"nikaangukia_meroni.py (Stephane, Step1009)",56681229,115316766,2026-09-29 16:48:21.514000,1,70930,70455,475,1,Lonan Syayf,56671665,1673.8,<2000
"nikaangukia_meroni.py (Stephane, Step1009)",56681229,115315354,2026-09-29 16:44:30.734000,1,118799,116597,2202,1,hatakazu93,56673973,1800.1,<2000
"nikaangukia_meroni.py (Stephane, Step1009)",56681229,115314279,2026-09-29 16:38:18.919000,0,107071,105915,1156,1,linyifangzhenshuai,56680017,1479.9,<2000
"nikaangukia_meroni.py (Stephane, Step1009)",56681229,115314002,2026-09-29 16:37:04.689000,1,98222,96406,1816,1,Ela,56393126,1450.7,<2000
"nikaangukia_meroni.py (Stephane, Step1009)",56681229,115312621,2026-09-29 16:36:41.508000,0,111989,99981,12008,1,Jaso1024,56134689,1166.0,<2000
"nikaangukia_meroni.py (Stephane, Step1009)",56681229,115311246,2026-09-29 16:30:01.092000,0,127707,104384,23323,1,Joe Muller,56598303,1865.8,<2000
"nikaangukia_meroni.py (Stephane, Step1009)",56681229,115309896,2026-09-29 16:25:44.741000,1,128659,104304,24355,1,Trezerg,56112442,1084.6,<2000
"nikaangukia_meroni.py (Stephane, Step1009)",56681229,115308667,2026-09-29 16:22:32.311000,1,145109,116497,28612,1,federico battello,56146794,828.4,<2000
"nikaangukia_meroni.py (Stephane, Step1009)",56681229,115307123,2026-09-29 16:19:44.769000,1,164273,99702,64571,1,Reinforcement Forgetting,56527000,1230.6,<2000
"nikaangukia_meroni.py (Stephane, Step1009)",56681229,115305815,2026-09-29 16:13:30.083000,0,120039,88672,31367,1,XristosFilip,55605118,903.9,<2000
"nikaangukia_meroni.py (Stephane, Step1009)",56681229,115304420,2026-09-29 16:10:59.117000,0,140362,72379,67983,1,Sujal Agarwal2301,55366382,615.7,<2000
"nikaangukia_meroni.py (Stephane, Step1009)",56681229,115303042,2026-09-29 16:05:59.040000,0,127240,53865,73375,1,jenninglim,55710318,583.4,<2000
"tetsu_step1009_full.py (Stephane, Step1009)",56645467,115350194,2026-09-29 18:19:38.013000,1,110269,109654,615,1,dddmd,56597330,1761.0,<2000
"tetsu_step1009_full.py (Stephane, Step1009)",56645467,115335395,2026-09-29 17:40:32.734000,0,64159,64158,1,1,YuyaSuzuki,56681303,1805.6,<2000
"tetsu_step1009_full.py (Stephane, Step1009)",56645467,115335105,2026-09-29 17:35:06.831000,1,109767,109767,0,0.5,我的AI是豆包,56642981,1688.4,<2000
"tetsu_step1009_full.py (Stephane, Step1009)",56645467,115320427,2026-09-29 16:53:52.998000,1,112616,111248,1368,1,XuanxuChem,56676717,1807.8,<2000
"tetsu_step1009_full.py (Stephane, Step1009)",56645467,115316438,2026-09-29 16:42:54.960000,0,63914,64278,-364,0,doubao,56570583,2085.4,2000-2500
"tetsu_step1009_full.py (Stephane, Step1009)",56645467,115314715,2026-09-29 16:37:17.403000,1,74347,74347,0,0.5,ShadowT_T,56678248,1338.4,<2000
"tetsu_step1009_full.py (Stephane, Step1009)",56645467,115312031,2026-09-29 16:33:34.045000,1,129000,129120,-120,0,JAZ COLD HORN,56676321,2102.3,2000-2500
"tetsu_step1009_full.py (Stephane, Step1009)",56645467,115308922,2026-09-29 16:22:36.755000,1,99828,100006,-178,0,Tariq Alyami,56676210,1809.9,<2000
"tetsu_step1009_full.py (Stephane, Step1009)",56645467,115302126,2026-09-29 16:04:36.856000,1,86861,86861,0,0.5,Imdadul hasan hamim,56676077,1784.7,<2000
"tetsu_step1009_full.py (Stephane, Step1009)",56645467,115302064,2026-09-29 16:01:06.414000,0,88039,87421,618,1,Krizsó Gergely,56677133,1732.4,<2000
"tetsu_step1009_full.py (Stephane, Step1009)",56645467,115292021,2026-09-29 15:35:04.441000,1,105636,104019,1617,1,MarqueeMoon19770208,56654757,1606.6,<2000
"tetsu_step1009_full.py (Stephane, Step1009)",56645467,115280221,2026-09-29 14:53:44.265000,0,64589,64589,0,0.5,TakamaruEX,56644553,1710.0,<2000
"tetsu_step1009_full.py (Stephane, Step1009)",56645467,115267455,2026-09-29 14:20:34.195000,1,101486,100643,843,1,cmasch,56612594,1762.7,<2000
"tetsu_step1009_full.py (Stephane, Step1009)",56645467,115260679,2026-09-29 14:00:43.038000,1,63300,84030,-20730,0,hugghngkai,56676169,2543.9,2500-2800
"tetsu_step1009_full.py (Stephane, Step1009)",56645467,115259719,2026-09-29 13:59:14.761000,1,100227,100227,0,0.5,wadia,56673761,1786.8,<2000
"tetsu_step1009_full.py (Stephane, Step1009)",56645467,115258317,2026-09-29 13:55:34.435000,1,59479,59479,0,0.5,wadia,56673761,1786.8,<2000
"tetsu_step1009_full.py (Stephane, Step1009)",56645467,115251561,2026-09-29 13:33:32.230000,1,108855,108577,278,1,suzu10,56671681,1713.2,<2000
"tetsu_step1009_full.py (Stephane, Step1009)",56645467,115248375,2026-09-29 13:24:50.865000,0,137228,137228,0,0.5,Asuka0131_LFG,56674598,1928.2,<2000
"tetsu_step1009_full.py (Stephane, Step1009)",56645467,115245188,2026-09-29 13:17:23.615000,1,86505,85507,998,1,Raagav & Pieter,56640458,1748.3,<2000
"tetsu_step1009_full.py (Stephane, Step1009)",56645467,115242569,2026-09-29 13:11:37.488000,0,77790,77938,-148,0,KongKongDe,56674707,2111.9,2000-2500
"tetsu_step1009_full.py (Stephane, Step1009)",56645467,115232854,2026-09-29 12:43:30.737000,1,87137,87137,0,0.5,Kerem Ercin,56673926,1778.8,<2000
"tetsu_step1009_full.py (Stephane, Step1009)",56645467,115230436,2026-09-29 12:36:30.939000,0,103960,105266,-1306,0,扣扣农场,56671408,1526.6,<2000
"tetsu_step1009_full.py (Stephane, Step1009)",56645467,115224012,2026-09-29 12:17:35.452000,0,97335,97337,-2,0,julien gaza,56650396,1744.1,<2000
"tetsu_step1009_full.py (Stephane, Step1009)",56645467,115220798,2026-09-29 12:06:23.969000,0,61275,60670,605,1,Nikita Pudovkin,56669592,1761.4,<2000
"tetsu_step1009_full.py (Stephane, Step1009)",56645467,115219113,2026-09-29 12:03:30.404000,1,94688,107152,-12464,0,byncpy,56671442,2278.2,2000-2500
"tetsu_step1009_full.py (Stephane, Step1009)",56645467,115209724,2026-09-29 11:33:51.377000,0,70033,70030,3,1,Random Mambo,56665722,2108.4,2000-2500
"tetsu_step1009_full.py (Stephane, Step1009)",56645467,115205609,2026-09-29 11:24:30.802000,1,67830,80967,-13137,0,L1a0JH,56667635,2086.5,2000-2500
"tetsu_step1009_full.py (Stephane, Step1009)",56645467,115177348,2026-09-29 10:03:30.640000,1,70380,71450,-1070,0,track,56668422,2241.4,2000-2500
"tetsu_step1009_full.py (Stephane, Step1009)",56645467,115168810,2026-09-29 09:38:12.718000,1,82725,82254,471,1,Kaggs,56665737,1799.2,<2000
"tetsu_step1009_full.py (Stephane, Step1009)",56645467,115167352,2026-09-29 09:33:19.570000,1,117894,118170,-276,0,nikotin55,56667156,1817.3,<2000
"tetsu_step1009_full.py (Stephane, Step1009)",56645467,115162753,2026-09-29 09:20:43.575000,1,85409,84926,483,1,Debmalya,56661813,1740.2,<2000
"tetsu_step1009_full.py (Stephane, Step1009)",56645467,115160261,2026-09-29 09:17:05.504000,0,89346,89505,-159,0,yuki ogata,56659418,2030.2,2000-2500
"tetsu_step1009_full.py (Stephane, Step1009)",56645467,115153048,2026-09-29 08:50:55.190000,0,87852,87847,5,1,Dariush Afshar,56661518,1879.6,<2000
"tetsu_step1009_full.py (Stephane, Step1009)",56645467,115141785,2026-09-29 08:16:54.715000,1,65078,65175,-97,0,Dariush Afshar,56661518,1879.6,<2000
"tetsu_step1009_full.py (Stephane, Step1009)",56645467,115024878,2026-09-29 07:47:56.799000,1,125762,126461,-699,0,Md Boktiar Mahbub Murad,56653976,1793.5,<2000
"tetsu_step1009_full.py (Stephane, Step1009)",56645467,115020086,2026-09-29 07:43:53.313000,1,120936,120687,249,1,unhappy,56582937,1617.0,<2000
"tetsu_step1009_full.py (Stephane, Step1009)",56645467,115139760,2026-09-29 07:18:36.839000,1,86930,88864,-1934,0,Yeashu Semwal,56655879,2055.0,2000-2500
"tetsu_step1009_full.py (Stephane, Step1009)",56645467,114997141,2026-09-29 06:41:36.834000,1,142049,141834,215,1,Yaoxiang Li,56597814,1693.0,<2000
"tetsu_step1009_full.py (Stephane, Step1009)",56645467,115120309,2026-09-29 06:25:41.467000,0,79150,78165,985,1,Nightingale,56659508,1829.2,<2000
"tetsu_step1009_full.py (Stephane, Step1009)",56645467,115084316,2026-09-29 04:57:12.314000,0,104744,104995,-251,0,darasty,56656226,1929.7,<2000
"tetsu_step1009_full.py (Stephane, Step1009)",56645467,115072784,2026-09-29 04:31:28.464000,1,135632,135632,0,0.5,Michael Mueller,56657055,1857.2,<2000
"tetsu_step1009_full.py (Stephane, Step1009)",56645467,115069672,2026-09-29 04:24:21.802000,0,104609,105285,-676,0,Kostiantyn Isaienkov,56656676,1895.2,<2000
"tetsu_step1009_full.py (Stephane, Step1009)",56645467,115057868,2026-09-29 03:57:17.510000,1,92783,97191,-4408,0,KIRTAN RUPESHBHAI BHOJANI,56651208,2513.5,2500-2800
"tetsu_step1009_full.py (Stephane, Step1009)",56645467,115047903,2026-09-29 03:31:04.473000,0,101505,101037,468,1,yaya__k,56517730,1693.2,<2000
"tetsu_step1009_full.py (Stephane, Step1009)",56645467,115028303,2026-09-29 02:45:55.144000,0,85806,85806,0,0.5,MOHAMMADJAFAR ZAMANI,56655560,1932.8,<2000
"tetsu_step1009_full.py (Stephane, Step1009)",56645467,115028739,2026-09-29 02:44:31.699000,1,100503,100503,0,0.5,Infill,56651976,1850.1,<2000
"tetsu_step1009_full.py (Stephane, Step1009)",56645467,115002571,2026-09-29 01:45:55.764000,0,88269,88269,0,0.5,Luvsh81,56653741,1879.7,<2000
"tetsu_step1009_full.py (Stephane, Step1009)",56645467,114985202,2026-09-29 01:11:24.791000,1,137126,136548,578,1,UYHHHHYu,56494394,1831.4,<2000
"tetsu_step1009_full.py (Stephane, Step1009)",56645467,114963941,2026-09-29 00:30:47.091000,1,119309,119309,0,0.5,Seva Gusev,56654441,1561.4,<2000
"tetsu_step1009_full.py (Stephane, Step1009)",56645467,114964256,2026-09-29 00:28:22.707000,1,97007,97085,-78,0,keith,56653628,1803.1,<2000
"tetsu_step1009_full.py (Stephane, Step1009)",56645467,114952212,2026-09-29 00:08:56.995000,0,112043,120598,-8555,0,KIRTAN RUPESHBHAI BHOJANI,56651208,2513.5,2500-2800
"tetsu_step1009_full.py (Stephane, Step1009)",56645467,114950491,2026-09-29 00:03:30.394000,1,114894,114104,790,1,JuliaGastellu,56580266,1639.6,<2000
"tetsu_step1009_full.py (Stephane, Step1009)",56645467,114934952,2026-09-28 23:26:31.662000,0,78045,77421,624,1,Takahiro Someya,56569465,1871.3,<2000
"tetsu_step1009_full.py (Stephane, Step1009)",56645467,114918952,2026-09-28 22:44:07.482000,1,106932,107003,-71,0,Tagir Analyzes,56652354,2171.0,2000-2500
"tetsu_step1009_full.py (Stephane, Step1009)",56645467,114912684,2026-09-28 22:29:40.555000,1,95174,94980,194,1,alcanta,56646044,2252.6,2000-2500
"tetsu_step1009_full.py (Stephane, Step1009)",56645467,114903266,2026-09-28 22:07:12.780000,0,73623,72159,1464,1,Kaipeng Zheng,56641410,2278.6,2000-2500
"tetsu_step1009_full.py (Stephane, Step1009)",56645467,114894909,2026-09-28 21:43:34.230000,1,69467,69467,0,0.5,7day-enough,56650663,1846.3,<2000
"tetsu_step1009_full.py (Stephane, Step1009)",56645467,114895052,2026-09-28 21:42:54.388000,0,62555,62026,529,1,Hak,56648834,1788.2,<2000
"tetsu_step1009_full.py (Stephane, Step1009)",56645467,114889029,2026-09-28 21:29:41.990000,0,119701,118546,1155,1,naren_v,56634142,753.4,<2000
"tetsu_step1009_full.py (Stephane, Step1009)",56645467,114879531,2026-09-28 21:01:43.102000,0,80207,80207,0,0.5,Salem Ali,56649697,1968.3,<2000
"tetsu_step1009_full.py (Stephane, Step1009)",56645467,114878108,2026-09-28 21:01:17.626000,0,103813,103230,583,1,Apollo's cattles,56650566,1712.1,<2000
"tetsu_step1009_full.py (Stephane, Step1009)",56645467,114878712,2026-09-28 21:00:32.721000,1,71538,72061,-523,0,Pengfei Yan ,56638561,1874.9,<2000
"tetsu_step1009_full.py (Stephane, Step1009)",56645467,114865704,2026-09-28 20:27:13.651000,1,72581,71763,818,1,Albert Wang,56648734,1890.9,<2000
"tetsu_step1009_full.py (Stephane, Step1009)",56645467,114859824,2026-09-28 20:12:03.620000,1,79220,78417,803,1,codeWS,56601960,1694.0,<2000
"tetsu_step1009_full.py (Stephane, Step1009)",56645467,114859557,2026-09-28 20:09:27.903000,1,108025,108025,0,0.5,zhuo wamg,56646590,1673.5,<2000
"tetsu_step1009_full.py (Stephane, Step1009)",56645467,114858313,2026-09-28 20:09:11.170000,1,131187,130116,1071,1,XMHHHH,56533376,1913.5,<2000
"tetsu_step1009_full.py (Stephane, Step1009)",56645467,114856864,2026-09-28 20:05:31.839000,0,90591,91178,-587,0,suteno,56546731,1705.5,<2000
"tetsu_step1009_full.py (Stephane, Step1009)",56645467,114855372,2026-09-28 19:59:26.137000,1,118360,116634,1726,1,SeshuRaju 🧘‍♂️,56570365,1593.4,<2000
"tetsu_step1009_full.py (Stephane, Step1009)",56645467,114853921,2026-09-28 19:54:41.651000,1,138866,138736,130,1,Stefano,56641665,1852.5,<2000
"tetsu_step1009_full.py (Stephane, Step1009)",56645467,114852438,2026-09-28 19:48:29.663000,1,98591,98211,380,1,Sinh Nguyễn Đức,56500475,1626.0,<2000
"tetsu_step1009_full.py (Stephane, Step1009)",56645467,114850994,2026-09-28 19:46:34.303000,0,55098,55211,-113,0,ysd1110,56641584,2148.8,2000-2500
"tetsu_step1009_full.py (Stephane, Step1009)",56645467,114849521,2026-09-28 19:40:11.495000,1,120743,120045,698,1,Dilara Adıgüzel,56646869,1662.0,<2000
"tetsu_step1009_full.py (Stephane, Step1009)",56645467,114848217,2026-09-28 19:36:19.995000,0,103653,103632,21,1,Monruho,56643722,1856.6,<2000
"tetsu_step1009_full.py (Stephane, Step1009)",56645467,114846585,2026-09-28 19:33:00.951000,1,95007,94563,444,1,Alvaro Mendizabal,56598411,1693.2,<2000
"tetsu_step1009_full.py (Stephane, Step1009)",56645467,114845130,2026-09-28 19:31:05.743000,1,71604,71614,-10,0,Ojaswy,56647521,1960.2,<2000
"tetsu_step1009_full.py (Stephane, Step1009)",56645467,114843281,2026-09-28 19:24:01.069000,1,86872,86872,0,0.5,liama liama,56647662,1728.5,<2000
"tetsu_step1009_full.py (Stephane, Step1009)",56645467,114842215,2026-09-28 19:21:27.741000,0,90558,92258,-1700,0,Kuriboh,56601294,1688.1,<2000
"tetsu_step1009_full.py (Stephane, Step1009)",56645467,114840741,2026-09-28 19:16:13.274000,1,64683,64258,425,1,wen chong yu,56627487,1929.4,<2000
"tetsu_step1009_full.py (Stephane, Step1009)",56645467,114839259,2026-09-28 19:13:40.199000,1,118846,117835,1011,1,NycteacoBa,56610438,1556.8,<2000
"tetsu_step1009_full.py (Stephane, Step1009)",56645467,114837875,2026-09-28 19:10:34.626000,1,89061,89104,-43,0,tensorlike,56648021,1926.2,<2000
"tetsu_step1009_full.py (Stephane, Step1009)",56645467,114836338,2026-09-28 19:04:44.959000,1,75768,74835,933,1,たがやす,56520147,1606.9,<2000
"tetsu_step1009_full.py (Stephane, Step1009)",56645467,114834580,2026-09-28 19:03:23.245000,0,96775,95776,999,1,Dude and Destroy,56510724,1642.2,<2000
"tetsu_step1009_full.py (Stephane, Step1009)",56645467,114833339,2026-09-28 18:55:19.059000,1,147304,146419,885,1,Pablo César Ruíz,56502896,1577.9,<2000
"tetsu_step1009_full.py (Stephane, Step1009)",56645467,114831976,2026-09-28 18:52:24.958000,1,62713,62224,489,1,nhatvo,56478330,1599.7,<2000
"tetsu_step1009_full.py (Stephane, Step1009)",56645467,114830482,2026-09-28 18:48:05.623000,1,62432,61534,898,1,Asy Mortenson,56559179,1584.1,<2000
"tetsu_step1009_full.py (Stephane, Step1009)",56645467,114829011,2026-09-28 18:46:22.556000,0,67644,68798,-1154,0,Michael Jordan,56631952,1560.2,<2000
"tetsu_step1009_full.py (Stephane, Step1009)",56645467,114827731,2026-09-28 18:41:52.690000,1,96253,96282,-29,0,Swasembada Pangan,56507768,1645.5,<2000
"tetsu_step1009_full.py (Stephane, Step1009)",56645467,114826071,2026-09-28 18:35:59.364000,0,125888,124640,1248,1,Yang Bai,56491667,1558.2,<2000
"tetsu_step1009_full.py (Stephane, Step1009)",56645467,114824732,2026-09-28 18:31:23.527000,1,90816,90776,40,1,Camarillo Kull,56631491,1451.6,<2000
