player,player_submission,episode_id,end_time,state,player_seat,player_bank,player_rating_before,player_rating_after,opponent_name,opponent_team,opponent_submission,opponent_seat,opponent_bank,won
DSM,56409623,111652959,2026-09-21 14:38:13,COMPLETED,0,128239,3115.520008946692,3119.871123821935,Majkel1337,16718819,56407295,1,118276,1
DSM,56409623,111645359,2026-09-21 14:07:47,COMPLETED,0,92503,3111.1267639593034,3115.520008946692,Majkel1337,16718819,56407295,1,88950,1
DSM,56409623,111638537,2026-09-21 13:44:35,COMPLETED,0,109974,3107.403612866759,3111.1267639593034,ymg_aq,16732403,56416487,1,90431,1
DSM,56409623,111631683,2026-09-21 13:16:49,COMPLETED,0,129192,3103.5696940927305,3107.403612866759,Unknown Mother-Goose,16730612,56401905,1,127155,1
DSM,56409623,111624998,2026-09-21 13:02:41,COMPLETED,0,74979,3100.0185571201546,3103.5696940927305,SpaTaro,16640510,56384319,1,62944,1
DSM,56409623,111618294,2026-09-21 12:35:34,COMPLETED,0,100040,3096.477289141031,3100.0185571201546,SpaTaro,16640510,56384319,1,87179,1
DSM,56409623,111618250,2026-09-21 12:27:01,COMPLETED,0,91206,3091.9245409574987,3096.477289141031,Majkel1337,16718819,56407295,1,83695,1
DSM,56409623,111611608,2026-09-21 12:06:36,COMPLETED,0,78169,3087.8995690185197,3091.9245409574987,Unknown Mother-Goose,16730612,56401905,1,70425,1
DSM,56409623,111605012,2026-09-21 11:45:32,COMPLETED,0,143550,3084.166289442519,3087.8995690185197,SpaTaro,16640510,56384319,1,91426,1
DSM,56409623,111603805,2026-09-21 11:36:04,COMPLETED,1,111188,3080.572093520556,3084.166289442519,Vadim Vasilenko,16770421,56389384,0,89553,1
DSM,56409623,111597204,2026-09-21 11:11:36,COMPLETED,1,105609,3076.3770605825684,3080.572093520556,Vadim Vasilenko,16770421,56396983,0,95299,1
DSM,56409623,111590647,2026-09-21 10:49:29,COMPLETED,0,113759,3073.175849043079,3076.3770605825684,ymg_aq,16732403,56418775,1,96335,1
DSM,56409623,111583977,2026-09-21 10:23:22,COMPLETED,1,124869,3069.711018962089,3073.175849043079,QQ,16817528,56327925,0,111184,1
DSM,56409623,111578434,2026-09-21 10:03:13,COMPLETED,1,107377,3065.5489996984793,3069.711018962089,ymg_aq,16732403,56416487,0,93119,1
DSM,56409623,111577256,2026-09-21 09:57:54,COMPLETED,0,107049,3061.91524580681,3065.5489996984793,QQ,16817528,56327925,1,89318,1
DSM,56409623,111570578,2026-09-21 09:37:57,COMPLETED,0,109125,3057.220587922264,3061.91524580681,Vadim Vasilenko,16770421,56396983,1,99516,1
DSM,56409623,111563933,2026-09-21 09:11:08,COMPLETED,0,113099,3054.3989589567573,3057.220587922264,kwa,16739633,56392126,1,90998,1
DSM,56409623,111557260,2026-09-21 08:49:23,COMPLETED,0,99385,3050.5117782581515,3054.3989589567573,QQ,16817528,56327925,1,88820,1
DSM,56409623,111550040,2026-09-21 08:24:30,COMPLETED,1,97138,3046.834768257178,3050.5117782581515,ymg_aq,16732403,56416487,0,80829,1
DSM,56409623,111550540,2026-09-21 08:24:06,COMPLETED,0,186136,3042.2968348877494,3046.834768257178,THIRD FARM CLUB,16730524,56372014,1,180390,1
DSM,56409623,111547146,2026-09-21 08:16:11,COMPLETED,0,119094,3037.756985521315,3042.2968348877494,Unknown Mother-Goose,16730612,56401905,1,117792,1
DSM,56409623,111540496,2026-09-21 07:50:04,COMPLETED,0,103718,3032.634950105315,3037.756985521315,Vadim Vasilenko,16770421,56396983,1,91798,1
DSM,56409623,111533747,2026-09-21 07:26:13,COMPLETED,1,102793,3027.977198810947,3032.634950105315,Unknown Mother-Goose,16730612,56401905,0,96069,1
DSM,56409623,111527147,2026-09-21 07:06:15,COMPLETED,1,127595,3024.625765376672,3027.977198810947,🐚seek inspiration🐚,16793083,56407833,0,110829,1
DSM,56409623,111523636,2026-09-21 06:51:38,COMPLETED,0,144585,3020.4392061775106,3024.625765376672,Orbital Terraformer,16675778,56263779,1,127039,1
DSM,56409623,111516989,2026-09-21 06:31:28,COMPLETED,1,126674,3015.425596922888,3020.4392061775106,SpaTaro,16640510,56352346,0,113006,1
DSM,56409623,111510335,2026-09-21 06:00:29,COMPLETED,1,140275,3012.29354502592,3015.425596922888,DeeperNet,16693904,56278955,0,115337,1
DSM,56409623,111509074,2026-09-21 05:58:21,COMPLETED,0,134986,3008.1762684650653,3012.29354502592,Otter Vibe,16760569,56328447,1,106880,1
DSM,56409623,111507281,2026-09-21 05:53:14,COMPLETED,1,88916,3004.485165365355,3008.1762684650653,Arda Ceylan,16673205,56364644,0,74676,1
DSM,56409623,111507915,2026-09-21 05:52:06,COMPLETED,1,102914,3000.086687691759,3004.485165365355,Yannik Schiffner,16760701,56402567,0,88207,1
DSM,56409623,111505677,2026-09-21 05:51:49,COMPLETED,0,79951,2994.735607438664,3000.086687691759,SpaTaro,16640510,56384319,1,65340,1
DSM,56409623,111506844,2026-09-21 05:49:18,COMPLETED,1,96038,2990.557500580889,2994.735607438664,吃白饭的大肥鱼,16854176,56365258,0,84670,1
DSM,56409623,111504553,2026-09-21 05:40:17,COMPLETED,0,81971,2984.294811506504,2990.557500580889,Vadim Vasilenko,16770421,56396983,1,73200,1
DSM,56409623,111503420,2026-09-21 05:37:18,COMPLETED,1,112765,2979.954977653785,2984.294811506504,binghua,16685556,56308479,0,94784,1
DSM,56409623,111502298,2026-09-21 05:32:49,COMPLETED,1,93146,2975.3090042627255,2979.954977653785,mtmr_s1,16758882,56380335,0,78272,1
DSM,56409623,111501166,2026-09-21 05:26:59,COMPLETED,0,93482,2971.7894906086867,2975.3090042627255,RangerSnow,16923122,56400834,1,77982,1
DSM,56409623,111500309,2026-09-21 05:25:48,COMPLETED,0,130967,2964.8427627200085,2971.7894906086867,THIRD FARM CLUB,16730524,56372014,1,117952,1
DSM,56409623,111500046,2026-09-21 05:24:54,COMPLETED,1,176117,2960.7038737660173,2964.8427627200085,Dieter,16736435,56370873,0,149100,1
DSM,56409623,111498931,2026-09-21 05:21:36,COMPLETED,0,120863,2956.61271982904,2960.7038737660173,Driz Lo,16748733,56403602,1,77301,1
DSM,56409623,111497817,2026-09-21 05:15:21,COMPLETED,1,86499,2951.8906427975317,2956.61271982904,Excluding,16671741,56407797,0,70608,1
DSM,56409623,111496707,2026-09-21 05:13:16,COMPLETED,0,85507,2946.9855730818704,2951.8906427975317,DeeperNet,16693904,56278955,1,74362,1
DSM,56409623,111495581,2026-09-21 05:05:27,COMPLETED,1,115430,2940.868962909731,2946.9855730818704,Sida Zuo,16664246,56257389,0,105261,1
DSM,56409623,111494462,2026-09-21 05:03:26,COMPLETED,0,111962,2934.8512365082197,2940.868962909731,Artem The Farmer 🍅,16621799,56329409,1,88381,1
DSM,56409623,111493341,2026-09-21 05:00:51,COMPLETED,0,103672,2928.009074063574,2934.8512365082197,Sida Zuo,16664246,56263637,1,93544,1
DSM,56409623,111492235,2026-09-21 04:54:49,COMPLETED,1,116140,2921.1061231416,2928.009074063574,THUNDER THUNDER,16622198,56392823,0,93430,1
DSM,56409623,111491109,2026-09-21 04:53:38,COMPLETED,1,107027,2915.0716688146035,2921.1061231416,DeeperNet,16693904,56278955,0,92732,1
DSM,56409623,111489998,2026-09-21 04:47:24,COMPLETED,0,135549,2909.176795772033,2915.0716688146035,Ebi,16882725,56386270,1,118233,1
DSM,56409623,111488887,2026-09-21 04:44:50,COMPLETED,1,103023,2901.351578881916,2909.176795772033,QQ,16817528,56302467,0,83853,1
DSM,56409623,111487763,2026-09-21 04:36:38,COMPLETED,0,128074,2896.7233150894554,2901.351578881916,地主,16751828,56385903,1,109040,1
DSM,56409623,111486537,2026-09-21 04:35:13,COMPLETED,1,94967,2891.001395685199,2896.7233150894554,batuhan kalem,16631978,56400117,0,76150,1
DSM,56409623,111485544,2026-09-21 04:31:51,COMPLETED,1,120938,2882.4440098536934,2891.001395685199,THUNDER THUNDER,16622198,56333136,0,101210,1
DSM,56409623,111483312,2026-09-21 04:24:48,COMPLETED,0,91696,2877.5250263987764,2882.4440098536934,Congy,16810308,56406222,1,75550,1
DSM,56409623,111484412,2026-09-21 04:24:46,COMPLETED,0,127475,2870.310303926537,2877.5250263987764,chungkuangwen,16690763,56409675,1,101647,1
DSM,56409623,111482201,2026-09-21 04:23:47,COMPLETED,0,100898,2864.1767404592692,2870.310303926537,RS Turley,16672709,56407082,1,78401,1
DSM,56409623,111481086,2026-09-21 04:16:22,COMPLETED,1,120807,2857.0027899885417,2864.1767404592692,webmaking,16654091,56367522,0,100784,1
DSM,56409623,111480260,2026-09-21 04:11:04,COMPLETED,0,145039,2849.6296463653284,2857.0027899885417,Kaggriculture Agent,16644724,56407826,1,107486,1
DSM,56409623,111479960,2026-09-21 04:08:43,COMPLETED,0,123893,2840.4819652444353,2849.6296463653284,Excluding,16671741,56407693,1,99944,1
DSM,56409623,111478936,2026-09-21 04:06:12,COMPLETED,0,76718,2833.8901512298794,2840.4819652444353,HadBoumoussa's Farm 🌾,16848956,56407505,1,56510,1
DSM,56409623,111477745,2026-09-21 04:01:44,COMPLETED,1,123561,2826.529175994734,2833.8901512298794,Zhongyi Dai,16796238,56403046,0,88230,1
DSM,56409623,111476631,2026-09-21 03:58:10,COMPLETED,1,89934,2820.0295775260865,2826.529175994734,Jeryos,16732051,56403348,0,69798,1
Majkel1337,56407295,111652959,2026-09-21 14:38:13,COMPLETED,1,118276,3106.9251658083504,3102.5740509331076,DSM,16732748,56409623,0,128239,0
Majkel1337,56407295,111653122,2026-09-21 14:36:51,COMPLETED,0,102240,3104.4623856371672,3106.9251658083504,binghua,16685556,56308479,1,96892,1
Majkel1337,56407295,111646143,2026-09-21 14:10:40,COMPLETED,0,89495,3100.7303039332332,3104.4623856371672,Unknown Mother-Goose,16730612,56401905,1,89323,1
Majkel1337,56407295,111645359,2026-09-21 14:07:47,COMPLETED,1,88950,3105.123548920622,3100.7303039332332,DSM,16732748,56409623,0,92503,0
Majkel1337,56407295,111638545,2026-09-21 13:44:47,COMPLETED,0,104815,3101.4512436185914,3105.123548920622,Vadim Vasilenko,16770421,56396983,1,99845,1
Majkel1337,56407295,111631689,2026-09-21 13:17:31,COMPLETED,0,97381,3097.5842834099863,3101.4512436185914,Unknown Mother-Goose,16730612,56401905,1,92216,1
Majkel1337,56407295,111630557,2026-09-21 13:17:16,COMPLETED,1,97482,3094.08423223491,3097.5842834099863,SpaTaro,16640510,56352346,0,93001,1
Majkel1337,56407295,111624967,2026-09-21 12:54:44,COMPLETED,1,92792,3091.084758918927,3094.08423223491,Orbital Terraformer,16675778,56263779,0,79690,1
Majkel1337,56407295,111618250,2026-09-21 12:27:01,COMPLETED,1,83695,3095.6375071024595,3091.084758918927,DSM,16732748,56409623,0,91206,0
Majkel1337,56407295,111611532,2026-09-21 12:04:11,COMPLETED,0,109592,3098.6929589952083,3095.6375071024595,DSM,16732748,56401245,1,119421,0
Majkel1337,56407295,111611530,2026-09-21 12:03:13,COMPLETED,1,142301,3095.546692040345,3098.6929589952083,mtmr_s1,16758882,56390690,0,135698,1
Majkel1337,56407295,111604899,2026-09-21 11:41:46,COMPLETED,0,81097,3091.6738795252954,3095.546692040345,Vadim Vasilenko,16770421,56396983,1,75578,1
Majkel1337,56407295,111598280,2026-09-21 11:16:54,COMPLETED,0,100298,3087.78362883158,3091.6738795252954,Unknown Mother-Goose,16730612,56401905,1,98021,1
Majkel1337,56407295,111598282,2026-09-21 11:16:54,COMPLETED,1,136725,3087.78362883158,3084.8050110959857,DSM,16732748,56401245,0,143643,0
Majkel1337,56407295,111591740,2026-09-21 10:54:13,COMPLETED,0,118248,3090.8458145845584,3087.78362883158,DSM,16732748,56401245,1,121564,0
Majkel1337,56407295,111586228,2026-09-21 10:30:04,COMPLETED,1,121424,3086.9541620230953,3090.8458145845584,THIRD FARM CLUB,16730524,56395336,0,116092,1
Majkel1337,56407295,111579475,2026-09-21 10:05:53,COMPLETED,0,121100,3093.0433805195353,3086.9541620230953,Kaggledew Valley 🏆,16633132,56404080,1,121359,0
Majkel1337,56407295,111573724,2026-09-21 09:49:44,COMPLETED,0,96028,3089.1460059136098,3093.0433805195353,THIRD FARM CLUB,16730524,56395336,1,90567,1
Majkel1337,56407295,111566809,2026-09-21 09:21:47,COMPLETED,1,87715,3085.872944629666,3089.1460059136098,KawattaTaido,16654697,56417128,0,86624,1
Majkel1337,56407295,111565034,2026-09-21 09:14:47,COMPLETED,0,93754,3089.107063054995,3085.872944629666,DSM,16732748,56401245,1,93968,0
Majkel1337,56407295,111563936,2026-09-21 09:13:55,COMPLETED,0,151851,3085.115114507876,3089.107063054995,THIRD FARM CLUB,16730524,56395336,1,142786,1
Majkel1337,56407295,111558324,2026-09-21 08:54:33,COMPLETED,1,151740,3081.2080837674353,3085.115114507876,THIRD FARM CLUB,16730524,56372014,0,132179,1
Majkel1337,56407295,111558323,2026-09-21 08:54:19,COMPLETED,0,102805,3084.4214400735523,3081.2080837674353,DSM,16732748,56401245,1,112136,0
Majkel1337,56407295,111558333,2026-09-21 08:49:18,COMPLETED,1,146474,3081.8448840589726,3084.4214400735523,Artem The Farmer 🍅,16621799,56341959,0,143879,1
Majkel1337,56407295,111551562,2026-09-21 08:27:43,COMPLETED,0,123189,3078.2671757367184,3081.8448840589726,Otter Vibe,16760569,56353982,1,106983,1
Majkel1337,56407295,111544888,2026-09-21 08:08:34,COMPLETED,0,109995,3083.5303839920853,3078.2671757367184,Unknown Mother-Goose,16730612,56401905,1,110328,0
Majkel1337,56407295,111538158,2026-09-21 07:41:14,COMPLETED,0,114017,3086.9095743851503,3083.5303839920853,DSM,16732748,56401245,1,120718,0
Majkel1337,56407295,111538159,2026-09-21 07:39:36,COMPLETED,0,124248,3082.752354887675,3086.9095743851503,Vadim Vasilenko,16770421,56389384,1,119608,1
Majkel1337,56407295,111531463,2026-09-21 07:16:38,COMPLETED,1,134871,3078.5565879701276,3082.752354887675,THIRD FARM CLUB,16730524,56395336,0,123614,1
Majkel1337,56407295,111531466,2026-09-21 07:15:34,COMPLETED,1,103893,3074.9998518690572,3078.5565879701276,Otter Vibe,16760569,56353982,0,91681,1
Majkel1337,56407295,111524830,2026-09-21 06:52:19,COMPLETED,0,91968,3071.582561440315,3074.9998518690572,Kaggledew Valley 🏆,16633132,56404080,1,81216,1
Majkel1337,56407295,111518211,2026-09-21 06:25:58,COMPLETED,0,142597,3076.4150785436773,3071.582561440315,THIRD FARM CLUB,16730524,56395336,1,147137,0
Majkel1337,56407295,111514793,2026-09-21 06:20:59,COMPLETED,0,87717,3072.2742266253117,3076.4150785436773,SpaTaro,16640510,56352346,1,86141,1
Majkel1337,56407295,111512535,2026-09-21 06:08:45,COMPLETED,0,118048,3067.9685457126684,3072.2742266253117,Vadim Vasilenko,16770421,56396983,1,109881,1
Majkel1337,56407295,111511676,2026-09-21 06:03:44,COMPLETED,0,107656,3064.567857053555,3067.9685457126684,mtmr_s1,16758882,56390690,1,97295,1
Majkel1337,56407295,111505857,2026-09-21 05:45:16,COMPLETED,0,101222,3067.923197837206,3064.567857053555,DSM,16732748,56401245,1,103618,0
Majkel1337,56407295,111499460,2026-09-21 05:21:21,COMPLETED,0,110945,3071.3786637937014,3067.923197837206,DSM,16732748,56401245,1,117239,0
Majkel1337,56407295,111494668,2026-09-21 05:03:45,COMPLETED,1,166082,3067.9205643340474,3071.3786637937014,Kaggledew Valley 🏆,16633132,56403652,0,161533,1
Majkel1337,56407295,111488017,2026-09-21 04:38:18,COMPLETED,1,102306,3071.479901913506,3067.9205643340474,DSM,16732748,56401245,0,105764,0
Majkel1337,56407295,111488379,2026-09-21 04:37:12,COMPLETED,1,90401,3068.7446734526666,3071.479901913506,Artem The Farmer 🍅,16621799,56329409,0,83037,1
Majkel1337,56407295,111482577,2026-09-21 04:19:15,COMPLETED,0,98162,3064.2568377771768,3068.7446734526666,Vadim Vasilenko,16770421,56396983,1,98136,1
Majkel1337,56407295,111476119,2026-09-21 03:55:39,COMPLETED,1,126873,3059.8161606153694,3064.2568377771768,THIRD FARM CLUB,16730524,56372014,0,104637,1
Majkel1337,56407295,111472430,2026-09-21 03:51:30,COMPLETED,0,107930,3055.684132737993,3059.8161606153694,SpaTaro,16640510,56384319,1,106274,1
Majkel1337,56407295,111471313,2026-09-21 03:41:14,COMPLETED,0,160099,3051.12775530795,3055.684132737993,Unknown Mother-Goose,16730612,56390472,1,157572,1
Majkel1337,56407295,111469951,2026-09-21 03:35:45,COMPLETED,1,123881,3047.670282871705,3051.12775530795,Sida Zuo,16664246,56263637,0,111851,1
Majkel1337,56407295,111469548,2026-09-21 03:32:02,COMPLETED,1,150331,3042.5215067900535,3047.670282871705,THIRD FARM CLUB,16730524,56372014,0,137220,1
Majkel1337,56407295,111469056,2026-09-21 03:31:20,COMPLETED,0,115001,3046.9799068042857,3042.5215067900535,Vadim Vasilenko,16770421,56396983,1,115245,0
Majkel1337,56407295,111469537,2026-09-21 03:30:52,COMPLETED,1,119540,3041.4871931972507,3046.9799068042857,THIRD FARM CLUB,16730524,56395336,0,85722,1
Majkel1337,56407295,111469532,2026-09-21 03:30:36,COMPLETED,0,92962,3045.2506265526,3041.4871931972507,DSM,16732748,56401245,1,101546,0
Majkel1337,56407295,111467953,2026-09-21 03:27:51,COMPLETED,1,116076,3041.3823571643047,3045.2506265526,THUNDER THUNDER,16622198,56392823,0,111201,1
Majkel1337,56407295,111466834,2026-09-21 03:24:47,COMPLETED,0,103722,3035.454709144829,3041.3823571643047,Vadim Vasilenko,16770421,56396983,1,97462,1
Majkel1337,56407295,111465712,2026-09-21 03:19:47,COMPLETED,1,86147,3032.0240790752664,3035.454709144829,kwa,16739633,56392117,0,78276,1
Majkel1337,56407295,111464593,2026-09-21 03:14:22,COMPLETED,0,99424,3027.830093987851,3032.0240790752664,吃白饭的大肥鱼,16854176,56365258,1,95789,1
Majkel1337,56407295,111463463,2026-09-21 03:09:01,COMPLETED,0,125299,3023.5688647475827,3027.830093987851,吃白饭的大肥鱼,16854176,56365258,1,113441,1
Majkel1337,56407295,111462353,2026-09-21 03:06:42,COMPLETED,1,139376,3018.570409798659,3023.5688647475827,Kaggledew Valley 🏆,16633132,56403652,0,127955,1
Majkel1337,56407295,111461246,2026-09-21 03:03:18,COMPLETED,0,109591,3012.7967052522704,3018.570409798659,QQ,16817528,56327925,1,97267,1
Majkel1337,56407295,111460118,2026-09-21 03:00:01,COMPLETED,1,107611,3007.7758041273833,3012.7967052522704,Otter Vibe,16760569,56328447,0,96220,1
Majkel1337,56407295,111458996,2026-09-21 02:55:55,COMPLETED,1,92457,3001.905665708586,3007.7758041273833,Kaggledew Valley 🏆,16633132,56403652,0,86077,1
Majkel1337,56407295,111457875,2026-09-21 02:54:34,COMPLETED,0,94420,2997.198121933096,3001.905665708586,Orbital Terraformer,16675778,56212726,1,89640,1
Majkel1337,56407295,111456756,2026-09-21 02:48:09,COMPLETED,1,101283,2991.072174001226,2997.198121933096,mtmr_s1,16758882,56390690,0,95825,1
ymg_aq,56416487,111658630,2026-09-21 14:54:56,COMPLETED,1,78279,3045.918825280124,3041.2866553100507,KawattaTaido,16654697,56417128,0,80760,0
ymg_aq,56416487,111650651,2026-09-21 14:25:08,COMPLETED,0,73025,3050.205266016853,3045.918825280124,Vadim Vasilenko,16770421,56396983,1,83970,0
ymg_aq,56416487,111643056,2026-09-21 14:04:05,COMPLETED,1,124946,3055.0343552894838,3050.205266016853,SpaTaro,16640510,56384319,0,132051,0
ymg_aq,56416487,111638537,2026-09-21 13:44:35,COMPLETED,1,90431,3058.757506382028,3055.0343552894838,DSM,16732748,56409623,0,109974,0
ymg_aq,56416487,111636202,2026-09-21 13:30:52,COMPLETED,0,96360,3063.621475159238,3058.757506382028,THIRD FARM CLUB,16730524,56395336,1,97532,0
ymg_aq,56416487,111630551,2026-09-21 13:13:13,COMPLETED,1,108936,3068.704049932756,3063.621475159238,KawattaTaido,16654697,56417128,0,109879,0
ymg_aq,56416487,111623867,2026-09-21 12:44:55,COMPLETED,0,101936,3064.8486499452497,3068.704049932756,Otter Vibe,16760569,56353982,1,96357,1
ymg_aq,56416487,111617136,2026-09-21 12:29:35,COMPLETED,0,68914,3060.8427704405585,3064.8486499452497,SpaTaro,16640510,56352346,1,59940,1
ymg_aq,56416487,111616202,2026-09-21 12:20:39,COMPLETED,0,109778,3065.976218439785,3060.8427704405585,THIRD FARM CLUB,16730524,56395336,1,111064,0
ymg_aq,56416487,111609646,2026-09-21 11:56:05,COMPLETED,0,98799,3062.9615329412795,3065.976218439785,Sida Zuo,16664246,56263637,1,91743,1
ymg_aq,56416487,111609373,2026-09-21 11:55:35,COMPLETED,0,77174,3059.8721654864485,3062.9615329412795,Otter Vibe,16760569,56328447,1,72213,1
ymg_aq,56416487,111603800,2026-09-21 11:33:03,COMPLETED,1,79276,3055.844541185201,3059.8721654864485,Otter Vibe,16760569,56353982,0,78863,1
ymg_aq,56416487,111600494,2026-09-21 11:23:12,COMPLETED,1,113338,3052.1223335041195,3055.844541185201,Kaggledew Valley 🏆,16633132,56404080,0,110885,1
ymg_aq,56416487,111593960,2026-09-21 10:58:35,COMPLETED,0,142747,3048.267812180404,3052.1223335041195,Kaggledew Valley 🏆,16633132,56404080,1,137425,1
ymg_aq,56416487,111587327,2026-09-21 10:36:03,COMPLETED,0,109040,3045.151805067832,3048.267812180404,QQ,16817528,56302467,1,104765,1
ymg_aq,56416487,111580650,2026-09-21 10:09:12,COMPLETED,1,98924,3041.0156792547596,3045.151805067832,Otter Vibe,16760569,56353982,0,89720,1
ymg_aq,56416487,111578434,2026-09-21 10:03:13,COMPLETED,0,93119,3045.2036252949224,3041.0156792547596,DSM,16732748,56409623,1,107377,0
ymg_aq,56416487,111574712,2026-09-21 09:48:44,COMPLETED,1,119010,3041.635698286655,3045.2036252949224,Otter Vibe,16760569,56328447,0,115370,1
ymg_aq,56416487,111573585,2026-09-21 09:47:48,COMPLETED,1,146584,3037.919555089282,3041.635698286655,Yannik Schiffner,16760701,56402567,0,146168,1
ymg_aq,56416487,111572455,2026-09-21 09:44:18,COMPLETED,0,96818,3034.5579642680273,3037.919555089282,QQ,16817528,56302467,1,94472,1
ymg_aq,56416487,111571687,2026-09-21 09:42:36,COMPLETED,0,87284,3037.1893742231964,3034.5579642680273,DSM,16732748,56401245,1,94820,0
ymg_aq,56416487,111570198,2026-09-21 09:40:36,COMPLETED,0,100940,3032.453540388442,3037.1893742231964,Orbital Terraformer,16675778,56263779,1,98279,1
ymg_aq,56416487,111571324,2026-09-21 09:38:16,COMPLETED,0,101618,3037.5282186397567,3032.453540388442,Vadim Vasilenko,16770421,56389384,1,106872,0
ymg_aq,56416487,111567956,2026-09-21 09:30:55,COMPLETED,0,111012,3032.5365599655347,3037.5282186397567,Orbital Terraformer,16675778,56263779,1,103049,1
ymg_aq,56416487,111569073,2026-09-21 09:30:48,COMPLETED,0,93294,3037.560551606178,3032.5365599655347,THIRD FARM CLUB,16730524,56372014,1,93941,0
ymg_aq,56416487,111566826,2026-09-21 09:22:04,COMPLETED,1,121981,3032.9639072434184,3037.560551606178,mtmr_s1,16758882,56390690,0,118875,1
ymg_aq,56416487,111565707,2026-09-21 09:20:15,COMPLETED,0,78334,3027.4498077228013,3032.9639072434184,Vadim Vasilenko,16770421,56389384,1,77628,1
ymg_aq,56416487,111564593,2026-09-21 09:15:07,COMPLETED,1,105260,3032.7457216643384,3027.4498077228013,THIRD FARM CLUB,16730524,56372014,0,110020,0
ymg_aq,56416487,111563468,2026-09-21 09:13:13,COMPLETED,1,69788,3028.9635150792105,3032.7457216643384,Excluding,16671741,56407797,0,64388,1
ymg_aq,56416487,111562345,2026-09-21 09:07:35,COMPLETED,0,105544,3035.020176440895,3028.9635150792105,Otter Vibe,16760569,56353982,1,109509,0
ymg_aq,56416487,111561234,2026-09-21 09:04:17,COMPLETED,0,122837,3029.80932470992,3035.020176440895,mtmr_s1,16758882,56390690,1,118526,1
ymg_aq,56416487,111560115,2026-09-21 08:57:14,COMPLETED,0,92500,3025.011276477595,3029.80932470992,Sida Zuo,16664246,56263637,1,84150,1
ymg_aq,56416487,111558991,2026-09-21 08:53:49,COMPLETED,0,98858,3019.8408367930133,3025.011276477595,KawattaTaido,16654697,56417128,1,95124,1
ymg_aq,56416487,111557884,2026-09-21 08:51:06,COMPLETED,0,91422,3014.747848007203,3019.8408367930133,mtmr_s1,16758882,56380335,1,81149,1
ymg_aq,56416487,111556754,2026-09-21 08:46:57,COMPLETED,1,86789,3008.264058316241,3014.747848007203,QQ,16817528,56327925,0,81728,1
ymg_aq,56416487,111555640,2026-09-21 08:44:26,COMPLETED,0,80977,3014.647648262206,3008.264058316241,Majkel1337,16718819,56332038,1,82887,0
ymg_aq,56416487,111554504,2026-09-21 08:36:34,COMPLETED,0,87439,3009.37817764622,3014.647648262206,Sida Zuo,16664246,56257389,1,85073,1
ymg_aq,56416487,111553615,2026-09-21 08:36:31,COMPLETED,1,97659,3003.8795781670296,3009.37817764622,binghua,16685556,56308479,0,88311,1
ymg_aq,56416487,111552260,2026-09-21 08:31:44,COMPLETED,1,120394,2996.724603623809,3003.8795781670296,Kaggledew Valley 🏆,16633132,56404080,0,115493,1
ymg_aq,56416487,111551144,2026-09-21 08:27:47,COMPLETED,0,109429,2990.7210837582547,2996.724603623809,Artem The Farmer 🍅,16621799,56329409,1,100632,1
ymg_aq,56416487,111550040,2026-09-21 08:24:30,COMPLETED,0,80829,2996.6772900004066,2990.7210837582547,DSM,16732748,56409623,1,97138,0
ymg_aq,56416487,111547776,2026-09-21 08:18:02,COMPLETED,1,132748,2987.9009824840446,2996.6772900004066,Unknown Mother-Goose,16730612,56401905,0,127382,1
ymg_aq,56416487,111548896,2026-09-21 08:17:51,COMPLETED,0,76589,2981.4305316243076,2987.9009824840446,KawattaTaido,16654697,56417128,1,74796,1
ymg_aq,56416487,111547152,2026-09-21 08:14:17,COMPLETED,0,118136,2987.619278469221,2981.4305316243076,Vadim Vasilenko,16770421,56389384,1,118777,0
ymg_aq,56416487,111546661,2026-09-21 08:08:24,COMPLETED,0,95433,2979.4419217094564,2987.619278469221,Otter Vibe,16760569,56328447,1,87305,1
ymg_aq,56416487,111545534,2026-09-21 08:06:54,COMPLETED,0,142355,2971.7280157091964,2979.4419217094564,Artem The Farmer 🍅,16621799,56329409,1,121575,1
ymg_aq,56416487,111544429,2026-09-21 08:04:29,COMPLETED,0,120623,2964.018512610834,2971.7280157091964,Excluding,16671741,56407797,1,111491,1
ymg_aq,56416487,111543328,2026-09-21 07:57:44,COMPLETED,0,96374,2959.281968269439,2964.018512610834,kuro0315,16623637,56416301,1,90094,1
ymg_aq,56416487,111542211,2026-09-21 07:53:35,COMPLETED,1,96916,2952.458937084987,2959.281968269439,mikelou1,16629685,56365262,0,88329,1
ymg_aq,56416487,111541101,2026-09-21 07:51:30,COMPLETED,1,82852,2945.630592307682,2952.458937084987,Matsu,16709967,56402406,0,75988,1
ymg_aq,56416487,111539962,2026-09-21 07:46:05,COMPLETED,1,78347,2936.6274147475774,2945.630592307682,kwa,16739633,56392117,0,62536,1
ymg_aq,56416487,111537727,2026-09-21 07:43:43,COMPLETED,1,104851,2928.2737682178936,2936.6274147475774,Densike,16660137,56407159,0,97504,1
ymg_aq,56416487,111538850,2026-09-21 07:42:27,COMPLETED,1,89918,2916.266932680961,2928.2737682178936,Planned Economy,16685950,56287777,0,81324,1
ymg_aq,56416487,111537256,2026-09-21 07:34:22,COMPLETED,0,106862,2907.695467565686,2916.266932680961,keiz,16767215,56383602,1,103258,1
ymg_aq,56416487,111535493,2026-09-21 07:28:29,COMPLETED,0,93784,2898.1338765346804,2907.695467565686,Shoko,16693050,56394938,1,79512,1
ymg_aq,56416487,111534371,2026-09-21 07:25:35,COMPLETED,1,106119,2889.1646451903243,2898.1338765346804,tamura_aicon,16807411,56402204,0,95370,1
ymg_aq,56416487,111533256,2026-09-21 07:21:28,COMPLETED,1,117217,2877.403658762164,2889.1646451903243,kuro0315,16623637,56409832,0,106645,1
ymg_aq,56416487,111532141,2026-09-21 07:16:46,COMPLETED,0,159912,2866.8841647923027,2877.403658762164,Solo Leveling,16930688,56409147,1,143923,1
ymg_aq,56416487,111531012,2026-09-21 07:13:17,COMPLETED,1,115095,2857.1049944602337,2866.8841647923027,Aryan.Ahl,16878119,56349104,0,107586,1
ymg_aq,56416487,111529892,2026-09-21 07:11:13,COMPLETED,0,103763,2844.7657168088895,2857.1049944602337,Hello San Francisco,16663946,56408254,1,89430,1
Unknown Mother-Goose,56401905,111653131,2026-09-21 14:35:25,COMPLETED,0,99621,3052.267352478302,3056.587197735915,KawattaTaido,16654697,56417128,1,93845,1
Unknown Mother-Goose,56401905,111646154,2026-09-21 14:13:17,COMPLETED,0,91591,3048.942457457263,3052.267352478302,THUNDER THUNDER,16622198,56420406,1,83115,1
Unknown Mother-Goose,56401905,111646143,2026-09-21 14:10:40,COMPLETED,1,89323,3052.674539161197,3048.942457457263,Majkel1337,16718819,56407295,0,89495,0
Unknown Mother-Goose,56401905,111638538,2026-09-21 13:48:29,COMPLETED,0,77551,3057.358531005019,3052.674539161197,Vadim Vasilenko,16770421,56396983,1,89616,0
Unknown Mother-Goose,56401905,111638540,2026-09-21 13:43:33,COMPLETED,0,162746,3054.498817715569,3057.358531005019,Planned Economy,16685950,56289593,1,153961,1
Unknown Mother-Goose,56401905,111631689,2026-09-21 13:17:31,COMPLETED,1,92216,3058.3657779241744,3054.498817715569,Majkel1337,16718819,56407295,0,97381,0
Unknown Mother-Goose,56401905,111631683,2026-09-21 13:16:49,COMPLETED,1,127155,3062.199696698203,3058.3657779241744,DSM,16732748,56409623,0,129192,0
Unknown Mother-Goose,56401905,111625006,2026-09-21 12:55:55,COMPLETED,1,87829,3059.1963771612895,3062.199696698203,Arda Ceylan,16673205,56398329,0,80473,1
Unknown Mother-Goose,56401905,111618297,2026-09-21 12:27:10,COMPLETED,0,98892,3054.830600403719,3059.1963771612895,Vadim Vasilenko,16770421,56396983,1,98027,1
Unknown Mother-Goose,56401905,111611608,2026-09-21 12:06:36,COMPLETED,1,70425,3058.855572342698,3054.830600403719,DSM,16732748,56409623,0,78169,0
Unknown Mother-Goose,56401905,111610427,2026-09-21 12:03:42,COMPLETED,1,114086,3054.875769734616,3058.855572342698,Otter Vibe,16760569,56353982,0,111499,1
Unknown Mother-Goose,56401905,111608299,2026-09-21 11:54:52,COMPLETED,0,128079,3050.5987596412633,3054.875769734616,THIRD FARM CLUB,16730524,56395336,1,126885,1
Unknown Mother-Goose,56401905,111601790,2026-09-21 11:34:45,COMPLETED,0,95755,3046.1863487006426,3050.5987596412633,SpaTaro,16640510,56352346,1,81965,1
Unknown Mother-Goose,56401905,111598280,2026-09-21 11:16:54,COMPLETED,1,98021,3050.0765993943583,3046.1863487006426,Majkel1337,16718819,56407295,0,100298,0
Unknown Mother-Goose,56401905,111595014,2026-09-21 11:07:58,COMPLETED,1,106567,3045.292104739557,3050.0765993943583,Vadim Vasilenko,16770421,56396983,0,104186,1
Unknown Mother-Goose,56401905,111588394,2026-09-21 10:42:42,COMPLETED,1,94587,3050.2460157830774,3045.292104739557,Otter Vibe,16760569,56353982,0,94608,0
Unknown Mother-Goose,56401905,111581730,2026-09-21 10:18:26,COMPLETED,0,151897,3047.132946839763,3050.2460157830774,Artem The Farmer 🍅,16621799,56341959,1,141146,1
Unknown Mother-Goose,56401905,111574975,2026-09-21 09:52:42,COMPLETED,0,108610,3042.8293444680153,3047.132946839763,Vadim Vasilenko,16770421,56389384,1,106974,1
Unknown Mother-Goose,56401905,111568309,2026-09-21 09:30:25,COMPLETED,1,97669,3038.8016133172887,3042.8293444680153,Kaggledew Valley 🏆,16633132,56404080,0,92558,1
Unknown Mother-Goose,56401905,111561615,2026-09-21 09:06:30,COMPLETED,1,109250,3034.1247694324265,3038.8016133172887,THIRD FARM CLUB,16730524,56372014,0,101594,1
Unknown Mother-Goose,56401905,111554830,2026-09-21 08:43:23,COMPLETED,1,95148,3030.8883609331633,3034.1247694324265,Sida Zuo,16664246,56257389,0,93508,1
Unknown Mother-Goose,56401905,111547776,2026-09-21 08:18:02,COMPLETED,0,127382,3036.149839143681,3030.8883609331633,ymg_aq,16732403,56416487,1,132748,0
Unknown Mother-Goose,56401905,111547146,2026-09-21 08:16:11,COMPLETED,1,117792,3040.6896885101155,3036.149839143681,DSM,16732748,56409623,0,119094,0
Unknown Mother-Goose,56401905,111544886,2026-09-21 08:08:40,COMPLETED,1,76366,3043.426516125601,3040.6896885101155,DSM,16732748,56401245,0,77366,0
Unknown Mother-Goose,56401905,111544888,2026-09-21 08:08:34,COMPLETED,1,110328,3038.1633078702343,3043.426516125601,Majkel1337,16718819,56407295,0,109995,1
Unknown Mother-Goose,56401905,111540497,2026-09-21 07:49:22,COMPLETED,0,89505,3033.349662075173,3038.1633078702343,Vadim Vasilenko,16770421,56389384,1,85717,1
Unknown Mother-Goose,56401905,111533747,2026-09-21 07:26:13,COMPLETED,0,96069,3038.007413369541,3033.349662075173,DSM,16732748,56409623,1,102793,0
Unknown Mother-Goose,56401905,111532579,2026-09-21 07:21:16,COMPLETED,1,91862,3033.682354017678,3038.007413369541,Majkel1337,16718819,56332038,0,85864,1
Unknown Mother-Goose,56401905,111525924,2026-09-21 06:57:00,COMPLETED,1,99917,3029.4294911342977,3033.682354017678,QQ,16817528,56327925,0,93362,1
Unknown Mother-Goose,56401905,111523635,2026-09-21 06:54:01,COMPLETED,1,111413,3024.6587042095853,3029.4294911342977,SpaTaro,16640510,56352346,0,110390,1
Unknown Mother-Goose,56401905,111521455,2026-09-21 06:40:24,COMPLETED,0,104116,3020.5483906169598,3024.6587042095853,mtmr_s1,16758882,56390690,1,96759,1
Unknown Mother-Goose,56401905,111514798,2026-09-21 06:19:10,COMPLETED,1,103651,3025.616652120736,3020.5483906169598,Orbital Terraformer,16675778,56263779,0,106473,0
Unknown Mother-Goose,56401905,111508289,2026-09-21 05:54:53,COMPLETED,0,122934,3022.0296176922116,3025.616652120736,Planned Economy,16685950,56287777,1,116401,1
Unknown Mother-Goose,56401905,111508298,2026-09-21 05:52:16,COMPLETED,1,75363,3018.028708194381,3022.0296176922116,Yannik Schiffner,16760701,56392345,0,70870,1
Unknown Mother-Goose,56401905,111502453,2026-09-21 05:32:53,COMPLETED,0,123225,3014.487604627007,3018.028708194381,Artem The Farmer 🍅,16621799,56341959,1,110472,1
Unknown Mother-Goose,56401905,111500318,2026-09-21 05:26:21,COMPLETED,0,112675,3010.999815628692,3014.487604627007,Ryo Hasegawa,16644287,56380123,1,102952,1
Unknown Mother-Goose,56401905,111500320,2026-09-21 05:26:13,COMPLETED,0,114379,3006.6557831722007,3010.999815628692,Otter Vibe,16760569,56328447,1,105873,1
Unknown Mother-Goose,56401905,111500477,2026-09-21 05:24:38,COMPLETED,1,122223,3001.0525897699986,3006.6557831722007,Vadim Vasilenko,16770421,56396983,0,120411,1
Unknown Mother-Goose,56401905,111493974,2026-09-21 05:02:22,COMPLETED,0,117587,2997.9125656451624,3001.0525897699986,kwa,16739633,56392117,1,115880,1
Unknown Mother-Goose,56401905,111488362,2026-09-21 04:42:26,COMPLETED,1,112235,2993.855883416069,2997.9125656451624,Sida Zuo,16664246,56257389,0,103539,1
Unknown Mother-Goose,56401905,111482562,2026-09-21 04:23:44,COMPLETED,1,127513,2989.9177733988176,2993.855883416069,Arda Ceylan,16673205,56364644,0,115973,1
Unknown Mother-Goose,56401905,111479483,2026-09-21 04:10:47,COMPLETED,0,78187,2986.408007463774,2989.9177733988176,Planned Economy,16685950,56289593,1,62364,1
Unknown Mother-Goose,56401905,111476063,2026-09-21 03:58:48,COMPLETED,0,112612,2980.393333076645,2986.408007463774,THIRD FARM CLUB,16730524,56395336,1,111438,1
Unknown Mother-Goose,56401905,111476071,2026-09-21 03:56:38,COMPLETED,1,104492,2975.781674069567,2980.393333076645,Sida Zuo,16664246,56257389,0,89463,1
Unknown Mother-Goose,56401905,111475922,2026-09-21 03:55:47,COMPLETED,1,85069,2980.062338026712,2975.781674069567,Kaggledew Valley 🏆,16633132,56403652,0,86119,0
Unknown Mother-Goose,56401905,111469280,2026-09-21 03:34:48,COMPLETED,0,95680,2975.7490499649734,2980.062338026712,THUNDER THUNDER,16622198,56392823,1,82292,1
Unknown Mother-Goose,56401905,111462700,2026-09-21 03:12:06,COMPLETED,0,89158,2971.0294987603133,2975.7490499649734,mtmr_s1,16758882,56390690,1,76368,1
Unknown Mother-Goose,56401905,111457276,2026-09-21 02:50:31,COMPLETED,1,103994,2966.228354401764,2971.0294987603133,THUNDER THUNDER,16622198,56392823,0,101630,1
Unknown Mother-Goose,56401905,111457297,2026-09-21 02:47:16,COMPLETED,0,89490,2962.3011656748913,2966.228354401764,kwa,16739633,56392117,1,88423,1
Unknown Mother-Goose,56401905,111451677,2026-09-21 02:29:22,COMPLETED,1,130060,2956.48050484587,2962.3011656748913,QQ,16817528,56327925,0,117809,1
Unknown Mother-Goose,56401905,111451675,2026-09-21 02:28:59,COMPLETED,1,93055,2951.145363510964,2956.48050484587,Otter Vibe,16760569,56353982,0,90942,1
Unknown Mother-Goose,56401905,111450521,2026-09-21 02:25:33,COMPLETED,1,115009,2948.4953281448834,2951.145363510964,lihaoruolhr,16879127,56395196,0,103941,1
Unknown Mother-Goose,56401905,111444978,2026-09-21 02:03:20,COMPLETED,0,153533,2944.2038055777907,2948.4953281448834,kwa,16739633,56392117,1,138292,1
Unknown Mother-Goose,56401905,111439478,2026-09-21 01:47:10,COMPLETED,0,90753,2940.0681208290903,2944.2038055777907,Planned Economy,16685950,56289593,1,76936,1
Unknown Mother-Goose,56401905,111434059,2026-09-21 01:24:43,COMPLETED,1,122632,2935.368783572332,2940.0681208290903,Artem The Farmer 🍅,16621799,56329409,0,115149,1
Unknown Mother-Goose,56401905,111429218,2026-09-21 01:07:26,COMPLETED,0,102082,2929.9519636913465,2935.368783572332,QQ,16817528,56302467,1,95392,1
Unknown Mother-Goose,56401905,111423781,2026-09-21 00:48:06,COMPLETED,0,132415,2926.5399675008266,2929.9519636913465,Shoko,16693050,56400512,1,114076,1
Unknown Mother-Goose,56401905,111419538,2026-09-21 00:31:09,COMPLETED,1,83413,2922.432735007743,2926.5399675008266,Snorlax,16707990,56347352,0,60492,1
Unknown Mother-Goose,56401905,111414746,2026-09-21 00:18:18,COMPLETED,0,112408,2918.6823570125016,2922.432735007743,Gleb Tumanov,16667242,56357593,1,106485,1
Unknown Mother-Goose,56401905,111409601,2026-09-20 23:55:52,COMPLETED,0,95820,2921.418000213796,2918.6823570125016,Vadim Vasilenko,16770421,56389384,1,98913,0
Vadim Vasilenko,56396983,111650651,2026-09-21 14:25:08,COMPLETED,1,83970,3062.7998842374727,3067.0863249742015,ymg_aq,16732403,56416487,0,73025,1
Vadim Vasilenko,56396983,111648674,2026-09-21 14:19:16,COMPLETED,0,158872,3058.9467027819687,3062.7998842374727,QQ,16817528,56327925,1,154463,1
Vadim Vasilenko,56396983,111643049,2026-09-21 13:58:48,COMPLETED,1,114517,3054.591976060019,3058.9467027819687,THIRD FARM CLUB,16730524,56395336,0,108885,1
Vadim Vasilenko,56396983,111639696,2026-09-21 13:50:09,COMPLETED,1,105831,3050.4430180474,3054.591976060019,Unknown Mother-Goose,16730612,56417993,0,102362,1
Vadim Vasilenko,56396983,111638538,2026-09-21 13:48:29,COMPLETED,1,89616,3045.7590262035783,3050.4430180474,Unknown Mother-Goose,16730612,56401905,0,77551,1
Vadim Vasilenko,56396983,111638545,2026-09-21 13:44:47,COMPLETED,1,99845,3049.431331505609,3045.7590262035783,Majkel1337,16718819,56407295,0,104815,0
Vadim Vasilenko,56396983,111631686,2026-09-21 13:16:58,COMPLETED,0,84257,3046.1506261148943,3049.431331505609,吃白饭的大肥鱼,16854176,56365258,1,82715,1
Vadim Vasilenko,56396983,111625002,2026-09-21 12:51:36,COMPLETED,0,97717,3042.7731346681358,3046.1506261148943,吃白饭的大肥鱼,16854176,56365258,1,95630,1
Vadim Vasilenko,56396983,111618297,2026-09-21 12:27:10,COMPLETED,1,98027,3047.1389114257063,3042.7731346681358,Unknown Mother-Goose,16730612,56401905,0,98892,0
Vadim Vasilenko,56396983,111618252,2026-09-21 12:26:59,COMPLETED,0,99941,3052.622890162031,3047.1389114257063,mtmr_s1,16758882,56390690,1,106453,0
Vadim Vasilenko,56396983,111611534,2026-09-21 12:10:05,COMPLETED,1,113573,3048.9627498453674,3052.622890162031,Orbital Terraformer,16675778,56263779,0,107091,1
Vadim Vasilenko,56396983,111604899,2026-09-21 11:41:46,COMPLETED,1,75578,3052.835562360417,3048.9627498453674,Majkel1337,16718819,56407295,0,81097,0
Vadim Vasilenko,56396983,111604881,2026-09-21 11:40:25,COMPLETED,0,124102,3048.3618003904435,3052.835562360417,THIRD FARM CLUB,16730524,56395336,1,122053,1
Vadim Vasilenko,56396983,111598243,2026-09-21 11:15:48,COMPLETED,0,113807,3053.8888551637697,3048.3618003904435,mtmr_s1,16758882,56390690,1,114355,0
Vadim Vasilenko,56396983,111597204,2026-09-21 11:11:36,COMPLETED,0,95299,3058.083888101757,3053.8888551637697,DSM,16732748,56409623,1,105609,0
Vadim Vasilenko,56396983,111595014,2026-09-21 11:07:58,COMPLETED,0,104186,3062.8683827565583,3058.083888101757,Unknown Mother-Goose,16730612,56401905,1,106567,0
Vadim Vasilenko,56396983,111594992,2026-09-21 11:05:26,COMPLETED,0,95640,3059.8475298588687,3062.8683827565583,THUNDER THUNDER,16622198,56420406,1,89421,1
Vadim Vasilenko,56396983,111588361,2026-09-21 10:49:09,COMPLETED,1,82325,3064.764992861463,3059.8475298588687,SpaTaro,16640510,56352346,0,83597,0
Vadim Vasilenko,56396983,111581682,2026-09-21 10:26:12,COMPLETED,1,103382,3069.9151585470395,3064.764992861463,SpaTaro,16640510,56352346,0,107723,0
Vadim Vasilenko,56396983,111577253,2026-09-21 10:08:06,COMPLETED,1,132457,3065.715061556793,3069.9151585470395,SpaTaro,16640510,56384319,0,130619,1
Vadim Vasilenko,56396983,111578349,2026-09-21 10:02:10,COMPLETED,0,102774,3068.549838788672,3065.715061556793,DSM,16732748,56401245,1,114921,0
Vadim Vasilenko,56396983,111577075,2026-09-21 10:00:55,COMPLETED,0,92630,3064.7622527091885,3068.549838788672,Orbital Terraformer,16675778,56263779,1,92149,1
Vadim Vasilenko,56396983,111570578,2026-09-21 09:37:57,COMPLETED,1,99516,3069.456910593735,3064.7622527091885,DSM,16732748,56409623,0,109125,0
Vadim Vasilenko,56396983,111565038,2026-09-21 09:17:44,COMPLETED,0,131886,3072.415756216025,3069.456910593735,DSM,16732748,56401245,1,148798,0
Vadim Vasilenko,56396983,111558327,2026-09-21 08:49:47,COMPLETED,1,108163,3068.680268432498,3072.415756216025,Majkel1337,16718819,56332038,0,107118,1
Vadim Vasilenko,56396983,111551566,2026-09-21 08:28:32,COMPLETED,1,91191,3064.956772729721,3068.680268432498,Otter Vibe,16760569,56353982,0,89450,1
Vadim Vasilenko,56396983,111551561,2026-09-21 08:26:15,COMPLETED,1,94456,3067.984114264301,3064.956772729721,DSM,16732748,56401245,0,104107,0
Vadim Vasilenko,56396983,111547147,2026-09-21 08:12:45,COMPLETED,1,127765,3064.794461141598,3067.984114264301,Otter Vibe,16760569,56328447,0,112524,1
Vadim Vasilenko,56396983,111540496,2026-09-21 07:50:04,COMPLETED,1,91798,3069.916496557598,3064.794461141598,DSM,16732748,56409623,0,103718,0
Vadim Vasilenko,56396983,111539280,2026-09-21 07:48:26,COMPLETED,0,103645,3065.6141531289386,3069.916496557598,SpaTaro,16640510,56384319,1,101343,1
Vadim Vasilenko,56396983,111532519,2026-09-21 07:23:03,COMPLETED,1,105137,3061.312939729949,3065.6141531289386,SpaTaro,16640510,56384319,0,93602,1
Vadim Vasilenko,56396983,111531468,2026-09-21 07:15:24,COMPLETED,0,115827,3056.684836600158,3061.312939729949,THIRD FARM CLUB,16730524,56395336,1,109762,1
Vadim Vasilenko,56396983,111531467,2026-09-21 07:14:37,COMPLETED,0,95181,3053.548242062277,3056.684836600158,mtmr_s1,16758882,56380335,1,84790,1
Vadim Vasilenko,56396983,111524826,2026-09-21 06:59:50,COMPLETED,0,114207,3049.262048169131,3053.548242062277,SpaTaro,16640510,56352346,1,103056,1
Vadim Vasilenko,56396983,111518210,2026-09-21 06:29:43,COMPLETED,1,119987,3052.2608938626304,3049.262048169131,DSM,16732748,56401245,0,131097,0
Vadim Vasilenko,56396983,111512535,2026-09-21 06:08:45,COMPLETED,1,109881,3056.5665747752737,3052.2608938626304,Majkel1337,16718819,56407295,0,118048,0
Vadim Vasilenko,56396983,111506120,2026-09-21 05:42:32,COMPLETED,0,81278,3061.8314511189733,3056.5665747752737,QQ,16817528,56327925,1,81465,0
Vadim Vasilenko,56396983,111504553,2026-09-21 05:40:17,COMPLETED,1,73200,3067.774756927593,3061.8314511189733,DSM,16732748,56409623,0,81971,0
Vadim Vasilenko,56396983,111502447,2026-09-21 05:34:37,COMPLETED,1,116936,3063.479844735316,3067.774756927593,SpaTaro,16640510,56352346,0,42259,1
Vadim Vasilenko,56396983,111501679,2026-09-21 05:29:26,COMPLETED,0,114380,3059.9475763790274,3063.479844735316,mtmr_s1,16758882,56390690,1,111607,1
Vadim Vasilenko,56396983,111500477,2026-09-21 05:24:38,COMPLETED,0,120411,3065.5507697812295,3059.9475763790274,Unknown Mother-Goose,16730612,56401905,1,122223,0
Vadim Vasilenko,56396983,111494669,2026-09-21 05:01:27,COMPLETED,0,73799,3063.073894434936,3065.5507697812295,DeeperNet,16693904,56348854,1,72924,1
Vadim Vasilenko,56396983,111488380,2026-09-21 04:39:49,COMPLETED,1,141125,3059.545704355121,3063.073894434936,Otter Vibe,16760569,56328447,0,130297,1
Vadim Vasilenko,56396983,111482577,2026-09-21 04:19:15,COMPLETED,1,98136,3064.0335400306108,3059.545704355121,Majkel1337,16718819,56407295,0,98162,0
Vadim Vasilenko,56396983,111481549,2026-09-21 04:13:24,COMPLETED,1,87742,3067.587881340279,3064.0335400306108,DSM,16732748,56401245,0,100692,0
Vadim Vasilenko,56396983,111475104,2026-09-21 03:57:32,COMPLETED,1,75867,3072.5382868344727,3067.587881340279,SpaTaro,16640510,56352346,0,79547,0
Vadim Vasilenko,56396983,111469056,2026-09-21 03:31:20,COMPLETED,1,115245,3068.396741808276,3072.5382868344727,Majkel1337,16718819,56407295,0,115001,1
Vadim Vasilenko,56396983,111466834,2026-09-21 03:24:47,COMPLETED,1,97462,3073.5207073786883,3068.396741808276,Majkel1337,16718819,56407295,0,103722,0
Vadim Vasilenko,56396983,111463675,2026-09-21 03:16:51,COMPLETED,1,96057,3069.5487654779217,3073.5207073786883,SpaTaro,16640510,56384319,0,91872,1
Vadim Vasilenko,56396983,111457299,2026-09-21 02:53:52,COMPLETED,0,102248,3065.448139997045,3069.5487654779217,SpaTaro,16640510,56384319,1,97690,1
Vadim Vasilenko,56396983,111457295,2026-09-21 02:48:56,COMPLETED,1,118952,3062.4427437341874,3065.448139997045,Artem The Farmer 🍅,16621799,56341959,0,108243,1
Vadim Vasilenko,56396983,111451695,2026-09-21 02:28:04,COMPLETED,0,110715,3057.938695001429,3062.4427437341874,THIRD FARM CLUB,16730524,56372014,1,106922,1
Vadim Vasilenko,56396983,111446139,2026-09-21 02:16:18,COMPLETED,1,74636,3062.9230768506823,3057.938695001429,SpaTaro,16640510,56384319,0,84020,0
Vadim Vasilenko,56396983,111446106,2026-09-21 02:06:33,COMPLETED,0,122853,3058.7815981862113,3062.9230768506823,QQ,16817528,56327925,1,117158,1
Vadim Vasilenko,56396983,111440625,2026-09-21 01:48:32,COMPLETED,1,145726,3056.321528071456,3058.7815981862113,DeeperNet,16693904,56348854,0,132231,1
Vadim Vasilenko,56396983,111435174,2026-09-21 01:28:01,COMPLETED,1,102566,3052.7808645681125,3056.321528071456,Otter Vibe,16760569,56353982,0,92951,1
Vadim Vasilenko,56396983,111435189,2026-09-21 01:26:46,COMPLETED,0,112566,3048.054277924854,3052.7808645681125,THIRD FARM CLUB,16730524,56372014,1,111990,1
Vadim Vasilenko,56396983,111430325,2026-09-21 01:09:34,COMPLETED,1,117484,3044.8483288836414,3048.054277924854,Kaggledew Valley 🏆,16633132,56404080,0,107706,1
Vadim Vasilenko,56396983,111424879,2026-09-21 00:49:51,COMPLETED,0,93683,3041.485802643926,3044.8483288836414,Sida Zuo,16664246,56257389,1,80501,1
Vadim Vasilenko,56396983,111424876,2026-09-21 00:49:50,COMPLETED,0,89920,3046.396839494989,3041.485802643926,Majkel1337,16718819,56332038,1,92074,0
