day,product,held,sell_quantity,spot_price,future_price,liquidating,sold_this_turn,decision,revenue,agent
0,WHEAT,1,1,27,27.0,False,0,HOLD,0,agent_d
0,WHEAT,1,1,27,,False,0,HOLD,0,agent_a
0,WHEAT,1,1,27,28.0,False,0,HOLD,0,agent_d
0,WHEAT,1,1,27,,False,0,HOLD,0,agent_a
0,WHEAT,1,1,27,28.0,False,0,HOLD,0,agent_d
0,WHEAT,1,1,27,,False,0,HOLD,0,agent_a
0,WHEAT,2,2,28,28.0,False,0,HOLD,0,agent_d
0,WHEAT,2,2,28,,False,0,HOLD,0,agent_a
0,WHEAT,2,2,28,28.0,False,0,HOLD,0,agent_d
0,WHEAT,2,2,28,,False,0,HOLD,0,agent_a
0,WHEAT,2,2,28,28.0,False,0,HOLD,0,agent_d
0,WHEAT,2,2,28,,False,0,HOLD,0,agent_a
0,WHEAT,2,2,28,28.0,False,0,HOLD,0,agent_d
0,WHEAT,2,2,28,,False,0,HOLD,0,agent_a
0,WHEAT,2,2,28,28.0,False,0,HOLD,0,agent_d
0,WHEAT,2,2,28,,False,0,HOLD,0,agent_a
0,WHEAT,2,2,28,28.0,False,0,HOLD,0,agent_d
0,WHEAT,2,2,28,,False,0,HOLD,0,agent_a
0,WHEAT,2,2,28,28.0,False,0,HOLD,0,agent_d
0,WHEAT,2,2,28,,False,0,HOLD,0,agent_a
0,WHEAT,2,2,28,28.0,False,0,HOLD,0,agent_d
0,WHEAT,2,2,28,,False,0,HOLD,0,agent_a
0,WHEAT,2,2,28,28.0,False,0,HOLD,0,agent_d
0,WHEAT,2,2,28,,False,0,HOLD,0,agent_a
0,WHEAT,2,2,28,28.0,False,0,HOLD,0,agent_d
0,WHEAT,2,2,28,,False,0,HOLD,0,agent_a
0,WHEAT,2,2,28,28.0,False,0,HOLD,0,agent_d
0,WHEAT,2,2,28,,False,0,HOLD,0,agent_a
0,WHEAT,2,2,28,28.0,False,0,HOLD,0,agent_d
0,WHEAT,2,2,28,,False,0,HOLD,0,agent_a
0,WHEAT,2,2,28,28.0,False,0,HOLD,0,agent_d
0,WHEAT,2,2,28,,False,0,HOLD,0,agent_a
0,WHEAT,2,2,28,28.0,False,0,HOLD,0,agent_d
0,WHEAT,2,2,28,,False,0,HOLD,0,agent_a
0,WHEAT,2,2,28,28.0,False,0,HOLD,0,agent_d
0,WHEAT,2,2,28,,False,0,HOLD,0,agent_a
0,WHEAT,2,2,28,28.0,False,0,HOLD,0,agent_d
0,WHEAT,2,2,28,,False,0,HOLD,0,agent_a
0,WHEAT,2,2,28,24.0,False,0,HOLD,0,agent_d
0,WHEAT,2,2,28,,False,0,HOLD,0,agent_a
1,WHEAT,2,2,28,28.0,False,0,HOLD,0,agent_d
1,WHEAT,2,2,28,,False,0,HOLD,0,agent_a
1,WHEAT,2,2,28,28.0,False,0,HOLD,0,agent_d
1,WHEAT,2,2,28,,False,0,HOLD,0,agent_a
1,WHEAT,2,2,28,28.0,False,0,HOLD,0,agent_d
1,WHEAT,2,2,28,,False,0,HOLD,0,agent_a
1,WHEAT,1,1,28,28.0,False,0,HOLD,0,agent_d
1,WHEAT,1,1,28,,False,0,HOLD,0,agent_a
1,WHEAT,1,1,28,28.0,False,0,HOLD,0,agent_d
1,WHEAT,1,1,28,,False,0,HOLD,0,agent_a
1,WHEAT,1,1,28,25.0,False,0,HOLD,0,agent_d
1,WHEAT,1,1,28,,False,0,HOLD,0,agent_a
1,WHEAT,1,1,28,25.0,False,0,HOLD,0,agent_d
1,WHEAT,1,1,28,,False,0,HOLD,0,agent_a
1,WHEAT,1,1,28,25.0,False,0,HOLD,0,agent_d
1,WHEAT,1,1,28,,False,0,HOLD,0,agent_a
1,WHEAT,1,1,28,25.0,False,0,HOLD,0,agent_d
1,WHEAT,1,1,28,,False,0,HOLD,0,agent_a
1,WHEAT,1,1,28,25.0,False,0,HOLD,0,agent_d
1,WHEAT,1,1,28,,False,0,HOLD,0,agent_a
1,WHEAT,1,1,28,25.0,False,0,HOLD,0,agent_d
1,WHEAT,1,1,28,,False,0,HOLD,0,agent_a
1,WHEAT,1,1,28,25.0,False,0,HOLD,0,agent_d
1,WHEAT,1,1,28,,False,0,HOLD,0,agent_a
1,WHEAT,1,1,28,25.0,False,0,HOLD,0,agent_d
1,WHEAT,1,1,28,,False,0,HOLD,0,agent_a
1,WHEAT,1,1,28,25.0,False,0,HOLD,0,agent_d
1,WHEAT,1,1,28,,False,0,HOLD,0,agent_a
1,WHEAT,1,1,28,25.0,False,0,HOLD,0,agent_d
1,WHEAT,1,1,28,,False,0,HOLD,0,agent_a
1,WHEAT,1,1,28,25.0,False,0,HOLD,0,agent_d
1,WHEAT,1,1,28,,False,0,HOLD,0,agent_a
1,WHEAT,1,1,28,25.0,False,0,HOLD,0,agent_d
1,WHEAT,1,1,28,,False,0,HOLD,0,agent_a
1,WHEAT,1,1,28,25.0,False,0,HOLD,0,agent_d
1,WHEAT,1,1,28,,False,0,HOLD,0,agent_a
1,WHEAT,1,1,28,25.0,False,0,HOLD,0,agent_d
1,WHEAT,1,1,28,,False,0,HOLD,0,agent_a
1,WHEAT,1,1,28,25.0,False,0,HOLD,0,agent_d
1,WHEAT,1,1,28,,False,0,HOLD,0,agent_a
1,WHEAT,1,1,28,25.0,False,0,HOLD,0,agent_d
1,WHEAT,1,1,28,,False,0,HOLD,0,agent_a
1,WHEAT,1,1,28,25.0,False,0,HOLD,0,agent_d
1,WHEAT,1,1,28,,False,0,HOLD,0,agent_a
2,WHEAT,2,2,28,24.0,False,0,HOLD,0,agent_d
2,WHEAT,2,2,28,,False,0,HOLD,0,agent_a
2,WHEAT,2,2,28,25.0,False,0,HOLD,0,agent_d
2,WHEAT,2,2,28,,False,0,HOLD,0,agent_a
2,WHEAT,2,2,28,25.0,False,0,HOLD,0,agent_d
2,WHEAT,2,2,28,,False,0,HOLD,0,agent_a
2,WHEAT,1,1,29,27.0,False,0,HOLD,0,agent_d
2,WHEAT,1,1,29,,False,0,HOLD,0,agent_a
2,WHEAT,1,1,29,27.0,False,0,HOLD,0,agent_d
2,WHEAT,1,1,29,,False,0,HOLD,0,agent_a
2,WHEAT,1,1,29,27.0,False,0,HOLD,0,agent_d
2,WHEAT,1,1,29,,False,0,HOLD,0,agent_a
2,WHEAT,1,1,29,27.0,False,0,HOLD,0,agent_d
2,WHEAT,1,1,29,,False,0,HOLD,0,agent_a
2,WHEAT,1,1,29,27.0,False,0,HOLD,0,agent_d
2,WHEAT,1,1,29,,False,0,HOLD,0,agent_a
2,WHEAT,1,1,29,27.0,False,0,HOLD,0,agent_d
2,WHEAT,1,1,29,,False,0,HOLD,0,agent_a
2,WHEAT,1,1,29,27.0,False,0,HOLD,0,agent_d
2,WHEAT,1,1,29,,False,0,HOLD,0,agent_a
2,WHEAT,1,1,29,27.0,False,0,HOLD,0,agent_d
2,WHEAT,1,1,29,,False,0,HOLD,0,agent_a
2,WHEAT,1,1,29,27.0,False,0,HOLD,0,agent_d
2,WHEAT,1,1,29,,False,0,HOLD,0,agent_a
2,WHEAT,1,1,29,27.0,False,0,HOLD,0,agent_d
2,WHEAT,1,1,29,,False,0,HOLD,0,agent_a
2,WHEAT,1,1,29,23.0,False,0,HOLD,0,agent_d
2,WHEAT,1,1,29,,False,0,HOLD,0,agent_a
2,WHEAT,1,1,29,23.0,False,0,HOLD,0,agent_d
2,WHEAT,1,1,29,,False,0,HOLD,0,agent_a
2,WHEAT,1,1,29,23.0,False,0,HOLD,0,agent_d
2,WHEAT,1,1,29,,False,0,HOLD,0,agent_a
2,WHEAT,1,1,29,23.0,False,0,HOLD,0,agent_d
2,WHEAT,1,1,29,,False,0,HOLD,0,agent_a
2,WHEAT,1,1,29,23.0,False,0,HOLD,0,agent_d
2,WHEAT,1,1,29,,False,0,HOLD,0,agent_a
2,WHEAT,1,1,29,23.0,False,0,HOLD,0,agent_d
2,WHEAT,1,1,29,,False,0,HOLD,0,agent_a
2,WHEAT,1,1,29,23.0,False,0,HOLD,0,agent_d
2,WHEAT,1,1,29,,False,0,HOLD,0,agent_a
2,WHEAT,1,1,29,23.0,False,0,HOLD,0,agent_d
2,WHEAT,1,1,29,,False,0,HOLD,0,agent_a
2,WHEAT,1,1,29,23.0,False,0,HOLD,0,agent_d
2,WHEAT,1,1,29,,False,0,HOLD,0,agent_a
3,WHEAT,2,2,29,28.0,False,0,HOLD,0,agent_d
3,CARROT,1,1,35,29.0,False,0,HOLD,0,agent_d
3,WHEAT,2,2,29,,False,0,HOLD,0,agent_a
3,CARROT,1,1,35,,False,0,HOLD,0,agent_a
3,WHEAT,2,2,29,28.0,False,0,HOLD,0,agent_d
3,WHEAT,2,2,29,,False,0,HOLD,0,agent_a
3,WHEAT,2,2,29,28.0,False,0,HOLD,0,agent_d
3,WHEAT,2,2,29,,False,0,HOLD,0,agent_a
3,WHEAT,1,1,29,29.0,False,0,HOLD,0,agent_d
3,WHEAT,1,1,29,,False,0,HOLD,0,agent_a
3,WHEAT,1,1,29,29.0,False,0,HOLD,0,agent_d
3,WHEAT,1,1,29,,False,0,HOLD,0,agent_a
3,WHEAT,1,1,29,30.0,False,0,HOLD,0,agent_d
3,WHEAT,1,1,29,,False,0,HOLD,0,agent_a
3,WHEAT,1,1,29,30.0,False,0,HOLD,0,agent_d
3,WHEAT,1,1,29,,False,0,HOLD,0,agent_a
3,WHEAT,1,1,29,30.0,False,0,HOLD,0,agent_d
3,WHEAT,1,1,29,,False,0,HOLD,0,agent_a
3,WHEAT,1,1,29,29.0,False,0,HOLD,0,agent_d
3,WHEAT,1,1,29,,False,0,HOLD,0,agent_a
3,WHEAT,1,1,29,29.0,False,0,HOLD,0,agent_d
3,WHEAT,1,1,29,,False,0,HOLD,0,agent_a
3,WHEAT,1,1,29,29.0,False,0,HOLD,0,agent_d
3,WHEAT,1,1,29,,False,0,HOLD,0,agent_a
3,WHEAT,1,1,29,29.0,False,0,HOLD,0,agent_d
3,WHEAT,1,1,29,,False,0,HOLD,0,agent_a
3,WHEAT,1,1,29,29.0,False,0,HOLD,0,agent_d
3,WHEAT,1,1,29,,False,0,HOLD,0,agent_a
3,WHEAT,1,1,29,29.0,False,0,HOLD,0,agent_d
3,WHEAT,1,1,29,,False,0,HOLD,0,agent_a
3,WHEAT,1,1,29,29.0,False,0,HOLD,0,agent_d
3,WHEAT,1,1,29,,False,0,HOLD,0,agent_a
3,WHEAT,1,1,30,29.0,False,0,HOLD,0,agent_d
3,WHEAT,1,1,30,,False,0,HOLD,0,agent_a
3,WHEAT,1,1,30,29.0,False,0,HOLD,0,agent_d
3,WHEAT,1,1,30,,False,0,HOLD,0,agent_a
3,WHEAT,1,1,30,29.0,False,0,HOLD,0,agent_d
3,WHEAT,1,1,30,,False,0,HOLD,0,agent_a
3,WHEAT,1,1,30,29.0,False,0,HOLD,0,agent_d
3,WHEAT,1,1,30,,False,0,HOLD,0,agent_a
3,WHEAT,1,1,30,29.0,False,0,HOLD,0,agent_d
3,WHEAT,1,1,30,,False,0,HOLD,0,agent_a
3,WHEAT,1,1,30,29.0,False,0,HOLD,0,agent_d
3,WHEAT,1,1,30,,False,0,HOLD,0,agent_a
3,WHEAT,1,1,30,29.0,False,0,HOLD,0,agent_d
3,WHEAT,1,1,30,,False,0,HOLD,0,agent_a
4,WHEAT,3,3,30,29.0,False,0,HOLD,0,agent_d
4,CARROT,4,4,35,32.0,False,0,HOLD,0,agent_d
4,WHEAT,3,3,30,,False,0,HOLD,0,agent_a
4,CARROT,4,4,35,,False,0,HOLD,0,agent_a
4,WHEAT,2,2,30,29.0,False,1,PARTIAL_SELL,30,agent_d
4,WHEAT,2,2,30,,False,1,PARTIAL_SELL,30,agent_a
4,WHEAT,2,2,30,29.0,False,0,HOLD,0,agent_d
4,WHEAT,2,2,30,,False,0,HOLD,0,agent_a
4,WHEAT,1,1,30,30.0,False,0,HOLD,0,agent_d
4,WHEAT,1,1,30,,False,0,HOLD,0,agent_a
4,WHEAT,1,1,30,28.0,False,0,HOLD,0,agent_d
4,WHEAT,1,1,30,,False,0,HOLD,0,agent_a
4,WHEAT,1,1,30,28.0,False,0,HOLD,0,agent_d
4,WHEAT,1,1,30,,False,0,HOLD,0,agent_a
4,WHEAT,1,1,30,28.0,False,0,HOLD,0,agent_d
4,WHEAT,1,1,30,,False,0,HOLD,0,agent_a
4,WHEAT,1,1,30,28.0,False,0,HOLD,0,agent_d
4,WHEAT,1,1,30,,False,0,HOLD,0,agent_a
4,WHEAT,1,1,30,28.0,False,0,HOLD,0,agent_d
4,WHEAT,1,1,30,,False,0,HOLD,0,agent_a
4,WHEAT,1,1,30,28.0,False,0,HOLD,0,agent_d
4,WHEAT,1,1,30,,False,0,HOLD,0,agent_a
4,WHEAT,1,1,30,28.0,False,0,HOLD,0,agent_d
4,WHEAT,1,1,30,,False,0,HOLD,0,agent_a
4,WHEAT,1,1,30,24.0,False,0,HOLD,0,agent_d
4,WHEAT,1,1,30,,False,0,HOLD,0,agent_a
4,WHEAT,1,1,30,28.0,False,0,HOLD,0,agent_d
4,WHEAT,1,1,30,,False,0,HOLD,0,agent_a
4,WHEAT,1,1,30,28.0,False,0,HOLD,0,agent_d
4,WHEAT,1,1,30,,False,0,HOLD,0,agent_a
4,WHEAT,1,1,30,24.0,False,0,HOLD,0,agent_d
4,WHEAT,1,1,30,,False,0,HOLD,0,agent_a
4,WHEAT,1,1,30,25.0,False,0,HOLD,0,agent_d
4,WHEAT,1,1,30,,False,0,HOLD,0,agent_a
4,WHEAT,1,1,30,25.0,False,0,HOLD,0,agent_d
4,WHEAT,1,1,30,,False,0,HOLD,0,agent_a
4,WHEAT,1,1,30,25.0,False,0,HOLD,0,agent_d
4,WHEAT,1,1,30,,False,0,HOLD,0,agent_a
4,WHEAT,1,1,30,25.0,False,0,HOLD,0,agent_d
4,WHEAT,1,1,30,,False,0,HOLD,0,agent_a
4,WHEAT,1,1,30,26.0,False,0,HOLD,0,agent_d
4,WHEAT,1,1,30,,False,0,HOLD,0,agent_a
4,WHEAT,1,1,30,26.0,False,0,HOLD,0,agent_d
4,WHEAT,1,1,30,,False,0,HOLD,0,agent_a
4,WHEAT,1,1,30,26.0,False,0,HOLD,0,agent_d
4,WHEAT,1,1,30,,False,0,HOLD,0,agent_a
5,WHEAT,3,3,30,24.0,False,0,HOLD,0,agent_d
5,WHEAT,3,3,30,,False,0,HOLD,0,agent_a
5,WHEAT,2,2,30,25.0,False,1,PARTIAL_SELL,30,agent_d
5,WHEAT,2,2,30,,False,1,PARTIAL_SELL,30,agent_a
5,WHEAT,2,2,30,25.0,False,0,HOLD,0,agent_d
5,WHEAT,2,2,30,,False,0,HOLD,0,agent_a
5,WHEAT,1,1,31,27.0,False,0,HOLD,0,agent_d
5,WHEAT,1,1,31,,False,0,HOLD,0,agent_a
5,WHEAT,1,1,31,27.0,False,0,HOLD,0,agent_d
5,WHEAT,1,1,31,,False,0,HOLD,0,agent_a
5,WHEAT,1,1,31,27.0,False,0,HOLD,0,agent_d
5,WHEAT,1,1,31,,False,0,HOLD,0,agent_a
5,WHEAT,1,1,31,29.0,False,0,HOLD,0,agent_d
5,WHEAT,1,1,31,,False,0,HOLD,0,agent_a
5,WHEAT,1,1,31,29.0,False,0,HOLD,0,agent_d
5,WHEAT,1,1,31,,False,0,HOLD,0,agent_a
5,WHEAT,1,1,31,29.0,False,0,HOLD,0,agent_d
5,WHEAT,1,1,31,,False,0,HOLD,0,agent_a
5,WHEAT,1,1,31,29.0,False,0,HOLD,0,agent_d
5,WHEAT,1,1,31,,False,0,HOLD,0,agent_a
5,WHEAT,1,1,31,29.0,False,0,HOLD,0,agent_d
5,WHEAT,1,1,31,,False,0,HOLD,0,agent_a
5,WHEAT,1,1,31,29.0,False,0,HOLD,0,agent_d
5,WHEAT,1,1,31,,False,0,HOLD,0,agent_a
5,WHEAT,1,1,31,29.0,False,0,HOLD,0,agent_d
5,WHEAT,1,1,31,,False,0,HOLD,0,agent_a
5,WHEAT,1,1,31,29.0,False,0,HOLD,0,agent_d
5,WHEAT,1,1,31,,False,0,HOLD,0,agent_a
5,WHEAT,1,1,31,29.0,False,0,HOLD,0,agent_d
5,WHEAT,1,1,31,,False,0,HOLD,0,agent_a
5,WHEAT,1,1,31,29.0,False,0,HOLD,0,agent_d
5,WHEAT,1,1,31,,False,0,HOLD,0,agent_a
5,WHEAT,1,1,31,29.0,False,0,HOLD,0,agent_d
5,WHEAT,1,1,31,,False,0,HOLD,0,agent_a
5,WHEAT,1,1,31,29.0,False,0,HOLD,0,agent_d
5,WHEAT,1,1,31,,False,0,HOLD,0,agent_a
5,WHEAT,1,1,31,29.0,False,0,HOLD,0,agent_d
5,WHEAT,1,1,31,,False,0,HOLD,0,agent_a
5,WHEAT,1,1,31,29.0,False,0,HOLD,0,agent_d
5,WHEAT,1,1,31,,False,0,HOLD,0,agent_a
5,WHEAT,1,1,31,29.0,False,0,HOLD,0,agent_d
5,WHEAT,1,1,31,,False,0,HOLD,0,agent_a
5,WHEAT,1,1,31,29.0,False,0,HOLD,0,agent_d
5,WHEAT,1,1,31,,False,0,HOLD,0,agent_a
6,WHEAT,3,3,31,31.0,False,0,HOLD,0,agent_d
6,CARROT,1,1,33,30.0,False,0,HOLD,0,agent_d
6,WHEAT,3,3,31,,False,0,HOLD,0,agent_a
6,CARROT,1,1,33,,False,0,HOLD,0,agent_a
6,WHEAT,2,2,31,31.0,False,1,PARTIAL_SELL,31,agent_d
6,WHEAT,2,2,31,,False,1,PARTIAL_SELL,31,agent_a
6,WHEAT,2,2,31,31.0,False,0,HOLD,0,agent_d
6,WHEAT,2,2,31,,False,0,HOLD,0,agent_a
6,WHEAT,2,2,31,31.0,False,0,HOLD,0,agent_d
6,WHEAT,2,2,31,,False,0,HOLD,0,agent_a
6,WHEAT,1,1,31,32.0,False,0,HOLD,0,agent_d
6,WHEAT,1,1,31,,False,0,HOLD,0,agent_a
6,WHEAT,1,1,31,32.0,False,0,HOLD,0,agent_d
6,WHEAT,1,1,31,,False,0,HOLD,0,agent_a
6,WHEAT,1,1,31,32.0,False,0,HOLD,0,agent_d
6,WHEAT,1,1,31,,False,0,HOLD,0,agent_a
6,WHEAT,1,1,32,32.0,False,0,HOLD,0,agent_d
6,WHEAT,1,1,32,,False,0,HOLD,0,agent_a
6,WHEAT,1,1,32,31.0,False,0,HOLD,0,agent_d
6,WHEAT,1,1,32,,False,0,HOLD,0,agent_a
6,WHEAT,1,1,32,31.0,False,0,HOLD,0,agent_d
6,WHEAT,1,1,32,,False,0,HOLD,0,agent_a
6,WHEAT,1,1,32,31.0,False,0,HOLD,0,agent_d
6,WHEAT,1,1,32,,False,0,HOLD,0,agent_a
6,WHEAT,1,1,32,31.0,False,0,HOLD,0,agent_d
6,WHEAT,1,1,32,,False,0,HOLD,0,agent_a
6,WHEAT,1,1,32,32.0,False,0,HOLD,0,agent_d
6,WHEAT,1,1,32,,False,0,HOLD,0,agent_a
6,WHEAT,1,1,32,32.0,False,0,HOLD,0,agent_d
6,WHEAT,1,1,32,,False,0,HOLD,0,agent_a
6,WHEAT,1,1,32,32.0,False,0,HOLD,0,agent_d
6,WHEAT,1,1,32,,False,0,HOLD,0,agent_a
6,WHEAT,1,1,32,32.0,False,0,HOLD,0,agent_d
6,WHEAT,1,1,32,,False,0,HOLD,0,agent_a
6,WHEAT,1,1,32,32.0,False,0,HOLD,0,agent_d
6,WHEAT,1,1,32,,False,0,HOLD,0,agent_a
6,WHEAT,1,1,32,32.0,False,0,HOLD,0,agent_d
6,WHEAT,1,1,32,,False,0,HOLD,0,agent_a
6,WHEAT,1,1,32,32.0,False,0,HOLD,0,agent_d
6,WHEAT,1,1,32,,False,0,HOLD,0,agent_a
6,WHEAT,1,1,32,32.0,False,0,HOLD,0,agent_d
6,WHEAT,1,1,32,,False,0,HOLD,0,agent_a
6,WHEAT,1,1,32,32.0,False,0,HOLD,0,agent_d
6,WHEAT,1,1,32,,False,0,HOLD,0,agent_a
6,WHEAT,1,1,32,32.0,False,0,HOLD,0,agent_d
6,WHEAT,1,1,32,,False,0,HOLD,0,agent_a
7,WHEAT,5,5,32,32.0,False,0,HOLD,0,agent_d
7,CARROT,2,2,32,33.0,False,0,HOLD,0,agent_d
7,WOOL,6,6,218,214.0,False,0,HOLD,0,agent_d
7,WHEAT,5,5,32,,False,0,HOLD,0,agent_a
7,CARROT,2,2,32,,False,0,HOLD,0,agent_a
7,WOOL,6,6,218,,False,0,HOLD,0,agent_a
7,WHEAT,2,2,32,32.0,False,3,SELL,96,agent_d
7,WHEAT,2,2,32,,False,3,SELL,96,agent_a
7,WOOL,1,1,199,,False,5,SELL,995,agent_a
7,WHEAT,2,2,32,32.0,False,0,HOLD,0,agent_d
7,WHEAT,2,2,32,,False,0,HOLD,0,agent_a
7,WHEAT,1,1,32,32.0,False,0,HOLD,0,agent_d
7,WHEAT,1,1,32,,False,0,HOLD,0,agent_a
7,WHEAT,1,1,32,32.0,False,0,HOLD,0,agent_d
7,WHEAT,1,1,32,,False,0,HOLD,0,agent_a
7,WHEAT,1,1,32,31.0,False,0,HOLD,0,agent_d
7,WHEAT,1,1,32,,False,0,HOLD,0,agent_a
7,WHEAT,1,1,32,31.0,False,0,HOLD,0,agent_d
7,WHEAT,1,1,32,,False,0,HOLD,0,agent_a
7,WHEAT,1,1,32,31.0,False,0,HOLD,0,agent_d
7,WHEAT,1,1,32,,False,0,HOLD,0,agent_a
7,WHEAT,1,1,32,31.0,False,0,HOLD,0,agent_d
7,WHEAT,1,1,32,,False,0,HOLD,0,agent_a
7,WHEAT,1,1,32,31.0,False,0,HOLD,0,agent_d
7,WHEAT,1,1,32,,False,0,HOLD,0,agent_a
7,WHEAT,1,1,32,31.0,False,0,HOLD,0,agent_d
7,WHEAT,1,1,32,,False,0,HOLD,0,agent_a
7,WHEAT,1,1,32,31.0,False,0,HOLD,0,agent_d
7,WHEAT,1,1,32,,False,0,HOLD,0,agent_a
7,WHEAT,1,1,32,31.0,False,0,HOLD,0,agent_d
7,WHEAT,1,1,32,,False,0,HOLD,0,agent_a
7,WHEAT,1,1,32,30.0,False,0,HOLD,0,agent_d
7,WHEAT,1,1,32,,False,0,HOLD,0,agent_a
7,WHEAT,1,1,32,29.0,False,0,HOLD,0,agent_d
7,WHEAT,1,1,32,,False,0,HOLD,0,agent_a
7,WHEAT,1,1,32,30.0,False,0,HOLD,0,agent_d
7,WHEAT,1,1,32,,False,0,HOLD,0,agent_a
7,WHEAT,1,1,32,30.0,False,0,HOLD,0,agent_d
7,WHEAT,1,1,32,,False,0,HOLD,0,agent_a
7,WHEAT,1,1,32,30.0,False,0,HOLD,0,agent_d
7,WHEAT,1,1,32,,False,0,HOLD,0,agent_a
7,WHEAT,1,1,32,30.0,False,0,HOLD,0,agent_d
7,WHEAT,1,1,32,,False,0,HOLD,0,agent_a
7,WHEAT,1,1,33,30.0,False,0,HOLD,0,agent_d
7,WHEAT,1,1,33,,False,0,HOLD,0,agent_a
7,WHEAT,1,1,33,29.0,False,0,HOLD,0,agent_d
7,WHEAT,1,1,33,,False,0,HOLD,0,agent_a
7,WHEAT,1,1,33,29.0,False,0,HOLD,0,agent_d
7,WHEAT,1,1,33,,False,0,HOLD,0,agent_a
8,WHEAT,2,2,33,29.0,False,0,HOLD,0,agent_d
8,WHEAT,2,2,33,,False,0,HOLD,0,agent_a
8,WHEAT,2,2,33,29.0,False,0,HOLD,0,agent_d
8,WHEAT,2,2,33,,False,0,HOLD,0,agent_a
8,WHEAT,2,2,33,29.0,False,0,HOLD,0,agent_d
8,WHEAT,2,2,33,,False,0,HOLD,0,agent_a
8,WHEAT,1,1,33,30.0,False,0,HOLD,0,agent_d
8,WHEAT,1,1,33,,False,0,HOLD,0,agent_a
8,WHEAT,1,1,33,30.0,False,0,HOLD,0,agent_d
8,WHEAT,1,1,33,,False,0,HOLD,0,agent_a
8,WHEAT,1,1,33,30.0,False,0,HOLD,0,agent_d
8,WHEAT,1,1,33,,False,0,HOLD,0,agent_a
8,WHEAT,1,1,33,31.0,False,0,HOLD,0,agent_d
8,WHEAT,1,1,33,,False,0,HOLD,0,agent_a
8,WHEAT,1,1,33,31.0,False,0,HOLD,0,agent_d
8,WHEAT,1,1,33,,False,0,HOLD,0,agent_a
8,WHEAT,1,1,33,33.0,False,0,HOLD,0,agent_d
8,WHEAT,1,1,33,,False,0,HOLD,0,agent_a
8,WHEAT,1,1,33,31.0,False,0,HOLD,0,agent_d
8,WHEAT,1,1,33,,False,0,HOLD,0,agent_a
8,WHEAT,1,1,33,31.0,False,0,HOLD,0,agent_d
8,WHEAT,1,1,33,,False,0,HOLD,0,agent_a
8,WHEAT,1,1,33,31.0,False,0,HOLD,0,agent_d
8,WHEAT,1,1,33,,False,0,HOLD,0,agent_a
8,WHEAT,1,1,33,31.0,False,0,HOLD,0,agent_d
8,WHEAT,1,1,33,,False,0,HOLD,0,agent_a
8,WHEAT,1,1,33,31.0,False,0,HOLD,0,agent_d
8,WHEAT,1,1,33,,False,0,HOLD,0,agent_a
8,WHEAT,1,1,33,31.0,False,0,HOLD,0,agent_d
8,WHEAT,1,1,33,,False,0,HOLD,0,agent_a
8,WHEAT,1,1,33,31.0,False,0,HOLD,0,agent_d
8,WHEAT,1,1,33,,False,0,HOLD,0,agent_a
8,WHEAT,1,1,33,31.0,False,0,HOLD,0,agent_d
8,WHEAT,1,1,33,,False,0,HOLD,0,agent_a
8,WHEAT,1,1,33,31.0,False,0,HOLD,0,agent_d
8,WHEAT,1,1,33,,False,0,HOLD,0,agent_a
8,WHEAT,1,1,33,31.0,False,0,HOLD,0,agent_d
8,WHEAT,1,1,33,,False,0,HOLD,0,agent_a
8,WHEAT,1,1,34,31.0,False,0,HOLD,0,agent_d
8,WHEAT,1,1,34,,False,0,HOLD,0,agent_a
8,WHEAT,1,1,34,31.0,False,0,HOLD,0,agent_d
8,WHEAT,1,1,34,,False,0,HOLD,0,agent_a
8,WHEAT,1,1,34,31.0,False,0,HOLD,0,agent_d
8,WHEAT,1,1,34,,False,0,HOLD,0,agent_a
9,WHEAT,5,5,34,32.0,False,0,HOLD,0,agent_d
9,WHEAT,5,5,34,,False,0,HOLD,0,agent_a
9,WHEAT,2,2,33,32.0,False,3,SELL,99,agent_d
9,WHEAT,2,2,33,,False,3,SELL,99,agent_a
9,WHEAT,2,2,33,32.0,False,0,HOLD,0,agent_d
9,WHEAT,2,2,33,,False,0,HOLD,0,agent_a
9,WHEAT,2,2,33,32.0,False,0,HOLD,0,agent_d
9,WHEAT,2,2,33,,False,0,HOLD,0,agent_a
9,WHEAT,1,1,34,32.0,False,0,HOLD,0,agent_d
9,WHEAT,1,1,34,,False,0,HOLD,0,agent_a
9,WHEAT,1,1,34,32.0,False,0,HOLD,0,agent_d
9,WHEAT,1,1,34,,False,0,HOLD,0,agent_a
9,WHEAT,1,1,34,33.0,False,0,HOLD,0,agent_d
9,WHEAT,1,1,34,,False,0,HOLD,0,agent_a
9,WHEAT,1,1,34,33.0,False,0,HOLD,0,agent_d
9,WHEAT,1,1,34,,False,0,HOLD,0,agent_a
9,WHEAT,1,1,34,33.0,False,0,HOLD,0,agent_d
9,WHEAT,1,1,34,,False,0,HOLD,0,agent_a
9,WHEAT,1,1,34,33.0,False,0,HOLD,0,agent_d
9,WHEAT,1,1,34,,False,0,HOLD,0,agent_a
9,WHEAT,1,1,34,33.0,False,0,HOLD,0,agent_d
9,WHEAT,1,1,34,,False,0,HOLD,0,agent_a
9,WHEAT,1,1,34,35.0,False,0,HOLD,0,agent_d
9,WHEAT,1,1,34,,False,0,HOLD,0,agent_a
9,WHEAT,1,1,34,35.0,False,0,HOLD,0,agent_d
9,WHEAT,1,1,34,,False,0,HOLD,0,agent_a
9,WHEAT,1,1,34,35.0,False,0,HOLD,0,agent_d
9,WHEAT,1,1,34,,False,0,HOLD,0,agent_a
9,WHEAT,1,1,34,35.0,False,0,HOLD,0,agent_d
9,WHEAT,1,1,34,,False,0,HOLD,0,agent_a
9,WHEAT,1,1,34,35.0,False,0,HOLD,0,agent_d
9,WHEAT,1,1,34,,False,0,HOLD,0,agent_a
9,WHEAT,1,1,34,35.0,False,0,HOLD,0,agent_d
9,WHEAT,1,1,34,,False,0,HOLD,0,agent_a
9,WHEAT,1,1,34,35.0,False,0,HOLD,0,agent_d
9,WHEAT,1,1,34,,False,0,HOLD,0,agent_a
9,WHEAT,1,1,34,35.0,False,0,HOLD,0,agent_d
9,WHEAT,1,1,34,,False,0,HOLD,0,agent_a
9,WHEAT,1,1,34,35.0,False,0,HOLD,0,agent_d
9,WHEAT,1,1,34,,False,0,HOLD,0,agent_a
9,WHEAT,1,1,34,35.0,False,0,HOLD,0,agent_d
9,WHEAT,1,1,34,,False,0,HOLD,0,agent_a
9,WHEAT,1,1,34,35.0,False,0,HOLD,0,agent_d
9,WHEAT,1,1,34,,False,0,HOLD,0,agent_a
10,WHEAT,5,5,34,35.0,False,0,HOLD,0,agent_d
10,CARROT,1,1,32,33.0,False,0,HOLD,0,agent_d
10,WOOL,4,4,200,199.0,False,0,HOLD,0,agent_d
10,WHEAT,6,6,34,,False,0,HOLD,0,agent_a
10,WOOL,4,4,200,,False,0,HOLD,0,agent_a
10,WHEAT,2,2,34,35.0,False,3,SELL,102,agent_d
10,WHEAT,2,2,34,,False,4,SELL,136,agent_a
10,WHEAT,2,2,34,35.0,False,0,HOLD,0,agent_d
10,WHEAT,2,2,34,,False,0,HOLD,0,agent_a
10,WHEAT,1,1,34,35.0,False,0,HOLD,0,agent_d
10,WHEAT,1,1,34,,False,0,HOLD,0,agent_a
10,WHEAT,1,1,34,35.0,False,0,HOLD,0,agent_d
10,WHEAT,1,1,34,,False,0,HOLD,0,agent_a
10,WHEAT,1,1,34,36.0,False,0,HOLD,0,agent_d
10,WHEAT,1,1,34,,False,0,HOLD,0,agent_a
10,WHEAT,1,1,34,36.0,False,0,HOLD,0,agent_d
10,WHEAT,1,1,34,,False,0,HOLD,0,agent_a
10,WHEAT,1,1,35,36.0,False,0,HOLD,0,agent_d
10,WHEAT,1,1,35,,False,0,HOLD,0,agent_a
10,WHEAT,1,1,35,37.0,False,0,HOLD,0,agent_d
10,WHEAT,1,1,35,,False,0,HOLD,0,agent_a
10,WHEAT,1,1,35,37.0,False,0,HOLD,0,agent_d
10,WHEAT,1,1,35,,False,0,HOLD,0,agent_a
10,WHEAT,1,1,35,37.0,False,0,HOLD,0,agent_d
10,WHEAT,1,1,35,,False,0,HOLD,0,agent_a
10,WHEAT,1,1,35,37.0,False,0,HOLD,0,agent_d
10,WHEAT,1,1,35,,False,0,HOLD,0,agent_a
10,WHEAT,1,1,35,37.0,False,0,HOLD,0,agent_d
10,WHEAT,1,1,35,,False,0,HOLD,0,agent_a
10,WHEAT,1,1,35,37.0,False,0,HOLD,0,agent_d
10,WHEAT,1,1,35,,False,0,HOLD,0,agent_a
10,WHEAT,1,1,35,37.0,False,0,HOLD,0,agent_d
10,WHEAT,1,1,35,,False,0,HOLD,0,agent_a
10,WHEAT,1,1,35,37.0,False,0,HOLD,0,agent_d
10,WHEAT,1,1,35,,False,0,HOLD,0,agent_a
10,WHEAT,1,1,35,37.0,False,0,HOLD,0,agent_d
10,WHEAT,1,1,35,,False,0,HOLD,0,agent_a
10,WHEAT,1,1,35,37.0,False,0,HOLD,0,agent_d
10,WHEAT,1,1,35,,False,0,HOLD,0,agent_a
10,WHEAT,1,1,35,37.0,False,0,HOLD,0,agent_d
10,WHEAT,1,1,35,,False,0,HOLD,0,agent_a
10,WHEAT,1,1,35,38.0,False,0,HOLD,0,agent_d
10,WHEAT,1,1,35,,False,0,HOLD,0,agent_a
10,WHEAT,1,1,35,38.0,False,0,HOLD,0,agent_d
10,WHEAT,1,1,35,,False,0,HOLD,0,agent_a
10,WHEAT,1,1,35,38.0,False,0,HOLD,0,agent_d
10,WHEAT,1,1,35,,False,0,HOLD,0,agent_a
11,WHEAT,5,5,35,37.0,False,0,HOLD,0,agent_d
11,STRAWBERRY,6,6,160,85.0,False,0,HOLD,0,agent_d
11,MELON,59,59,272,84.0,False,0,HOLD,0,agent_d
11,WHEAT,5,5,35,,False,0,HOLD,0,agent_a
11,STRAWBERRY,6,6,160,,False,0,HOLD,0,agent_a
11,MELON,59,59,272,,False,0,HOLD,0,agent_a
11,WHEAT,2,2,35,37.0,False,3,SELL,105,agent_d
11,MELON,38,38,244,46.0,False,21,PARTIAL_SELL,5124,agent_d
11,WHEAT,2,2,35,,False,3,SELL,105,agent_a
11,MELON,44,44,244,,False,15,PARTIAL_SELL,3660,agent_a
11,WHEAT,2,2,35,37.0,False,0,HOLD,0,agent_d
11,MELON,17,17,214,10.0,False,21,SELL,4494,agent_d
11,WHEAT,2,2,35,,False,0,HOLD,0,agent_a
11,MELON,29,29,214,,False,15,PARTIAL_SELL,3210,agent_a
11,MELON,14,14,165,,False,15,SELL,2475,agent_a
11,MELON,14,14,165,,False,0,HOLD,0,agent_a
11,WHEAT,1,1,35,38.0,False,0,HOLD,0,agent_d
11,WHEAT,1,1,35,,False,0,HOLD,0,agent_a
11,MELON,14,14,165,,False,0,HOLD,0,agent_a
11,WHEAT,1,1,35,38.0,False,0,HOLD,0,agent_d
11,WHEAT,1,1,35,,False,0,HOLD,0,agent_a
11,MELON,14,14,165,,False,0,HOLD,0,agent_a
11,WHEAT,1,1,35,38.0,False,0,HOLD,0,agent_d
11,WHEAT,1,1,35,,False,0,HOLD,0,agent_a
11,MELON,14,14,165,,False,0,HOLD,0,agent_a
11,WHEAT,1,1,35,38.0,False,0,HOLD,0,agent_d
11,WHEAT,1,1,35,,False,0,HOLD,0,agent_a
11,MELON,14,14,165,,False,0,HOLD,0,agent_a
11,WHEAT,1,1,35,38.0,False,0,HOLD,0,agent_d
11,WHEAT,1,1,35,,False,0,HOLD,0,agent_a
11,MELON,14,14,165,,False,0,HOLD,0,agent_a
11,WHEAT,1,1,35,38.0,False,0,HOLD,0,agent_d
11,WHEAT,1,1,35,,False,0,HOLD,0,agent_a
11,MELON,14,14,165,,False,0,HOLD,0,agent_a
11,WHEAT,1,1,35,38.0,False,0,HOLD,0,agent_d
11,WHEAT,1,1,35,,False,0,HOLD,0,agent_a
11,MELON,14,14,165,,False,0,HOLD,0,agent_a
11,WHEAT,1,1,35,38.0,False,0,HOLD,0,agent_d
11,WHEAT,1,1,35,,False,0,HOLD,0,agent_a
11,MELON,14,14,165,,False,0,HOLD,0,agent_a
11,WHEAT,1,1,36,38.0,False,0,HOLD,0,agent_d
11,WHEAT,1,1,36,,False,0,HOLD,0,agent_a
11,MELON,14,14,165,,False,0,HOLD,0,agent_a
11,WHEAT,1,1,36,38.0,False,0,HOLD,0,agent_d
11,WHEAT,1,1,36,,False,0,HOLD,0,agent_a
11,MELON,14,14,165,,False,0,HOLD,0,agent_a
11,WHEAT,1,1,36,38.0,False,0,HOLD,0,agent_d
11,WHEAT,1,1,36,,False,0,HOLD,0,agent_a
11,MELON,14,14,165,,False,0,HOLD,0,agent_a
11,WHEAT,1,1,36,38.0,False,0,HOLD,0,agent_d
11,WHEAT,1,1,36,,False,0,HOLD,0,agent_a
11,MELON,14,14,165,,False,0,HOLD,0,agent_a
11,WHEAT,1,1,36,38.0,False,0,HOLD,0,agent_d
11,WHEAT,1,1,36,,False,0,HOLD,0,agent_a
11,MELON,14,14,165,,False,0,HOLD,0,agent_a
11,WHEAT,1,1,36,38.0,False,0,HOLD,0,agent_d
11,WHEAT,1,1,36,,False,0,HOLD,0,agent_a
11,MELON,14,14,165,,False,0,HOLD,0,agent_a
11,WHEAT,1,1,36,38.0,False,0,HOLD,0,agent_d
11,WHEAT,1,1,36,,False,0,HOLD,0,agent_a
11,MELON,14,14,165,,False,0,HOLD,0,agent_a
11,WHEAT,1,1,36,38.0,False,0,HOLD,0,agent_d
11,WHEAT,1,1,36,,False,0,HOLD,0,agent_a
11,MELON,14,14,165,,False,0,HOLD,0,agent_a
11,WHEAT,1,1,36,38.0,False,0,HOLD,0,agent_d
11,WHEAT,1,1,36,,False,0,HOLD,0,agent_a
11,MELON,14,14,165,,False,0,HOLD,0,agent_a
11,WHEAT,1,1,36,38.0,False,0,HOLD,0,agent_d
11,WHEAT,1,1,36,,False,0,HOLD,0,agent_a
11,MELON,14,14,165,,False,0,HOLD,0,agent_a
11,WHEAT,1,1,36,38.0,False,0,HOLD,0,agent_d
11,WHEAT,1,1,36,,False,0,HOLD,0,agent_a
11,MELON,14,14,165,,False,0,HOLD,0,agent_a
12,WHEAT,2,2,36,38.0,False,0,HOLD,0,agent_d
12,STRAWBERRY,2,2,156,41.0,False,0,HOLD,0,agent_d
12,WHEAT,2,2,36,,False,0,HOLD,0,agent_a
12,STRAWBERRY,2,2,156,,False,0,HOLD,0,agent_a
12,MELON,14,14,165,,False,0,HOLD,0,agent_a
12,WHEAT,2,2,36,38.0,False,0,HOLD,0,agent_d
12,WHEAT,2,2,36,,False,0,HOLD,0,agent_a
12,MELON,14,14,167,,False,0,HOLD,0,agent_a
12,WHEAT,2,2,36,38.0,False,0,HOLD,0,agent_d
12,WHEAT,2,2,36,,False,0,HOLD,0,agent_a
12,MELON,14,14,167,,False,0,HOLD,0,agent_a
12,WHEAT,2,2,36,38.0,False,0,HOLD,0,agent_d
12,WHEAT,2,2,36,,False,0,HOLD,0,agent_a
12,MELON,14,14,167,,False,0,HOLD,0,agent_a
12,MELON,14,14,167,,False,0,HOLD,0,agent_a
12,MELON,14,14,167,,False,0,HOLD,0,agent_a
12,WHEAT,1,1,36,38.0,False,0,HOLD,0,agent_d
12,WHEAT,1,1,36,,False,0,HOLD,0,agent_a
12,MELON,14,14,167,,False,0,HOLD,0,agent_a
12,WHEAT,1,1,36,38.0,False,0,HOLD,0,agent_d
12,WHEAT,1,1,36,,False,0,HOLD,0,agent_a
12,MELON,14,14,167,,False,0,HOLD,0,agent_a
12,WHEAT,1,1,36,38.0,False,0,HOLD,0,agent_d
12,WHEAT,1,1,36,,False,0,HOLD,0,agent_a
12,MELON,14,14,167,,False,0,HOLD,0,agent_a
12,WHEAT,1,1,36,39.0,False,0,HOLD,0,agent_d
12,WHEAT,1,1,36,,False,0,HOLD,0,agent_a
12,MELON,14,14,167,,False,0,HOLD,0,agent_a
12,WHEAT,1,1,36,39.0,False,0,HOLD,0,agent_d
12,WHEAT,1,1,36,,False,0,HOLD,0,agent_a
12,MELON,14,14,167,,False,0,HOLD,0,agent_a
12,WHEAT,1,1,36,39.0,False,0,HOLD,0,agent_d
12,WHEAT,1,1,36,,False,0,HOLD,0,agent_a
12,MELON,14,14,167,,False,0,HOLD,0,agent_a
12,WHEAT,1,1,36,39.0,False,0,HOLD,0,agent_d
12,WHEAT,1,1,36,,False,0,HOLD,0,agent_a
12,MELON,14,14,167,,False,0,HOLD,0,agent_a
12,WHEAT,1,1,36,39.0,False,0,HOLD,0,agent_d
12,WHEAT,1,1,36,,False,0,HOLD,0,agent_a
12,MELON,14,14,167,,False,0,HOLD,0,agent_a
12,WHEAT,1,1,36,39.0,False,0,HOLD,0,agent_d
12,WHEAT,1,1,36,,False,0,HOLD,0,agent_a
12,MELON,14,14,167,,False,0,HOLD,0,agent_a
12,WHEAT,1,1,36,39.0,False,0,HOLD,0,agent_d
12,WHEAT,1,1,36,,False,0,HOLD,0,agent_a
12,MELON,14,14,167,,False,0,HOLD,0,agent_a
12,WHEAT,1,1,36,39.0,False,0,HOLD,0,agent_d
12,WHEAT,1,1,36,,False,0,HOLD,0,agent_a
12,MELON,14,14,167,,False,0,HOLD,0,agent_a
12,WHEAT,1,1,37,39.0,False,0,HOLD,0,agent_d
12,WHEAT,1,1,37,,False,0,HOLD,0,agent_a
12,MELON,14,14,167,,False,0,HOLD,0,agent_a
12,WHEAT,1,1,37,39.0,False,0,HOLD,0,agent_d
12,WHEAT,1,1,37,,False,0,HOLD,0,agent_a
12,MELON,14,14,167,,False,0,HOLD,0,agent_a
12,WHEAT,1,1,37,39.0,False,0,HOLD,0,agent_d
12,WHEAT,1,1,37,,False,0,HOLD,0,agent_a
12,MELON,14,14,167,,False,0,HOLD,0,agent_a
12,WHEAT,1,1,37,39.0,False,0,HOLD,0,agent_d
12,WHEAT,1,1,37,,False,0,HOLD,0,agent_a
12,MELON,14,14,167,,False,0,HOLD,0,agent_a
12,WHEAT,1,1,37,39.0,False,0,HOLD,0,agent_d
12,WHEAT,1,1,37,,False,0,HOLD,0,agent_a
12,MELON,14,14,167,,False,0,HOLD,0,agent_a
12,WHEAT,1,1,37,39.0,False,0,HOLD,0,agent_d
12,WHEAT,1,1,37,,False,0,HOLD,0,agent_a
12,MELON,14,14,167,,False,0,HOLD,0,agent_a
12,WHEAT,1,1,37,39.0,False,0,HOLD,0,agent_d
12,WHEAT,1,1,37,,False,0,HOLD,0,agent_a
12,MELON,14,14,167,,False,0,HOLD,0,agent_a
13,WHEAT,2,2,37,39.0,False,0,HOLD,0,agent_d
13,STRAWBERRY,5,5,158,41.0,False,0,HOLD,0,agent_d
13,MELON,5,5,167,10.0,False,0,HOLD,0,agent_d
13,WOOL,4,4,215,232.0,False,0,HOLD,0,agent_d
13,WHEAT,2,2,37,,False,0,HOLD,0,agent_a
13,STRAWBERRY,5,5,158,,False,0,HOLD,0,agent_a
13,MELON,19,19,167,,False,0,HOLD,0,agent_a
13,WOOL,4,4,215,,False,0,HOLD,0,agent_a
13,WHEAT,2,2,37,39.0,False,0,HOLD,0,agent_d
13,WHEAT,2,2,37,,False,0,HOLD,0,agent_a
13,MELON,19,19,160,,False,0,HOLD,0,agent_a
13,WHEAT,2,2,37,39.0,False,0,HOLD,0,agent_d
13,WHEAT,2,2,37,,False,0,HOLD,0,agent_a
13,MELON,19,19,160,,False,0,HOLD,0,agent_a
13,MELON,19,19,160,,False,0,HOLD,0,agent_a
13,MELON,19,19,160,,False,0,HOLD,0,agent_a
13,WHEAT,1,1,37,39.0,False,0,HOLD,0,agent_d
13,WHEAT,1,1,37,,False,0,HOLD,0,agent_a
13,MELON,19,19,160,,False,0,HOLD,0,agent_a
13,WHEAT,1,1,37,39.0,False,0,HOLD,0,agent_d
13,WHEAT,1,1,37,,False,0,HOLD,0,agent_a
13,MELON,19,19,160,,False,0,HOLD,0,agent_a
13,WHEAT,1,1,37,39.0,False,0,HOLD,0,agent_d
13,WHEAT,1,1,37,,False,0,HOLD,0,agent_a
13,MELON,19,19,160,,False,0,HOLD,0,agent_a
13,WHEAT,1,1,37,39.0,False,0,HOLD,0,agent_d
13,WHEAT,1,1,37,,False,0,HOLD,0,agent_a
13,MELON,19,19,160,,False,0,HOLD,0,agent_a
13,WHEAT,1,1,37,39.0,False,0,HOLD,0,agent_d
13,WHEAT,1,1,37,,False,0,HOLD,0,agent_a
13,MELON,19,19,160,,False,0,HOLD,0,agent_a
13,WHEAT,1,1,37,39.0,False,0,HOLD,0,agent_d
13,WHEAT,1,1,37,,False,0,HOLD,0,agent_a
13,MELON,19,19,160,,False,0,HOLD,0,agent_a
13,WHEAT,1,1,37,39.0,False,0,HOLD,0,agent_d
13,WHEAT,1,1,37,,False,0,HOLD,0,agent_a
13,MELON,19,19,160,,False,0,HOLD,0,agent_a
13,WHEAT,1,1,37,39.0,False,0,HOLD,0,agent_d
13,WHEAT,1,1,37,,False,0,HOLD,0,agent_a
13,MELON,19,19,160,,False,0,HOLD,0,agent_a
13,WHEAT,1,1,37,39.0,False,0,HOLD,0,agent_d
13,WHEAT,1,1,37,,False,0,HOLD,0,agent_a
13,MELON,19,19,160,,False,0,HOLD,0,agent_a
13,WHEAT,1,1,37,39.0,False,0,HOLD,0,agent_d
13,WHEAT,1,1,37,,False,0,HOLD,0,agent_a
13,MELON,19,19,160,,False,0,HOLD,0,agent_a
13,WHEAT,1,1,37,39.0,False,0,HOLD,0,agent_d
13,WHEAT,1,1,37,,False,0,HOLD,0,agent_a
13,MELON,19,19,160,,False,0,HOLD,0,agent_a
13,WHEAT,1,1,37,39.0,False,0,HOLD,0,agent_d
13,WHEAT,1,1,37,,False,0,HOLD,0,agent_a
13,MELON,19,19,160,,False,0,HOLD,0,agent_a
13,WHEAT,1,1,37,39.0,False,0,HOLD,0,agent_d
13,WHEAT,1,1,37,,False,0,HOLD,0,agent_a
13,MELON,19,19,160,,False,0,HOLD,0,agent_a
13,WHEAT,1,1,37,39.0,False,0,HOLD,0,agent_d
13,WHEAT,1,1,37,,False,0,HOLD,0,agent_a
13,MELON,19,19,160,,False,0,HOLD,0,agent_a
13,WHEAT,1,1,37,39.0,False,0,HOLD,0,agent_d
13,WHEAT,1,1,37,,False,0,HOLD,0,agent_a
13,MELON,19,19,160,,False,0,HOLD,0,agent_a
13,WHEAT,1,1,37,39.0,False,0,HOLD,0,agent_d
13,WHEAT,1,1,37,,False,0,HOLD,0,agent_a
13,MELON,19,19,160,,False,0,HOLD,0,agent_a
13,WHEAT,1,1,38,39.0,False,0,HOLD,0,agent_d
13,WHEAT,1,1,38,,False,0,HOLD,0,agent_a
13,MELON,19,19,160,,False,0,HOLD,0,agent_a
13,WHEAT,1,1,38,39.0,False,0,HOLD,0,agent_d
13,WHEAT,1,1,38,,False,0,HOLD,0,agent_a
13,MELON,19,19,160,,False,0,HOLD,0,agent_a
13,WHEAT,1,1,38,39.0,False,0,HOLD,0,agent_d
13,WHEAT,1,1,38,,False,0,HOLD,0,agent_a
13,MELON,19,19,160,,False,0,HOLD,0,agent_a
14,WHEAT,2,2,38,39.0,False,0,HOLD,0,agent_d
14,STRAWBERRY,2,2,156,41.0,False,0,HOLD,0,agent_d
14,WHEAT,2,2,38,,False,0,HOLD,0,agent_a
14,STRAWBERRY,2,2,156,,False,0,HOLD,0,agent_a
14,MELON,19,19,160,,False,0,HOLD,0,agent_a
14,WHEAT,2,2,38,39.0,False,0,HOLD,0,agent_d
14,WHEAT,2,2,38,,False,0,HOLD,0,agent_a
14,MELON,19,19,162,,False,0,HOLD,0,agent_a
14,WHEAT,2,2,38,39.0,False,0,HOLD,0,agent_d
14,WHEAT,2,2,38,,False,0,HOLD,0,agent_a
14,MELON,19,19,162,,False,0,HOLD,0,agent_a
14,MELON,19,19,162,,False,0,HOLD,0,agent_a
14,MELON,19,19,162,,False,0,HOLD,0,agent_a
14,WHEAT,1,1,38,40.0,False,0,HOLD,0,agent_d
14,WHEAT,1,1,38,,False,0,HOLD,0,agent_a
14,MELON,19,19,162,,False,0,HOLD,0,agent_a
14,WHEAT,1,1,38,40.0,False,0,HOLD,0,agent_d
14,WHEAT,1,1,38,,False,0,HOLD,0,agent_a
14,MELON,19,19,162,,False,0,HOLD,0,agent_a
14,WHEAT,1,1,38,40.0,False,0,HOLD,0,agent_d
14,WHEAT,1,1,38,,False,0,HOLD,0,agent_a
14,MELON,19,19,162,,False,0,HOLD,0,agent_a
14,WHEAT,1,1,38,40.0,False,0,HOLD,0,agent_d
14,WHEAT,1,1,38,,False,0,HOLD,0,agent_a
14,MELON,19,19,162,,False,0,HOLD,0,agent_a
14,WHEAT,1,1,38,40.0,False,0,HOLD,0,agent_d
14,WHEAT,1,1,38,,False,0,HOLD,0,agent_a
14,MELON,19,19,162,,False,0,HOLD,0,agent_a
14,WHEAT,1,1,38,40.0,False,0,HOLD,0,agent_d
14,WHEAT,1,1,38,,False,0,HOLD,0,agent_a
14,MELON,19,19,162,,False,0,HOLD,0,agent_a
14,WHEAT,1,1,38,40.0,False,0,HOLD,0,agent_d
14,WHEAT,1,1,38,,False,0,HOLD,0,agent_a
14,MELON,19,19,162,,False,0,HOLD,0,agent_a
14,WHEAT,1,1,38,40.0,False,0,HOLD,0,agent_d
14,WHEAT,1,1,38,,False,0,HOLD,0,agent_a
14,MELON,19,19,162,,False,0,HOLD,0,agent_a
14,WHEAT,1,1,38,40.0,False,0,HOLD,0,agent_d
14,WHEAT,1,1,38,,False,0,HOLD,0,agent_a
14,MELON,19,19,162,,False,0,HOLD,0,agent_a
14,WHEAT,1,1,38,40.0,False,0,HOLD,0,agent_d
14,WHEAT,1,1,38,,False,0,HOLD,0,agent_a
14,MELON,19,19,162,,False,0,HOLD,0,agent_a
14,WHEAT,1,1,38,40.0,False,0,HOLD,0,agent_d
14,WHEAT,1,1,38,,False,0,HOLD,0,agent_a
14,MELON,19,19,162,,False,0,HOLD,0,agent_a
14,WHEAT,1,1,38,40.0,False,0,HOLD,0,agent_d
14,WHEAT,1,1,38,,False,0,HOLD,0,agent_a
14,MELON,19,19,162,,False,0,HOLD,0,agent_a
14,WHEAT,1,1,38,40.0,False,0,HOLD,0,agent_d
14,WHEAT,1,1,38,,False,0,HOLD,0,agent_a
14,MELON,19,19,162,,False,0,HOLD,0,agent_a
14,WHEAT,1,1,38,40.0,False,0,HOLD,0,agent_d
14,WHEAT,1,1,38,,False,0,HOLD,0,agent_a
14,MELON,19,19,162,,False,0,HOLD,0,agent_a
14,WHEAT,1,1,38,40.0,False,0,HOLD,0,agent_d
14,WHEAT,1,1,38,,False,0,HOLD,0,agent_a
14,MELON,19,19,162,,False,0,HOLD,0,agent_a
14,WHEAT,1,1,38,40.0,False,0,HOLD,0,agent_d
14,WHEAT,1,1,38,,False,0,HOLD,0,agent_a
14,MELON,19,19,162,,False,0,HOLD,0,agent_a
14,WHEAT,1,1,38,40.0,False,0,HOLD,0,agent_d
14,WHEAT,1,1,38,,False,0,HOLD,0,agent_a
14,MELON,19,19,162,,False,0,HOLD,0,agent_a
14,WHEAT,1,1,38,40.0,False,0,HOLD,0,agent_d
14,WHEAT,1,1,38,,False,0,HOLD,0,agent_a
14,MELON,19,19,162,,False,0,HOLD,0,agent_a
14,WHEAT,1,1,38,40.0,False,0,HOLD,0,agent_d
14,WHEAT,1,1,38,,False,0,HOLD,0,agent_a
14,MELON,19,19,162,,False,0,HOLD,0,agent_a
15,WHEAT,2,2,38,41.0,False,0,HOLD,0,agent_d
15,STRAWBERRY,6,6,158,76.0,False,0,HOLD,0,agent_d
15,WHEAT,2,2,38,,False,0,HOLD,0,agent_a
15,STRAWBERRY,6,6,158,,False,0,HOLD,0,agent_a
15,MELON,19,19,162,,False,0,HOLD,0,agent_a
15,WHEAT,2,2,39,41.0,False,0,HOLD,0,agent_d
15,WHEAT,2,2,39,,False,0,HOLD,0,agent_a
15,MELON,19,19,164,,False,0,HOLD,0,agent_a
15,WHEAT,2,2,39,41.0,False,0,HOLD,0,agent_d
15,WHEAT,2,2,39,,False,0,HOLD,0,agent_a
15,MELON,19,19,164,,False,0,HOLD,0,agent_a
15,WHEAT,2,2,39,41.0,False,0,HOLD,0,agent_d
15,WHEAT,2,2,39,,False,0,HOLD,0,agent_a
15,MELON,19,19,164,,False,0,HOLD,0,agent_a
15,MELON,19,19,164,,False,0,HOLD,0,agent_a
15,MELON,19,19,164,,False,0,HOLD,0,agent_a
15,WHEAT,1,1,39,41.0,False,0,HOLD,0,agent_d
15,WHEAT,1,1,39,,False,0,HOLD,0,agent_a
15,MELON,19,19,164,,False,0,HOLD,0,agent_a
15,WHEAT,1,1,39,41.0,False,0,HOLD,0,agent_d
15,WHEAT,1,1,39,,False,0,HOLD,0,agent_a
15,MELON,19,19,164,,False,0,HOLD,0,agent_a
15,WHEAT,1,1,39,41.0,False,0,HOLD,0,agent_d
15,WHEAT,1,1,39,,False,0,HOLD,0,agent_a
15,MELON,19,19,164,,False,0,HOLD,0,agent_a
15,WHEAT,1,1,39,41.0,False,0,HOLD,0,agent_d
15,WHEAT,1,1,39,,False,0,HOLD,0,agent_a
15,MELON,19,19,164,,False,0,HOLD,0,agent_a
15,WHEAT,1,1,39,41.0,False,0,HOLD,0,agent_d
15,WHEAT,1,1,39,,False,0,HOLD,0,agent_a
15,MELON,19,19,164,,False,0,HOLD,0,agent_a
15,WHEAT,1,1,39,41.0,False,0,HOLD,0,agent_d
15,WHEAT,1,1,39,,False,0,HOLD,0,agent_a
15,MELON,19,19,164,,False,0,HOLD,0,agent_a
15,WHEAT,1,1,39,41.0,False,0,HOLD,0,agent_d
15,WHEAT,1,1,39,,False,0,HOLD,0,agent_a
15,MELON,19,19,164,,False,0,HOLD,0,agent_a
15,WHEAT,1,1,39,42.0,False,0,HOLD,0,agent_d
15,WHEAT,1,1,39,,False,0,HOLD,0,agent_a
15,MELON,19,19,164,,False,0,HOLD,0,agent_a
15,WHEAT,1,1,39,42.0,False,0,HOLD,0,agent_d
15,WHEAT,1,1,39,,False,0,HOLD,0,agent_a
15,MELON,19,19,164,,False,0,HOLD,0,agent_a
15,WHEAT,1,1,39,42.0,False,0,HOLD,0,agent_d
15,WHEAT,1,1,39,,False,0,HOLD,0,agent_a
15,MELON,19,19,164,,False,0,HOLD,0,agent_a
15,WHEAT,1,1,39,42.0,False,0,HOLD,0,agent_d
15,WHEAT,1,1,39,,False,0,HOLD,0,agent_a
15,MELON,19,19,164,,False,0,HOLD,0,agent_a
15,WHEAT,1,1,39,42.0,False,0,HOLD,0,agent_d
15,WHEAT,1,1,39,,False,0,HOLD,0,agent_a
15,MELON,19,19,164,,False,0,HOLD,0,agent_a
15,WHEAT,1,1,39,42.0,False,0,HOLD,0,agent_d
15,WHEAT,1,1,39,,False,0,HOLD,0,agent_a
15,MELON,19,19,164,,False,0,HOLD,0,agent_a
15,WHEAT,1,1,39,42.0,False,0,HOLD,0,agent_d
15,WHEAT,1,1,39,,False,0,HOLD,0,agent_a
15,MELON,19,19,164,,False,0,HOLD,0,agent_a
15,WHEAT,1,1,39,42.0,False,0,HOLD,0,agent_d
15,WHEAT,1,1,39,,False,0,HOLD,0,agent_a
15,MELON,19,19,164,,False,0,HOLD,0,agent_a
15,WHEAT,1,1,39,42.0,False,0,HOLD,0,agent_d
15,WHEAT,1,1,39,,False,0,HOLD,0,agent_a
15,MELON,19,19,164,,False,0,HOLD,0,agent_a
15,WHEAT,1,1,39,42.0,False,0,HOLD,0,agent_d
15,WHEAT,1,1,39,,False,0,HOLD,0,agent_a
15,MELON,19,19,164,,False,0,HOLD,0,agent_a
15,WHEAT,1,1,39,42.0,False,0,HOLD,0,agent_d
15,WHEAT,1,1,39,,False,0,HOLD,0,agent_a
15,MELON,19,19,164,,False,0,HOLD,0,agent_a
16,WHEAT,3,3,39,42.0,False,0,HOLD,0,agent_d
16,STRAWBERRY,2,2,159,76.0,False,0,HOLD,0,agent_d
16,WOOL,4,4,231,237.0,False,0,HOLD,0,agent_d
16,WHEAT,3,3,39,,False,0,HOLD,0,agent_a
16,STRAWBERRY,2,2,159,,False,0,HOLD,0,agent_a
16,MELON,19,19,164,,False,0,HOLD,0,agent_a
16,WOOL,4,4,231,,False,0,HOLD,0,agent_a
16,WHEAT,2,2,39,42.0,False,1,PARTIAL_SELL,39,agent_d
16,WHEAT,2,2,39,,False,1,PARTIAL_SELL,39,agent_a
16,MELON,19,19,165,,False,0,HOLD,0,agent_a
16,WHEAT,2,2,39,42.0,False,0,HOLD,0,agent_d
16,WHEAT,2,2,39,,False,0,HOLD,0,agent_a
16,MELON,19,19,165,,False,0,HOLD,0,agent_a
16,MELON,19,19,165,,False,0,HOLD,0,agent_a
16,MELON,19,19,165,,False,0,HOLD,0,agent_a
16,WHEAT,1,1,40,42.0,False,0,HOLD,0,agent_d
16,WHEAT,1,1,40,,False,0,HOLD,0,agent_a
16,MELON,19,19,165,,False,0,HOLD,0,agent_a
16,WHEAT,1,1,40,42.0,False,0,HOLD,0,agent_d
16,WHEAT,1,1,40,,False,0,HOLD,0,agent_a
16,MELON,19,19,165,,False,0,HOLD,0,agent_a
16,WHEAT,1,1,40,42.0,False,0,HOLD,0,agent_d
16,WHEAT,1,1,40,,False,0,HOLD,0,agent_a
16,MELON,19,19,165,,False,0,HOLD,0,agent_a
16,WHEAT,1,1,40,42.0,False,0,HOLD,0,agent_d
16,WHEAT,1,1,40,,False,0,HOLD,0,agent_a
16,MELON,19,19,165,,False,0,HOLD,0,agent_a
16,WHEAT,1,1,40,42.0,False,0,HOLD,0,agent_d
16,WHEAT,1,1,40,,False,0,HOLD,0,agent_a
16,MELON,19,19,165,,False,0,HOLD,0,agent_a
16,WHEAT,1,1,40,42.0,False,0,HOLD,0,agent_d
16,WHEAT,1,1,40,,False,0,HOLD,0,agent_a
16,MELON,19,19,165,,False,0,HOLD,0,agent_a
16,WHEAT,1,1,40,42.0,False,0,HOLD,0,agent_d
16,WHEAT,1,1,40,,False,0,HOLD,0,agent_a
16,MELON,19,19,165,,False,0,HOLD,0,agent_a
16,WHEAT,1,1,40,42.0,False,0,HOLD,0,agent_d
16,WHEAT,1,1,40,,False,0,HOLD,0,agent_a
16,MELON,19,19,165,,False,0,HOLD,0,agent_a
16,WHEAT,1,1,40,42.0,False,0,HOLD,0,agent_d
16,WHEAT,1,1,40,,False,0,HOLD,0,agent_a
16,MELON,19,19,165,,False,0,HOLD,0,agent_a
16,WHEAT,1,1,40,42.0,False,0,HOLD,0,agent_d
16,WHEAT,1,1,40,,False,0,HOLD,0,agent_a
16,MELON,19,19,165,,False,0,HOLD,0,agent_a
16,WHEAT,1,1,40,42.0,False,0,HOLD,0,agent_d
16,WHEAT,1,1,40,,False,0,HOLD,0,agent_a
16,MELON,19,19,165,,False,0,HOLD,0,agent_a
16,WHEAT,1,1,40,42.0,False,0,HOLD,0,agent_d
16,WHEAT,1,1,40,,False,0,HOLD,0,agent_a
16,MELON,19,19,165,,False,0,HOLD,0,agent_a
16,WHEAT,1,1,40,42.0,False,0,HOLD,0,agent_d
16,WHEAT,1,1,40,,False,0,HOLD,0,agent_a
16,MELON,19,19,165,,False,0,HOLD,0,agent_a
16,WHEAT,1,1,40,42.0,False,0,HOLD,0,agent_d
16,WHEAT,1,1,40,,False,0,HOLD,0,agent_a
16,MELON,19,19,165,,False,0,HOLD,0,agent_a
16,WHEAT,1,1,40,42.0,False,0,HOLD,0,agent_d
16,WHEAT,1,1,40,,False,0,HOLD,0,agent_a
16,MELON,19,19,165,,False,0,HOLD,0,agent_a
16,WHEAT,1,1,40,42.0,False,0,HOLD,0,agent_d
16,WHEAT,1,1,40,,False,0,HOLD,0,agent_a
16,MELON,19,19,165,,False,0,HOLD,0,agent_a
16,WHEAT,1,1,40,42.0,False,0,HOLD,0,agent_d
16,WHEAT,1,1,40,,False,0,HOLD,0,agent_a
16,MELON,19,19,165,,False,0,HOLD,0,agent_a
16,WHEAT,1,1,40,42.0,False,0,HOLD,0,agent_d
16,WHEAT,1,1,40,,False,0,HOLD,0,agent_a
16,MELON,19,19,165,,False,0,HOLD,0,agent_a
16,WHEAT,1,1,40,42.0,False,0,HOLD,0,agent_d
16,WHEAT,1,1,40,,False,0,HOLD,0,agent_a
16,MELON,19,19,165,,False,0,HOLD,0,agent_a
17,WHEAT,2,2,40,42.0,False,0,HOLD,0,agent_d
17,STRAWBERRY,6,6,167,76.0,False,0,HOLD,0,agent_d
17,WHEAT,2,2,40,,False,0,HOLD,0,agent_a
17,STRAWBERRY,6,6,167,,False,0,HOLD,0,agent_a
17,MELON,19,19,165,,False,0,HOLD,0,agent_a
17,WHEAT,2,2,40,43.0,False,0,HOLD,0,agent_d
17,WHEAT,2,2,40,,False,0,HOLD,0,agent_a
17,MELON,19,19,167,,False,0,HOLD,0,agent_a
17,WHEAT,2,2,40,43.0,False,0,HOLD,0,agent_d
17,WHEAT,2,2,40,,False,0,HOLD,0,agent_a
17,MELON,19,19,167,,False,0,HOLD,0,agent_a
17,MELON,19,19,167,,False,0,HOLD,0,agent_a
17,MELON,19,19,167,,False,0,HOLD,0,agent_a
17,WHEAT,1,1,41,43.0,False,0,HOLD,0,agent_d
17,WHEAT,1,1,41,,False,0,HOLD,0,agent_a
17,MELON,19,19,167,,False,0,HOLD,0,agent_a
17,WHEAT,1,1,41,43.0,False,0,HOLD,0,agent_d
17,WHEAT,1,1,41,,False,0,HOLD,0,agent_a
17,MELON,19,19,167,,False,0,HOLD,0,agent_a
17,WHEAT,1,1,41,43.0,False,0,HOLD,0,agent_d
17,WHEAT,1,1,41,,False,0,HOLD,0,agent_a
17,MELON,19,19,167,,False,0,HOLD,0,agent_a
17,WHEAT,1,1,41,43.0,False,0,HOLD,0,agent_d
17,WHEAT,1,1,41,,False,0,HOLD,0,agent_a
17,MELON,19,19,167,,False,0,HOLD,0,agent_a
17,WHEAT,1,1,41,43.0,False,0,HOLD,0,agent_d
17,WHEAT,1,1,41,,False,0,HOLD,0,agent_a
17,MELON,19,19,167,,False,0,HOLD,0,agent_a
17,WHEAT,1,1,41,43.0,False,0,HOLD,0,agent_d
17,WHEAT,1,1,41,,False,0,HOLD,0,agent_a
17,MELON,19,19,167,,False,0,HOLD,0,agent_a
17,WHEAT,1,1,41,43.0,False,0,HOLD,0,agent_d
17,WHEAT,1,1,41,,False,0,HOLD,0,agent_a
17,MELON,19,19,167,,False,0,HOLD,0,agent_a
17,WHEAT,1,1,41,43.0,False,0,HOLD,0,agent_d
17,WHEAT,1,1,41,,False,0,HOLD,0,agent_a
17,MELON,19,19,167,,False,0,HOLD,0,agent_a
17,WHEAT,1,1,41,43.0,False,0,HOLD,0,agent_d
17,WHEAT,1,1,41,,False,0,HOLD,0,agent_a
17,MELON,19,19,167,,False,0,HOLD,0,agent_a
17,WHEAT,1,1,41,43.0,False,0,HOLD,0,agent_d
17,WHEAT,1,1,41,,False,0,HOLD,0,agent_a
17,MELON,19,19,167,,False,0,HOLD,0,agent_a
17,WHEAT,1,1,41,43.0,False,0,HOLD,0,agent_d
17,WHEAT,1,1,41,,False,0,HOLD,0,agent_a
17,MELON,19,19,167,,False,0,HOLD,0,agent_a
17,WHEAT,1,1,41,43.0,False,0,HOLD,0,agent_d
17,WHEAT,1,1,41,,False,0,HOLD,0,agent_a
17,MELON,19,19,167,,False,0,HOLD,0,agent_a
17,WHEAT,1,1,41,43.0,False,0,HOLD,0,agent_d
17,WHEAT,1,1,41,,False,0,HOLD,0,agent_a
17,MELON,19,19,167,,False,0,HOLD,0,agent_a
17,WHEAT,1,1,41,43.0,False,0,HOLD,0,agent_d
17,WHEAT,1,1,41,,False,0,HOLD,0,agent_a
17,MELON,19,19,167,,False,0,HOLD,0,agent_a
17,WHEAT,1,1,41,43.0,False,0,HOLD,0,agent_d
17,WHEAT,1,1,41,,False,0,HOLD,0,agent_a
17,MELON,19,19,167,,False,0,HOLD,0,agent_a
17,WHEAT,1,1,41,43.0,False,0,HOLD,0,agent_d
17,WHEAT,1,1,41,,False,0,HOLD,0,agent_a
17,MELON,19,19,167,,False,0,HOLD,0,agent_a
17,WHEAT,1,1,41,43.0,False,0,HOLD,0,agent_d
17,WHEAT,1,1,41,,False,0,HOLD,0,agent_a
17,MELON,19,19,167,,False,0,HOLD,0,agent_a
17,WHEAT,1,1,41,43.0,False,0,HOLD,0,agent_d
17,WHEAT,1,1,41,,False,0,HOLD,0,agent_a
17,MELON,19,19,167,,False,0,HOLD,0,agent_a
17,WHEAT,1,1,41,43.0,False,0,HOLD,0,agent_d
17,WHEAT,1,1,41,,False,0,HOLD,0,agent_a
17,MELON,19,19,167,,False,0,HOLD,0,agent_a
18,WHEAT,2,2,41,44.0,False,0,HOLD,0,agent_d
18,STRAWBERRY,2,2,168,76.0,False,0,HOLD,0,agent_d
18,WHEAT,2,2,41,,False,0,HOLD,0,agent_a
18,STRAWBERRY,2,2,168,,False,0,HOLD,0,agent_a
18,MELON,19,19,167,,False,0,HOLD,0,agent_a
18,WHEAT,2,2,41,44.0,False,0,HOLD,0,agent_d
18,WHEAT,2,2,41,,False,0,HOLD,0,agent_a
18,MELON,19,19,169,,False,0,HOLD,0,agent_a
18,WHEAT,2,2,41,44.0,False,0,HOLD,0,agent_d
18,WHEAT,2,2,41,,False,0,HOLD,0,agent_a
18,MELON,19,19,169,,False,0,HOLD,0,agent_a
18,WHEAT,2,2,41,44.0,False,0,HOLD,0,agent_d
18,WHEAT,2,2,41,,False,0,HOLD,0,agent_a
18,MELON,19,19,169,,False,0,HOLD,0,agent_a
18,MELON,19,19,169,,False,0,HOLD,0,agent_a
18,MELON,19,19,169,,False,0,HOLD,0,agent_a
18,WHEAT,1,1,41,44.0,False,0,HOLD,0,agent_d
18,WHEAT,1,1,41,,False,0,HOLD,0,agent_a
18,MELON,19,19,169,,False,0,HOLD,0,agent_a
18,WHEAT,1,1,41,44.0,False,0,HOLD,0,agent_d
18,WHEAT,1,1,41,,False,0,HOLD,0,agent_a
18,MELON,19,19,169,,False,0,HOLD,0,agent_a
18,WHEAT,1,1,41,44.0,False,0,HOLD,0,agent_d
18,WHEAT,1,1,41,,False,0,HOLD,0,agent_a
18,MELON,19,19,169,,False,0,HOLD,0,agent_a
18,WHEAT,1,1,42,44.0,False,0,HOLD,0,agent_d
18,WHEAT,1,1,42,,False,0,HOLD,0,agent_a
18,MELON,19,19,169,,False,0,HOLD,0,agent_a
18,WHEAT,1,1,42,44.0,False,0,HOLD,0,agent_d
18,WHEAT,1,1,42,,False,0,HOLD,0,agent_a
18,MELON,19,19,169,,False,0,HOLD,0,agent_a
18,WHEAT,1,1,42,44.0,False,0,HOLD,0,agent_d
18,WHEAT,1,1,42,,False,0,HOLD,0,agent_a
18,MELON,19,19,169,,False,0,HOLD,0,agent_a
18,WHEAT,1,1,42,44.0,False,0,HOLD,0,agent_d
18,WHEAT,1,1,42,,False,0,HOLD,0,agent_a
18,MELON,19,19,169,,False,0,HOLD,0,agent_a
18,WHEAT,1,1,42,44.0,False,0,HOLD,0,agent_d
18,WHEAT,1,1,42,,False,0,HOLD,0,agent_a
18,MELON,19,19,169,,False,0,HOLD,0,agent_a
18,WHEAT,1,1,42,44.0,False,0,HOLD,0,agent_d
18,WHEAT,1,1,42,,False,0,HOLD,0,agent_a
18,MELON,19,19,169,,False,0,HOLD,0,agent_a
18,WHEAT,1,1,42,44.0,False,0,HOLD,0,agent_d
18,WHEAT,1,1,42,,False,0,HOLD,0,agent_a
18,MELON,19,19,169,,False,0,HOLD,0,agent_a
18,WHEAT,1,1,42,44.0,False,0,HOLD,0,agent_d
18,WHEAT,1,1,42,,False,0,HOLD,0,agent_a
18,MELON,19,19,169,,False,0,HOLD,0,agent_a
18,WHEAT,1,1,42,44.0,False,0,HOLD,0,agent_d
18,WHEAT,1,1,42,,False,0,HOLD,0,agent_a
18,MELON,19,19,169,,False,0,HOLD,0,agent_a
18,WHEAT,1,1,42,44.0,False,0,HOLD,0,agent_d
18,WHEAT,1,1,42,,False,0,HOLD,0,agent_a
18,MELON,19,19,169,,False,0,HOLD,0,agent_a
18,WHEAT,1,1,42,44.0,False,0,HOLD,0,agent_d
18,WHEAT,1,1,42,,False,0,HOLD,0,agent_a
18,MELON,19,19,169,,False,0,HOLD,0,agent_a
18,WHEAT,1,1,42,44.0,False,0,HOLD,0,agent_d
18,WHEAT,1,1,42,,False,0,HOLD,0,agent_a
18,MELON,19,19,169,,False,0,HOLD,0,agent_a
18,WHEAT,1,1,42,45.0,False,0,HOLD,0,agent_d
18,WHEAT,1,1,42,,False,0,HOLD,0,agent_a
18,MELON,19,19,169,,False,0,HOLD,0,agent_a
18,WHEAT,1,1,42,45.0,False,0,HOLD,0,agent_d
18,WHEAT,1,1,42,,False,0,HOLD,0,agent_a
18,MELON,19,19,169,,False,0,HOLD,0,agent_a
18,WHEAT,1,1,42,45.0,False,0,HOLD,0,agent_d
18,WHEAT,1,1,42,,False,0,HOLD,0,agent_a
18,MELON,19,19,169,,False,0,HOLD,0,agent_a
19,WHEAT,2,2,42,45.0,True,0,HOLD,0,agent_d
19,WOOL,4,4,236,240.0,True,0,HOLD,0,agent_d
19,FERTILIZER,3,3,103,102.0,True,0,HOLD,0,agent_d
19,WHEAT,2,2,42,,True,0,HOLD,0,agent_a
19,MELON,19,19,169,,True,0,HOLD,0,agent_a
19,WOOL,4,4,236,,True,0,HOLD,0,agent_a
19,FERTILIZER,3,3,103,,True,0,HOLD,0,agent_a
19,WHEAT,2,2,42,45.0,True,0,HOLD,0,agent_d
19,FERTILIZER,1,1,102,102.0,True,3,LIQUIDATE,306,agent_d
19,WHEAT,2,2,42,,True,0,HOLD,0,agent_a
19,MELON,4,4,142,,True,15,LIQUIDATE,2130,agent_a
19,FERTILIZER,1,1,102,,True,3,LIQUIDATE,306,agent_a
19,WHEAT,2,2,42,45.0,True,0,HOLD,0,agent_d
19,FERTILIZER,1,1,102,102.0,True,1,LIQUIDATE,102,agent_d
19,WHEAT,2,2,42,,True,0,HOLD,0,agent_a
19,FERTILIZER,1,1,102,,True,1,LIQUIDATE,102,agent_a
19,FERTILIZER,1,1,102,102.0,True,1,LIQUIDATE,102,agent_d
19,FERTILIZER,1,1,102,,True,1,LIQUIDATE,102,agent_a
19,FERTILIZER,1,1,103,103.0,True,1,LIQUIDATE,103,agent_d
19,FERTILIZER,1,1,103,,True,1,LIQUIDATE,103,agent_a
19,WHEAT,1,1,42,45.0,True,0,HOLD,0,agent_d
19,FERTILIZER,1,1,103,103.0,True,1,LIQUIDATE,103,agent_d
19,WHEAT,1,1,42,,True,0,HOLD,0,agent_a
19,FERTILIZER,1,1,103,,True,1,LIQUIDATE,103,agent_a
19,WHEAT,1,1,42,45.0,True,0,HOLD,0,agent_d
19,FERTILIZER,1,1,103,103.0,True,1,LIQUIDATE,103,agent_d
19,WHEAT,1,1,42,,True,0,HOLD,0,agent_a
19,FERTILIZER,1,1,103,,True,1,LIQUIDATE,103,agent_a
19,WHEAT,1,1,42,45.0,True,0,HOLD,0,agent_d
19,FERTILIZER,1,1,103,103.0,True,1,LIQUIDATE,103,agent_d
19,WHEAT,1,1,42,,True,0,HOLD,0,agent_a
19,FERTILIZER,1,1,103,,True,1,LIQUIDATE,103,agent_a
19,WHEAT,1,1,42,45.0,True,0,HOLD,0,agent_d
19,FERTILIZER,1,1,103,103.0,True,1,LIQUIDATE,103,agent_d
19,WHEAT,1,1,42,,True,0,HOLD,0,agent_a
19,FERTILIZER,1,1,103,,True,1,LIQUIDATE,103,agent_a
19,WHEAT,1,1,43,45.0,True,0,HOLD,0,agent_d
19,FERTILIZER,1,1,103,103.0,True,1,LIQUIDATE,103,agent_d
19,WHEAT,1,1,43,,True,0,HOLD,0,agent_a
19,FERTILIZER,1,1,103,,True,1,LIQUIDATE,103,agent_a
19,WHEAT,1,1,43,45.0,True,0,HOLD,0,agent_d
19,FERTILIZER,1,1,103,103.0,True,1,LIQUIDATE,103,agent_d
19,WHEAT,1,1,43,,True,0,HOLD,0,agent_a
19,FERTILIZER,1,1,103,,True,1,LIQUIDATE,103,agent_a
19,WHEAT,1,1,43,45.0,True,0,HOLD,0,agent_d
19,FERTILIZER,1,1,103,103.0,True,1,LIQUIDATE,103,agent_d
19,WHEAT,1,1,43,,True,0,HOLD,0,agent_a
19,FERTILIZER,1,1,103,,True,1,LIQUIDATE,103,agent_a
19,WHEAT,1,1,43,45.0,True,0,HOLD,0,agent_d
19,FERTILIZER,1,1,103,103.0,True,1,LIQUIDATE,103,agent_d
19,WHEAT,1,1,43,,True,0,HOLD,0,agent_a
19,FERTILIZER,1,1,103,,True,1,LIQUIDATE,103,agent_a
19,WHEAT,1,1,43,45.0,True,0,HOLD,0,agent_d
19,FERTILIZER,1,1,103,103.0,True,1,LIQUIDATE,103,agent_d
19,WHEAT,1,1,43,,True,0,HOLD,0,agent_a
19,FERTILIZER,1,1,103,,True,1,LIQUIDATE,103,agent_a
19,WHEAT,1,1,43,45.0,True,0,HOLD,0,agent_d
19,FERTILIZER,1,1,103,103.0,True,1,LIQUIDATE,103,agent_d
19,WHEAT,1,1,43,,True,0,HOLD,0,agent_a
19,FERTILIZER,1,1,103,,True,1,LIQUIDATE,103,agent_a
19,WHEAT,1,1,43,45.0,True,0,HOLD,0,agent_d
19,FERTILIZER,1,1,104,103.0,True,1,LIQUIDATE,104,agent_d
19,WHEAT,1,1,43,,True,0,HOLD,0,agent_a
19,FERTILIZER,1,1,104,,True,1,LIQUIDATE,104,agent_a
19,WHEAT,1,1,43,45.0,True,0,HOLD,0,agent_d
19,WHEAT,1,1,43,,True,0,HOLD,0,agent_a
19,WHEAT,1,1,43,45.0,True,0,HOLD,0,agent_d
19,FERTILIZER,1,1,104,103.0,True,0,HOLD,0,agent_d
19,WHEAT,1,1,43,,True,0,HOLD,0,agent_a
19,FERTILIZER,1,1,104,,True,0,HOLD,0,agent_a
19,WHEAT,1,1,43,45.0,True,0,HOLD,0,agent_d
19,WHEAT,1,1,43,,True,0,HOLD,0,agent_a
19,WHEAT,1,1,43,45.0,True,0,HOLD,0,agent_d
19,FERTILIZER,1,1,104,103.0,True,0,HOLD,0,agent_d
19,WHEAT,1,1,43,,True,0,HOLD,0,agent_a
19,FERTILIZER,1,1,104,,True,0,HOLD,0,agent_a
19,WHEAT,1,1,43,45.0,True,0,HOLD,0,agent_d
19,WHEAT,1,1,43,,True,0,HOLD,0,agent_a
19,WHEAT,1,1,43,45.0,True,0,HOLD,0,agent_d
19,FERTILIZER,1,1,104,103.0,True,0,HOLD,0,agent_d
19,WHEAT,1,1,43,,True,0,HOLD,0,agent_a
19,FERTILIZER,1,1,104,,True,0,HOLD,0,agent_a
19,WHEAT,1,1,43,45.0,True,0,HOLD,0,agent_d
19,WHEAT,1,1,43,,True,0,HOLD,0,agent_a
19,WHEAT,1,1,43,45.0,True,0,HOLD,0,agent_d
19,FERTILIZER,1,1,104,103.0,True,0,HOLD,0,agent_d
19,WHEAT,1,1,43,,True,0,HOLD,0,agent_a
19,FERTILIZER,1,1,104,,True,0,HOLD,0,agent_a
20,WHEAT,2,2,43,45.0,True,0,HOLD,0,agent_d
20,STRAWBERRY,6,6,182,76.0,True,0,HOLD,0,agent_d
20,FERTILIZER,1,1,104,103.0,True,1,LIQUIDATE,104,agent_d
20,WHEAT,2,2,43,,True,0,HOLD,0,agent_a
20,STRAWBERRY,6,6,182,,True,0,HOLD,0,agent_a
20,FERTILIZER,1,1,104,,True,1,LIQUIDATE,104,agent_a
20,WHEAT,2,2,43,46.0,True,0,HOLD,0,agent_d
20,WHEAT,2,2,43,,True,0,HOLD,0,agent_a
20,WHEAT,2,2,43,46.0,True,0,HOLD,0,agent_d
20,WHEAT,2,2,43,,True,0,HOLD,0,agent_a
20,WHEAT,1,1,43,46.0,True,0,HOLD,0,agent_d
20,WHEAT,1,1,43,,True,0,HOLD,0,agent_a
20,WHEAT,1,1,43,46.0,True,0,HOLD,0,agent_d
20,WHEAT,1,1,43,,True,0,HOLD,0,agent_a
20,WHEAT,1,1,43,46.0,True,0,HOLD,0,agent_d
20,WHEAT,1,1,43,,True,0,HOLD,0,agent_a
20,WHEAT,1,1,43,46.0,True,0,HOLD,0,agent_d
20,WHEAT,1,1,43,,True,0,HOLD,0,agent_a
20,WHEAT,1,1,44,46.0,True,0,HOLD,0,agent_d
20,WHEAT,1,1,44,,True,0,HOLD,0,agent_a
20,WHEAT,1,1,44,46.0,True,0,HOLD,0,agent_d
20,WHEAT,1,1,44,,True,0,HOLD,0,agent_a
20,WHEAT,1,1,44,46.0,True,0,HOLD,0,agent_d
20,WHEAT,1,1,44,,True,0,HOLD,0,agent_a
20,WHEAT,1,1,44,46.0,True,0,HOLD,0,agent_d
20,WHEAT,1,1,44,,True,0,HOLD,0,agent_a
20,WHEAT,1,1,44,46.0,True,0,HOLD,0,agent_d
20,WHEAT,1,1,44,,True,0,HOLD,0,agent_a
20,WHEAT,1,1,44,46.0,True,0,HOLD,0,agent_d
20,WHEAT,1,1,44,,True,0,HOLD,0,agent_a
20,WHEAT,1,1,44,46.0,True,0,HOLD,0,agent_d
20,WHEAT,1,1,44,,True,0,HOLD,0,agent_a
20,WHEAT,1,1,44,45.0,True,0,HOLD,0,agent_d
20,WHEAT,1,1,44,,True,0,HOLD,0,agent_a
20,WHEAT,1,1,44,45.0,True,0,HOLD,0,agent_d
20,WHEAT,1,1,44,,True,0,HOLD,0,agent_a
20,WHEAT,1,1,44,45.0,True,0,HOLD,0,agent_d
20,WHEAT,1,1,44,,True,0,HOLD,0,agent_a
20,WHEAT,1,1,44,45.0,True,0,HOLD,0,agent_d
20,WHEAT,1,1,44,,True,0,HOLD,0,agent_a
20,WHEAT,1,1,44,44.0,True,0,HOLD,0,agent_d
20,WHEAT,1,1,44,,True,0,HOLD,0,agent_a
20,WHEAT,1,1,44,45.0,True,0,HOLD,0,agent_d
20,WHEAT,1,1,44,,True,0,HOLD,0,agent_a
20,WHEAT,1,1,44,45.0,True,0,HOLD,0,agent_d
20,WHEAT,1,1,44,,True,0,HOLD,0,agent_a
20,WHEAT,1,1,44,45.0,True,0,HOLD,0,agent_d
20,WHEAT,1,1,44,,True,0,HOLD,0,agent_a
21,WHEAT,2,2,44,45.0,True,0,HOLD,0,agent_d
21,MELON,29,29,136,73.0,True,0,HOLD,0,agent_d
21,WHEAT,2,2,44,,True,0,HOLD,0,agent_a
21,MELON,29,29,136,,True,0,HOLD,0,agent_a
21,WHEAT,2,2,44,45.0,True,0,HOLD,0,agent_d
21,MELON,3,3,34,34.0,True,26,LIQUIDATE,884,agent_d
21,FERTILIZER,1,1,104,103.0,True,0,HOLD,0,agent_d
21,WHEAT,2,2,44,,True,0,HOLD,0,agent_a
21,MELON,14,14,34,,True,15,LIQUIDATE,510,agent_a
21,FERTILIZER,1,1,104,,True,0,HOLD,0,agent_a
21,WHEAT,2,2,44,45.0,True,0,HOLD,0,agent_d
21,FERTILIZER,1,1,104,103.0,True,1,LIQUIDATE,104,agent_d
21,WHEAT,2,2,44,,True,0,HOLD,0,agent_a
21,FERTILIZER,1,1,104,,True,1,LIQUIDATE,104,agent_a
21,WHEAT,2,2,44,45.0,True,0,HOLD,0,agent_d
21,FERTILIZER,1,1,104,103.0,True,1,LIQUIDATE,104,agent_d
21,WHEAT,2,2,44,,True,0,HOLD,0,agent_a
21,FERTILIZER,1,1,104,,True,1,LIQUIDATE,104,agent_a
21,FERTILIZER,1,1,104,103.0,True,1,LIQUIDATE,104,agent_d
21,FERTILIZER,1,1,104,,True,1,LIQUIDATE,104,agent_a
21,FERTILIZER,1,1,104,103.0,True,1,LIQUIDATE,104,agent_d
21,FERTILIZER,1,1,104,,True,1,LIQUIDATE,104,agent_a
21,WHEAT,1,1,44,45.0,True,0,HOLD,0,agent_d
21,FERTILIZER,1,1,104,103.0,True,1,LIQUIDATE,104,agent_d
21,WHEAT,1,1,44,,True,0,HOLD,0,agent_a
21,FERTILIZER,1,1,104,,True,1,LIQUIDATE,104,agent_a
21,WHEAT,1,1,44,45.0,True,0,HOLD,0,agent_d
21,FERTILIZER,1,1,104,103.0,True,1,LIQUIDATE,104,agent_d
21,WHEAT,1,1,44,,True,0,HOLD,0,agent_a
21,FERTILIZER,1,1,104,,True,1,LIQUIDATE,104,agent_a
21,WHEAT,1,1,44,45.0,True,0,HOLD,0,agent_d
21,FERTILIZER,1,1,104,103.0,True,1,LIQUIDATE,104,agent_d
21,WHEAT,1,1,44,,True,0,HOLD,0,agent_a
21,FERTILIZER,1,1,104,,True,1,LIQUIDATE,104,agent_a
21,WHEAT,1,1,44,46.0,True,0,HOLD,0,agent_d
21,FERTILIZER,1,1,104,103.0,True,1,LIQUIDATE,104,agent_d
21,WHEAT,1,1,44,,True,0,HOLD,0,agent_a
21,FERTILIZER,1,1,104,,True,1,LIQUIDATE,104,agent_a
21,WHEAT,1,1,44,46.0,True,0,HOLD,0,agent_d
21,FERTILIZER,1,1,104,103.0,True,1,LIQUIDATE,104,agent_d
21,WHEAT,1,1,44,,True,0,HOLD,0,agent_a
21,FERTILIZER,1,1,104,,True,1,LIQUIDATE,104,agent_a
21,WHEAT,1,1,44,46.0,True,0,HOLD,0,agent_d
21,FERTILIZER,1,1,104,103.0,True,1,LIQUIDATE,104,agent_d
21,WHEAT,1,1,44,,True,0,HOLD,0,agent_a
21,FERTILIZER,1,1,104,,True,1,LIQUIDATE,104,agent_a
21,WHEAT,1,1,44,46.0,True,0,HOLD,0,agent_d
21,FERTILIZER,1,1,104,103.0,True,1,LIQUIDATE,104,agent_d
21,WHEAT,1,1,44,,True,0,HOLD,0,agent_a
21,FERTILIZER,1,1,104,,True,1,LIQUIDATE,104,agent_a
21,WHEAT,1,1,45,46.0,True,0,HOLD,0,agent_d
21,FERTILIZER,1,1,104,103.0,True,1,LIQUIDATE,104,agent_d
21,WHEAT,1,1,45,,True,0,HOLD,0,agent_a
21,FERTILIZER,1,1,104,,True,1,LIQUIDATE,104,agent_a
21,WHEAT,1,1,45,46.0,True,0,HOLD,0,agent_d
21,FERTILIZER,1,1,104,103.0,True,1,LIQUIDATE,104,agent_d
21,WHEAT,1,1,45,,True,0,HOLD,0,agent_a
21,FERTILIZER,1,1,104,,True,1,LIQUIDATE,104,agent_a
21,WHEAT,1,1,45,46.0,True,0,HOLD,0,agent_d
21,FERTILIZER,1,1,104,103.0,True,1,LIQUIDATE,104,agent_d
21,WHEAT,1,1,45,,True,0,HOLD,0,agent_a
21,FERTILIZER,1,1,104,,True,1,LIQUIDATE,104,agent_a
21,WHEAT,1,1,45,46.0,True,0,HOLD,0,agent_d
21,FERTILIZER,1,1,104,103.0,True,1,LIQUIDATE,104,agent_d
21,WHEAT,1,1,45,,True,0,HOLD,0,agent_a
21,FERTILIZER,1,1,104,,True,1,LIQUIDATE,104,agent_a
21,WHEAT,1,1,45,46.0,True,0,HOLD,0,agent_d
21,FERTILIZER,1,1,104,103.0,True,1,LIQUIDATE,104,agent_d
21,WHEAT,1,1,45,,True,0,HOLD,0,agent_a
21,FERTILIZER,1,1,104,,True,1,LIQUIDATE,104,agent_a
21,WHEAT,1,1,45,46.0,True,0,HOLD,0,agent_d
21,FERTILIZER,1,1,104,103.0,True,1,LIQUIDATE,104,agent_d
21,WHEAT,1,1,45,,True,0,HOLD,0,agent_a
21,FERTILIZER,1,1,104,,True,1,LIQUIDATE,104,agent_a
21,WHEAT,1,1,45,46.0,True,0,HOLD,0,agent_d
21,FERTILIZER,1,1,104,103.0,True,1,LIQUIDATE,104,agent_d
21,WHEAT,1,1,45,,True,0,HOLD,0,agent_a
21,FERTILIZER,1,1,104,,True,1,LIQUIDATE,104,agent_a
21,WHEAT,1,1,45,46.0,True,0,HOLD,0,agent_d
21,FERTILIZER,1,1,104,103.0,True,1,LIQUIDATE,104,agent_d
21,WHEAT,1,1,45,,True,0,HOLD,0,agent_a
21,FERTILIZER,1,1,104,,True,1,LIQUIDATE,104,agent_a
21,WHEAT,1,1,45,46.0,True,0,HOLD,0,agent_d
21,FERTILIZER,1,1,104,104.0,True,1,LIQUIDATE,104,agent_d
21,WHEAT,1,1,45,,True,0,HOLD,0,agent_a
21,FERTILIZER,1,1,104,,True,1,LIQUIDATE,104,agent_a
21,WHEAT,1,1,45,46.0,True,0,HOLD,0,agent_d
21,FERTILIZER,1,1,104,104.0,True,1,LIQUIDATE,104,agent_d
21,WHEAT,1,1,45,,True,0,HOLD,0,agent_a
21,FERTILIZER,1,1,104,,True,1,LIQUIDATE,104,agent_a
21,WHEAT,1,1,45,46.0,True,0,HOLD,0,agent_d
21,FERTILIZER,1,1,105,105.0,True,1,LIQUIDATE,105,agent_d
21,WHEAT,1,1,45,,True,0,HOLD,0,agent_a
21,FERTILIZER,1,1,105,,True,1,LIQUIDATE,105,agent_a
22,WHEAT,2,2,45,46.0,True,0,HOLD,0,agent_d
22,STRAWBERRY,26,26,192,110.0,True,0,HOLD,0,agent_d
22,WOOL,4,4,239,242.0,True,0,HOLD,0,agent_d
22,FERTILIZER,5,5,105,104.0,True,1,LIQUIDATE,105,agent_d
22,WHEAT,2,2,45,,True,0,HOLD,0,agent_a
22,STRAWBERRY,26,26,192,,True,0,HOLD,0,agent_a
22,WOOL,4,4,239,,True,0,HOLD,0,agent_a
22,FERTILIZER,5,5,105,,True,1,LIQUIDATE,105,agent_a
22,WHEAT,2,2,45,46.0,True,0,HOLD,0,agent_d
22,STRAWBERRY,8,8,179,110.0,True,18,LIQUIDATE,3222,agent_d
22,FERTILIZER,1,1,104,103.0,True,5,LIQUIDATE,520,agent_d
22,WHEAT,2,2,45,,True,0,HOLD,0,agent_a
22,STRAWBERRY,16,16,179,,True,10,LIQUIDATE,1790,agent_a
22,FERTILIZER,1,1,104,,True,5,LIQUIDATE,520,agent_a
22,WHEAT,2,2,45,46.0,True,0,HOLD,0,agent_d
22,FERTILIZER,1,1,104,103.0,True,1,LIQUIDATE,104,agent_d
22,WHEAT,2,2,45,,True,0,HOLD,0,agent_a
22,STRAWBERRY,6,6,168,,True,10,LIQUIDATE,1680,agent_a
22,FERTILIZER,1,1,104,,True,1,LIQUIDATE,104,agent_a
22,FERTILIZER,1,1,104,103.0,True,1,LIQUIDATE,104,agent_d
22,FERTILIZER,1,1,104,,True,1,LIQUIDATE,104,agent_a
22,FERTILIZER,1,1,104,103.0,True,1,LIQUIDATE,104,agent_d
22,FERTILIZER,1,1,104,,True,1,LIQUIDATE,104,agent_a
22,WHEAT,1,1,45,46.0,True,0,HOLD,0,agent_d
22,FERTILIZER,1,1,104,103.0,True,1,LIQUIDATE,104,agent_d
22,WHEAT,1,1,45,,True,0,HOLD,0,agent_a
22,FERTILIZER,1,1,104,,True,1,LIQUIDATE,104,agent_a
22,WHEAT,1,1,45,47.0,True,0,HOLD,0,agent_d
22,FERTILIZER,1,1,104,103.0,True,1,LIQUIDATE,104,agent_d
22,WHEAT,1,1,45,,True,0,HOLD,0,agent_a
22,FERTILIZER,1,1,104,,True,1,LIQUIDATE,104,agent_a
22,WHEAT,1,1,45,47.0,True,0,HOLD,0,agent_d
22,FERTILIZER,1,1,104,103.0,True,1,LIQUIDATE,104,agent_d
22,WHEAT,1,1,45,,True,0,HOLD,0,agent_a
22,FERTILIZER,1,1,104,,True,1,LIQUIDATE,104,agent_a
22,WHEAT,1,1,45,47.0,True,0,HOLD,0,agent_d
22,FERTILIZER,1,1,104,103.0,True,1,LIQUIDATE,104,agent_d
22,WHEAT,1,1,45,,True,0,HOLD,0,agent_a
22,FERTILIZER,1,1,104,,True,1,LIQUIDATE,104,agent_a
22,WHEAT,1,1,45,47.0,True,0,HOLD,0,agent_d
22,FERTILIZER,1,1,104,104.0,True,1,LIQUIDATE,104,agent_d
22,WHEAT,1,1,45,,True,0,HOLD,0,agent_a
22,FERTILIZER,1,1,104,,True,1,LIQUIDATE,104,agent_a
22,WHEAT,1,1,45,48.0,True,0,HOLD,0,agent_d
22,FERTILIZER,1,1,104,104.0,True,1,LIQUIDATE,104,agent_d
22,WHEAT,1,1,45,,True,0,HOLD,0,agent_a
22,FERTILIZER,1,1,104,,True,1,LIQUIDATE,104,agent_a
22,WHEAT,1,1,45,47.0,True,0,HOLD,0,agent_d
22,FERTILIZER,1,1,104,104.0,True,1,LIQUIDATE,104,agent_d
22,WHEAT,1,1,45,,True,0,HOLD,0,agent_a
22,FERTILIZER,1,1,104,,True,1,LIQUIDATE,104,agent_a
22,WHEAT,1,1,45,48.0,True,0,HOLD,0,agent_d
22,FERTILIZER,1,1,104,104.0,True,1,LIQUIDATE,104,agent_d
22,WHEAT,1,1,45,,True,0,HOLD,0,agent_a
22,FERTILIZER,1,1,104,,True,1,LIQUIDATE,104,agent_a
22,WHEAT,1,1,46,48.0,True,0,HOLD,0,agent_d
22,FERTILIZER,1,1,104,104.0,True,1,LIQUIDATE,104,agent_d
22,WHEAT,1,1,46,,True,0,HOLD,0,agent_a
22,FERTILIZER,1,1,104,,True,1,LIQUIDATE,104,agent_a
22,WHEAT,1,1,46,48.0,True,0,HOLD,0,agent_d
22,FERTILIZER,1,1,105,104.0,True,1,LIQUIDATE,105,agent_d
22,WHEAT,1,1,46,,True,0,HOLD,0,agent_a
22,FERTILIZER,1,1,105,,True,1,LIQUIDATE,105,agent_a
22,WHEAT,1,1,46,48.0,True,0,HOLD,0,agent_d
22,FERTILIZER,1,1,105,105.0,True,1,LIQUIDATE,105,agent_d
22,WHEAT,1,1,46,,True,0,HOLD,0,agent_a
22,FERTILIZER,1,1,105,,True,1,LIQUIDATE,105,agent_a
22,WHEAT,1,1,46,47.0,True,0,HOLD,0,agent_d
22,FERTILIZER,1,1,105,105.0,True,1,LIQUIDATE,105,agent_d
22,WHEAT,1,1,46,,True,0,HOLD,0,agent_a
22,FERTILIZER,1,1,105,,True,1,LIQUIDATE,105,agent_a
22,WHEAT,1,1,46,48.0,True,0,HOLD,0,agent_d
22,FERTILIZER,1,1,105,105.0,True,1,LIQUIDATE,105,agent_d
22,WHEAT,1,1,46,,True,0,HOLD,0,agent_a
22,FERTILIZER,1,1,105,,True,1,LIQUIDATE,105,agent_a
22,WHEAT,1,1,46,47.0,True,0,HOLD,0,agent_d
22,FERTILIZER,1,1,105,105.0,True,1,LIQUIDATE,105,agent_d
22,WHEAT,1,1,46,,True,0,HOLD,0,agent_a
22,FERTILIZER,1,1,105,,True,1,LIQUIDATE,105,agent_a
22,WHEAT,1,1,46,47.0,True,0,HOLD,0,agent_d
22,FERTILIZER,1,1,105,105.0,True,1,LIQUIDATE,105,agent_d
22,WHEAT,1,1,46,,True,0,HOLD,0,agent_a
22,FERTILIZER,1,1,105,,True,1,LIQUIDATE,105,agent_a
22,WHEAT,1,1,46,47.0,True,0,HOLD,0,agent_d
22,FERTILIZER,1,1,105,105.0,True,1,LIQUIDATE,105,agent_d
22,WHEAT,1,1,46,,True,0,HOLD,0,agent_a
22,FERTILIZER,1,1,105,,True,1,LIQUIDATE,105,agent_a
22,WHEAT,1,1,46,47.0,True,0,HOLD,0,agent_d
22,FERTILIZER,1,1,106,105.0,True,1,LIQUIDATE,106,agent_d
22,WHEAT,1,1,46,,True,0,HOLD,0,agent_a
22,FERTILIZER,1,1,106,,True,1,LIQUIDATE,106,agent_a
22,WHEAT,1,1,46,47.0,True,0,HOLD,0,agent_d
22,FERTILIZER,1,1,106,106.0,True,1,LIQUIDATE,106,agent_d
22,WHEAT,1,1,46,,True,0,HOLD,0,agent_a
22,FERTILIZER,1,1,106,,True,1,LIQUIDATE,106,agent_a
22,WHEAT,1,1,46,47.0,True,0,HOLD,0,agent_d
22,FERTILIZER,1,1,106,106.0,True,1,LIQUIDATE,106,agent_d
22,WHEAT,1,1,46,,True,0,HOLD,0,agent_a
22,FERTILIZER,1,1,106,,True,1,LIQUIDATE,106,agent_a
23,WHEAT,7,7,46,47.0,True,0,HOLD,0,agent_d
23,FERTILIZER,3,3,107,106.0,True,1,LIQUIDATE,107,agent_d
23,WHEAT,8,8,46,,True,0,HOLD,0,agent_a
23,FERTILIZER,6,6,107,,True,1,LIQUIDATE,107,agent_a
23,WHEAT,2,2,46,47.0,True,5,LIQUIDATE,230,agent_d
23,FERTILIZER,1,1,105,105.0,True,3,LIQUIDATE,315,agent_d
23,WHEAT,2,2,46,,True,6,LIQUIDATE,276,agent_a
23,WHEAT,2,2,46,47.0,True,0,HOLD,0,agent_d
23,FERTILIZER,1,1,105,105.0,True,1,LIQUIDATE,105,agent_d
23,WHEAT,2,2,46,,True,0,HOLD,0,agent_a
23,FERTILIZER,1,1,105,,True,0,HOLD,0,agent_a
23,FERTILIZER,1,1,105,105.0,True,1,LIQUIDATE,105,agent_d
23,FERTILIZER,1,1,105,,True,1,LIQUIDATE,105,agent_a
23,FERTILIZER,1,1,105,105.0,True,1,LIQUIDATE,105,agent_d
23,FERTILIZER,1,1,105,,True,1,LIQUIDATE,105,agent_a
23,WHEAT,1,1,46,48.0,True,0,HOLD,0,agent_d
23,FERTILIZER,1,1,105,105.0,True,1,LIQUIDATE,105,agent_d
23,WHEAT,1,1,46,,True,0,HOLD,0,agent_a
23,FERTILIZER,1,1,105,,True,1,LIQUIDATE,105,agent_a
23,WHEAT,1,1,46,48.0,True,0,HOLD,0,agent_d
23,FERTILIZER,1,1,105,105.0,True,1,LIQUIDATE,105,agent_d
23,WHEAT,1,1,46,,True,0,HOLD,0,agent_a
23,FERTILIZER,1,1,105,,True,1,LIQUIDATE,105,agent_a
23,WHEAT,1,1,46,48.0,True,0,HOLD,0,agent_d
23,FERTILIZER,1,1,105,105.0,True,1,LIQUIDATE,105,agent_d
23,WHEAT,1,1,46,,True,0,HOLD,0,agent_a
23,FERTILIZER,1,1,105,,True,1,LIQUIDATE,105,agent_a
23,WHEAT,1,1,46,48.0,True,0,HOLD,0,agent_d
23,FERTILIZER,1,1,105,105.0,True,1,LIQUIDATE,105,agent_d
23,WHEAT,1,1,46,,True,0,HOLD,0,agent_a
23,FERTILIZER,1,1,105,,True,1,LIQUIDATE,105,agent_a
23,WHEAT,1,1,46,48.0,True,0,HOLD,0,agent_d
23,FERTILIZER,1,1,105,105.0,True,1,LIQUIDATE,105,agent_d
23,WHEAT,1,1,46,,True,0,HOLD,0,agent_a
23,FERTILIZER,1,1,105,,True,1,LIQUIDATE,105,agent_a
23,WHEAT,1,1,46,48.0,True,0,HOLD,0,agent_d
23,FERTILIZER,1,1,105,105.0,True,1,LIQUIDATE,105,agent_d
23,WHEAT,1,1,46,,True,0,HOLD,0,agent_a
23,FERTILIZER,1,1,105,,True,1,LIQUIDATE,105,agent_a
23,WHEAT,1,1,46,48.0,True,0,HOLD,0,agent_d
23,FERTILIZER,1,1,105,105.0,True,1,LIQUIDATE,105,agent_d
23,WHEAT,1,1,46,,True,0,HOLD,0,agent_a
23,FERTILIZER,1,1,105,,True,1,LIQUIDATE,105,agent_a
23,WHEAT,1,1,46,48.0,True,0,HOLD,0,agent_d
23,FERTILIZER,1,1,105,105.0,True,1,LIQUIDATE,105,agent_d
23,WHEAT,1,1,46,,True,0,HOLD,0,agent_a
23,FERTILIZER,1,1,105,,True,1,LIQUIDATE,105,agent_a
23,WHEAT,1,1,46,48.0,True,0,HOLD,0,agent_d
23,FERTILIZER,1,1,105,105.0,True,1,LIQUIDATE,105,agent_d
23,WHEAT,1,1,46,,True,0,HOLD,0,agent_a
23,FERTILIZER,1,1,105,,True,1,LIQUIDATE,105,agent_a
23,WHEAT,1,1,46,48.0,True,0,HOLD,0,agent_d
23,FERTILIZER,1,1,105,105.0,True,1,LIQUIDATE,105,agent_d
23,WHEAT,1,1,46,,True,0,HOLD,0,agent_a
23,FERTILIZER,1,1,105,,True,1,LIQUIDATE,105,agent_a
23,WHEAT,1,1,46,48.0,True,0,HOLD,0,agent_d
23,FERTILIZER,1,1,105,105.0,True,1,LIQUIDATE,105,agent_d
23,WHEAT,1,1,46,,True,0,HOLD,0,agent_a
23,FERTILIZER,1,1,105,,True,1,LIQUIDATE,105,agent_a
23,WHEAT,1,1,46,48.0,True,0,HOLD,0,agent_d
23,FERTILIZER,1,1,105,105.0,True,1,LIQUIDATE,105,agent_d
23,WHEAT,1,1,46,,True,0,HOLD,0,agent_a
23,FERTILIZER,1,1,105,,True,1,LIQUIDATE,105,agent_a
23,WHEAT,1,1,46,48.0,True,0,HOLD,0,agent_d
23,FERTILIZER,1,1,105,105.0,True,1,LIQUIDATE,105,agent_d
23,WHEAT,1,1,46,,True,0,HOLD,0,agent_a
23,FERTILIZER,1,1,105,,True,1,LIQUIDATE,105,agent_a
23,WHEAT,1,1,46,48.0,True,0,HOLD,0,agent_d
23,FERTILIZER,1,1,105,105.0,True,1,LIQUIDATE,105,agent_d
23,WHEAT,1,1,46,,True,0,HOLD,0,agent_a
23,FERTILIZER,1,1,105,,True,1,LIQUIDATE,105,agent_a
23,WHEAT,1,1,46,48.0,True,0,HOLD,0,agent_d
23,FERTILIZER,1,1,105,105.0,True,1,LIQUIDATE,105,agent_d
23,WHEAT,1,1,46,,True,0,HOLD,0,agent_a
23,FERTILIZER,1,1,105,,True,1,LIQUIDATE,105,agent_a
23,WHEAT,1,1,46,48.0,True,0,HOLD,0,agent_d
23,FERTILIZER,1,1,105,105.0,True,1,LIQUIDATE,105,agent_d
23,WHEAT,1,1,46,,True,0,HOLD,0,agent_a
23,FERTILIZER,1,1,105,,True,1,LIQUIDATE,105,agent_a
23,WHEAT,1,1,47,48.0,True,0,HOLD,0,agent_d
23,FERTILIZER,1,1,106,105.0,True,1,LIQUIDATE,106,agent_d
23,WHEAT,1,1,47,,True,0,HOLD,0,agent_a
23,FERTILIZER,1,1,106,,True,1,LIQUIDATE,106,agent_a
23,WHEAT,1,1,47,48.0,True,0,HOLD,0,agent_d
23,FERTILIZER,1,1,106,106.0,True,1,LIQUIDATE,106,agent_d
23,WHEAT,1,1,47,,True,0,HOLD,0,agent_a
23,FERTILIZER,1,1,106,,True,1,LIQUIDATE,106,agent_a
23,WHEAT,1,1,47,48.0,True,0,HOLD,0,agent_d
23,FERTILIZER,1,1,106,106.0,True,1,LIQUIDATE,106,agent_d
23,WHEAT,1,1,47,,True,0,HOLD,0,agent_a
23,FERTILIZER,1,1,106,,True,1,LIQUIDATE,106,agent_a
24,WHEAT,2,2,47,48.0,True,0,HOLD,0,agent_d
24,STRAWBERRY,21,21,185,150.0,True,0,HOLD,0,agent_d
24,FERTILIZER,5,5,107,106.0,True,1,LIQUIDATE,107,agent_d
24,WHEAT,2,2,47,,True,0,HOLD,0,agent_a
24,STRAWBERRY,19,19,185,,True,0,HOLD,0,agent_a
24,FERTILIZER,5,5,107,,True,1,LIQUIDATE,107,agent_a
24,WHEAT,2,2,47,48.0,True,0,HOLD,0,agent_d
24,STRAWBERRY,3,3,171,150.0,True,18,LIQUIDATE,3078,agent_d
24,FERTILIZER,1,1,105,105.0,True,5,LIQUIDATE,525,agent_d
24,WHEAT,2,2,47,,True,0,HOLD,0,agent_a
24,STRAWBERRY,9,9,171,,True,10,LIQUIDATE,1710,agent_a
24,FERTILIZER,1,1,105,,True,5,LIQUIDATE,525,agent_a
24,WHEAT,2,2,47,48.0,True,0,HOLD,0,agent_d
24,FERTILIZER,1,1,105,105.0,True,1,LIQUIDATE,105,agent_d
24,WHEAT,2,2,47,,True,0,HOLD,0,agent_a
24,FERTILIZER,1,1,105,,True,1,LIQUIDATE,105,agent_a
24,WHEAT,2,2,47,48.0,True,0,HOLD,0,agent_d
24,FERTILIZER,1,1,105,105.0,True,1,LIQUIDATE,105,agent_d
24,WHEAT,2,2,47,,True,0,HOLD,0,agent_a
24,FERTILIZER,1,1,105,,True,1,LIQUIDATE,105,agent_a
24,FERTILIZER,1,1,105,105.0,True,1,LIQUIDATE,105,agent_d
24,FERTILIZER,1,1,105,,True,1,LIQUIDATE,105,agent_a
24,FERTILIZER,1,1,105,105.0,True,1,LIQUIDATE,105,agent_d
24,FERTILIZER,1,1,105,,True,1,LIQUIDATE,105,agent_a
24,WHEAT,1,1,47,49.0,True,0,HOLD,0,agent_d
24,FERTILIZER,1,1,105,105.0,True,1,LIQUIDATE,105,agent_d
24,WHEAT,1,1,47,,True,0,HOLD,0,agent_a
24,FERTILIZER,1,1,105,,True,1,LIQUIDATE,105,agent_a
24,WHEAT,1,1,47,49.0,True,0,HOLD,0,agent_d
24,FERTILIZER,1,1,106,105.0,True,1,LIQUIDATE,106,agent_d
24,WHEAT,1,1,47,,True,0,HOLD,0,agent_a
24,FERTILIZER,1,1,106,,True,1,LIQUIDATE,106,agent_a
24,WHEAT,1,1,47,49.0,True,0,HOLD,0,agent_d
24,FERTILIZER,1,1,106,106.0,True,1,LIQUIDATE,106,agent_d
24,WHEAT,1,1,47,,True,0,HOLD,0,agent_a
24,FERTILIZER,1,1,106,,True,1,LIQUIDATE,106,agent_a
24,WHEAT,1,1,47,49.0,True,0,HOLD,0,agent_d
24,FERTILIZER,1,1,106,106.0,True,1,LIQUIDATE,106,agent_d
24,WHEAT,1,1,47,,True,0,HOLD,0,agent_a
24,FERTILIZER,1,1,106,,True,1,LIQUIDATE,106,agent_a
24,WHEAT,1,1,47,49.0,True,0,HOLD,0,agent_d
24,FERTILIZER,1,1,106,106.0,True,1,LIQUIDATE,106,agent_d
24,WHEAT,1,1,47,,True,0,HOLD,0,agent_a
24,FERTILIZER,1,1,106,,True,1,LIQUIDATE,106,agent_a
24,WHEAT,1,1,47,49.0,True,0,HOLD,0,agent_d
24,FERTILIZER,1,1,107,106.0,True,1,LIQUIDATE,107,agent_d
24,WHEAT,1,1,47,,True,0,HOLD,0,agent_a
24,FERTILIZER,1,1,107,,True,1,LIQUIDATE,107,agent_a
24,WHEAT,1,1,47,49.0,True,0,HOLD,0,agent_d
24,FERTILIZER,1,1,107,107.0,True,1,LIQUIDATE,107,agent_d
24,WHEAT,1,1,47,,True,0,HOLD,0,agent_a
24,FERTILIZER,1,1,107,,True,1,LIQUIDATE,107,agent_a
24,WHEAT,1,1,47,49.0,True,0,HOLD,0,agent_d
24,FERTILIZER,1,1,107,107.0,True,1,LIQUIDATE,107,agent_d
24,WHEAT,1,1,47,,True,0,HOLD,0,agent_a
24,WHEAT,1,1,47,49.0,True,0,HOLD,0,agent_d
24,FERTILIZER,1,1,107,107.0,True,1,LIQUIDATE,107,agent_d
24,WHEAT,1,1,47,,True,0,HOLD,0,agent_a
24,FERTILIZER,1,1,107,,True,0,HOLD,0,agent_a
24,WHEAT,1,1,47,49.0,True,0,HOLD,0,agent_d
24,FERTILIZER,1,1,107,107.0,True,1,LIQUIDATE,107,agent_d
24,WHEAT,1,1,47,,True,0,HOLD,0,agent_a
24,WHEAT,1,1,47,49.0,True,0,HOLD,0,agent_d
24,FERTILIZER,1,1,107,107.0,True,1,LIQUIDATE,107,agent_d
24,WHEAT,1,1,47,,True,0,HOLD,0,agent_a
24,FERTILIZER,1,1,107,,True,0,HOLD,0,agent_a
24,WHEAT,1,1,47,49.0,True,0,HOLD,0,agent_d
24,FERTILIZER,1,1,107,107.0,True,1,LIQUIDATE,107,agent_d
24,WHEAT,1,1,47,,True,0,HOLD,0,agent_a
24,FERTILIZER,1,1,107,,True,1,LIQUIDATE,107,agent_a
24,WHEAT,1,1,47,49.0,True,0,HOLD,0,agent_d
24,FERTILIZER,1,1,107,107.0,True,1,LIQUIDATE,107,agent_d
24,WHEAT,1,1,47,,True,0,HOLD,0,agent_a
24,FERTILIZER,1,1,107,,True,1,LIQUIDATE,107,agent_a
24,WHEAT,1,1,47,49.0,True,0,HOLD,0,agent_d
24,FERTILIZER,1,1,107,107.0,True,1,LIQUIDATE,107,agent_d
24,WHEAT,1,1,47,,True,0,HOLD,0,agent_a
24,FERTILIZER,1,1,107,,True,1,LIQUIDATE,107,agent_a
24,WHEAT,1,1,47,49.0,True,0,HOLD,0,agent_d
24,FERTILIZER,1,1,107,107.0,True,1,LIQUIDATE,107,agent_d
24,WHEAT,1,1,47,,True,0,HOLD,0,agent_a
24,FERTILIZER,1,1,107,,True,1,LIQUIDATE,107,agent_a
24,WHEAT,1,1,48,49.0,True,0,HOLD,0,agent_d
24,FERTILIZER,1,1,107,107.0,True,1,LIQUIDATE,107,agent_d
24,WHEAT,1,1,48,,True,0,HOLD,0,agent_a
24,FERTILIZER,1,1,107,,True,1,LIQUIDATE,107,agent_a
24,WHEAT,1,1,48,49.0,True,0,HOLD,0,agent_d
24,FERTILIZER,1,1,107,107.0,True,1,LIQUIDATE,107,agent_d
24,WHEAT,1,1,48,,True,0,HOLD,0,agent_a
24,FERTILIZER,1,1,107,,True,1,LIQUIDATE,107,agent_a
24,WHEAT,1,1,48,49.0,True,0,HOLD,0,agent_d
24,FERTILIZER,1,1,108,107.0,True,1,LIQUIDATE,108,agent_d
24,WHEAT,1,1,48,,True,0,HOLD,0,agent_a
24,FERTILIZER,1,1,108,,True,1,LIQUIDATE,108,agent_a
25,WHEAT,6,6,48,49.0,True,0,HOLD,0,agent_d
25,WOOL,4,4,242,244.0,True,0,HOLD,0,agent_d
25,FERTILIZER,3,3,108,107.0,True,1,LIQUIDATE,108,agent_d
25,WHEAT,5,5,48,,True,0,HOLD,0,agent_a
25,WOOL,4,4,242,,True,0,HOLD,0,agent_a
25,FERTILIZER,4,4,108,,True,1,LIQUIDATE,108,agent_a
25,WHEAT,2,2,48,49.0,True,4,LIQUIDATE,192,agent_d
25,WHEAT,2,2,48,,True,3,LIQUIDATE,144,agent_a
25,WHEAT,2,2,48,49.0,True,0,HOLD,0,agent_d
25,WHEAT,2,2,48,,True,0,HOLD,0,agent_a
25,WHEAT,1,1,48,49.0,True,0,HOLD,0,agent_d
25,WHEAT,1,1,48,,True,0,HOLD,0,agent_a
25,WHEAT,1,1,48,49.0,True,0,HOLD,0,agent_d
25,WHEAT,1,1,48,,True,0,HOLD,0,agent_a
25,WHEAT,1,1,48,49.0,True,0,HOLD,0,agent_d
25,WHEAT,1,1,48,,True,0,HOLD,0,agent_a
25,WHEAT,1,1,48,49.0,True,0,HOLD,0,agent_d
25,WHEAT,1,1,48,,True,0,HOLD,0,agent_a
25,WHEAT,1,1,48,49.0,True,0,HOLD,0,agent_d
25,WHEAT,1,1,48,,True,0,HOLD,0,agent_a
25,WHEAT,1,1,48,49.0,True,0,HOLD,0,agent_d
25,WHEAT,1,1,48,,True,0,HOLD,0,agent_a
25,WHEAT,1,1,48,49.0,True,0,HOLD,0,agent_d
25,WHEAT,1,1,48,,True,0,HOLD,0,agent_a
25,WHEAT,1,1,48,49.0,True,0,HOLD,0,agent_d
25,WHEAT,1,1,48,,True,0,HOLD,0,agent_a
25,WHEAT,1,1,48,50.0,True,0,HOLD,0,agent_d
25,WHEAT,1,1,48,,True,0,HOLD,0,agent_a
25,WHEAT,1,1,48,50.0,True,0,HOLD,0,agent_d
25,WHEAT,1,1,48,,True,0,HOLD,0,agent_a
25,WHEAT,1,1,48,50.0,True,0,HOLD,0,agent_d
25,WHEAT,1,1,48,,True,0,HOLD,0,agent_a
25,WHEAT,1,1,48,50.0,True,0,HOLD,0,agent_d
25,WHEAT,1,1,48,,True,0,HOLD,0,agent_a
25,WHEAT,1,1,48,50.0,True,0,HOLD,0,agent_d
25,WHEAT,1,1,48,,True,0,HOLD,0,agent_a
25,WHEAT,1,1,48,50.0,True,0,HOLD,0,agent_d
25,WHEAT,1,1,48,,True,0,HOLD,0,agent_a
25,WHEAT,1,1,48,50.0,True,0,HOLD,0,agent_d
25,WHEAT,1,1,48,,True,0,HOLD,0,agent_a
25,WHEAT,1,1,48,50.0,True,0,HOLD,0,agent_d
25,WHEAT,1,1,48,,True,0,HOLD,0,agent_a
25,WHEAT,1,1,48,50.0,True,0,HOLD,0,agent_d
25,WHEAT,1,1,48,,True,0,HOLD,0,agent_a
25,WHEAT,1,1,48,50.0,True,0,HOLD,0,agent_d
25,WHEAT,1,1,48,,True,0,HOLD,0,agent_a
25,WHEAT,1,1,48,50.0,True,0,HOLD,0,agent_d
25,WHEAT,1,1,48,,True,0,HOLD,0,agent_a
26,WHEAT,3,3,48,50.0,True,0,HOLD,0,agent_d
26,STRAWBERRY,23,23,190,150.0,True,0,HOLD,0,agent_d
26,WHEAT,3,3,48,,True,0,HOLD,0,agent_a
26,STRAWBERRY,23,23,190,,True,0,HOLD,0,agent_a
26,WHEAT,2,2,49,50.0,True,1,LIQUIDATE,49,agent_d
26,STRAWBERRY,4,4,177,150.0,True,19,LIQUIDATE,3363,agent_d
26,WHEAT,2,2,49,,True,1,LIQUIDATE,49,agent_a
26,STRAWBERRY,13,13,177,,True,10,LIQUIDATE,1770,agent_a
26,WHEAT,2,2,49,50.0,True,0,HOLD,0,agent_d
26,WHEAT,2,2,49,,True,0,HOLD,0,agent_a
26,STRAWBERRY,3,3,168,,True,10,LIQUIDATE,1680,agent_a
26,WHEAT,1,1,49,50.0,True,0,HOLD,0,agent_d
26,WHEAT,1,1,49,,True,0,HOLD,0,agent_a
26,WHEAT,1,1,49,50.0,True,0,HOLD,0,agent_d
26,WHEAT,1,1,49,,True,0,HOLD,0,agent_a
26,WHEAT,1,1,49,50.0,True,0,HOLD,0,agent_d
26,WHEAT,1,1,49,,True,0,HOLD,0,agent_a
26,WHEAT,1,1,49,51.0,True,0,HOLD,0,agent_d
26,WHEAT,1,1,49,,True,0,HOLD,0,agent_a
26,WHEAT,1,1,49,51.0,True,0,HOLD,0,agent_d
26,WHEAT,1,1,49,,True,0,HOLD,0,agent_a
26,WHEAT,1,1,49,51.0,True,0,HOLD,0,agent_d
26,WHEAT,1,1,49,,True,0,HOLD,0,agent_a
26,WHEAT,1,1,49,51.0,True,0,HOLD,0,agent_d
26,WHEAT,1,1,49,,True,0,HOLD,0,agent_a
26,WHEAT,1,1,49,51.0,True,0,HOLD,0,agent_d
26,WHEAT,1,1,49,,True,0,HOLD,0,agent_a
26,WHEAT,1,1,49,51.0,True,0,HOLD,0,agent_d
26,WHEAT,1,1,49,,True,0,HOLD,0,agent_a
26,WHEAT,1,1,49,51.0,True,0,HOLD,0,agent_d
26,WHEAT,1,1,49,,True,0,HOLD,0,agent_a
26,WHEAT,1,1,49,50.0,True,0,HOLD,0,agent_d
26,WHEAT,1,1,49,,True,0,HOLD,0,agent_a
26,WHEAT,1,1,49,50.0,True,0,HOLD,0,agent_d
26,WHEAT,1,1,49,,True,0,HOLD,0,agent_a
26,WHEAT,1,1,49,50.0,True,0,HOLD,0,agent_d
26,WHEAT,1,1,49,,True,0,HOLD,0,agent_a
26,WHEAT,1,1,49,50.0,True,0,HOLD,0,agent_d
26,WHEAT,1,1,49,,True,0,HOLD,0,agent_a
26,WHEAT,1,1,49,50.0,True,0,HOLD,0,agent_d
26,WHEAT,1,1,49,,True,0,HOLD,0,agent_a
26,WHEAT,1,1,49,50.0,True,0,HOLD,0,agent_d
26,WHEAT,1,1,49,,True,0,HOLD,0,agent_a
26,WHEAT,1,1,49,50.0,True,0,HOLD,0,agent_d
26,WHEAT,1,1,49,,True,0,HOLD,0,agent_a
26,WHEAT,1,1,49,50.0,True,0,HOLD,0,agent_d
26,WHEAT,1,1,49,,True,0,HOLD,0,agent_a
26,WHEAT,1,1,49,50.0,True,0,HOLD,0,agent_d
26,WHEAT,1,1,49,,True,0,HOLD,0,agent_a
27,WHEAT,7,7,49,50.0,True,0,HOLD,0,agent_d
27,STRAWBERRY,2,2,179,150.0,True,0,HOLD,0,agent_d
27,WHEAT,6,6,49,,True,0,HOLD,0,agent_a
27,STRAWBERRY,1,1,179,,True,0,HOLD,0,agent_a
27,WHEAT,2,2,49,50.0,True,5,LIQUIDATE,245,agent_d
27,WHEAT,2,2,49,,True,4,LIQUIDATE,196,agent_a
27,WHEAT,2,2,49,50.0,True,0,HOLD,0,agent_d
27,WHEAT,2,2,49,,True,0,HOLD,0,agent_a
27,WHEAT,2,2,49,50.0,True,0,HOLD,0,agent_d
27,WHEAT,2,2,49,,True,0,HOLD,0,agent_a
27,WHEAT,1,1,49,51.0,True,0,HOLD,0,agent_d
27,WHEAT,1,1,49,,True,0,HOLD,0,agent_a
27,WHEAT,1,1,49,51.0,True,0,HOLD,0,agent_d
27,WHEAT,1,1,49,,True,0,HOLD,0,agent_a
27,WHEAT,1,1,49,51.0,True,0,HOLD,0,agent_d
27,WHEAT,1,1,49,,True,0,HOLD,0,agent_a
27,WHEAT,1,1,50,51.0,True,0,HOLD,0,agent_d
27,WHEAT,1,1,50,,True,0,HOLD,0,agent_a
27,WHEAT,1,1,50,51.0,True,0,HOLD,0,agent_d
27,WHEAT,1,1,50,,True,0,HOLD,0,agent_a
27,WHEAT,1,1,50,51.0,True,0,HOLD,0,agent_d
27,WHEAT,1,1,50,,True,0,HOLD,0,agent_a
27,WHEAT,1,1,50,51.0,True,0,HOLD,0,agent_d
27,WHEAT,1,1,50,,True,0,HOLD,0,agent_a
27,WHEAT,1,1,50,51.0,True,0,HOLD,0,agent_d
27,WHEAT,1,1,50,,True,0,HOLD,0,agent_a
27,WHEAT,1,1,50,51.0,True,0,HOLD,0,agent_d
27,WHEAT,1,1,50,,True,0,HOLD,0,agent_a
27,WHEAT,1,1,50,51.0,True,0,HOLD,0,agent_d
27,WHEAT,1,1,50,,True,0,HOLD,0,agent_a
27,WHEAT,1,1,50,51.0,True,0,HOLD,0,agent_d
27,WHEAT,1,1,50,,True,0,HOLD,0,agent_a
27,WHEAT,1,1,50,51.0,True,0,HOLD,0,agent_d
27,WHEAT,1,1,50,,True,0,HOLD,0,agent_a
27,WHEAT,1,1,50,51.0,True,0,HOLD,0,agent_d
27,WHEAT,1,1,50,,True,0,HOLD,0,agent_a
27,WHEAT,1,1,50,51.0,True,0,HOLD,0,agent_d
27,WHEAT,1,1,50,,True,0,HOLD,0,agent_a
27,WHEAT,1,1,50,51.0,True,0,HOLD,0,agent_d
27,WHEAT,1,1,50,,True,0,HOLD,0,agent_a
27,WHEAT,1,1,50,51.0,True,0,HOLD,0,agent_d
27,WHEAT,1,1,50,,True,0,HOLD,0,agent_a
27,WHEAT,1,1,50,51.0,True,0,HOLD,0,agent_d
27,WHEAT,1,1,50,,True,0,HOLD,0,agent_a
27,WHEAT,1,1,50,51.0,True,0,HOLD,0,agent_d
27,WHEAT,1,1,50,,True,0,HOLD,0,agent_a
28,WHEAT,3,3,50,51.0,True,0,HOLD,0,agent_d
28,STRAWBERRY,16,16,191,150.0,True,0,HOLD,0,agent_d
28,WOOL,4,4,244,245.0,True,0,HOLD,0,agent_d
28,WHEAT,3,3,50,,True,0,HOLD,0,agent_a
28,STRAWBERRY,18,18,191,,True,0,HOLD,0,agent_a
28,WOOL,4,4,244,,True,0,HOLD,0,agent_a
28,WHEAT,2,2,50,51.0,True,1,LIQUIDATE,50,agent_d
28,WHEAT,2,2,50,,True,1,LIQUIDATE,50,agent_a
28,STRAWBERRY,8,8,179,,True,10,LIQUIDATE,1790,agent_a
28,WHEAT,2,2,50,51.0,True,0,HOLD,0,agent_d
28,WHEAT,2,2,50,,True,0,HOLD,0,agent_a
28,WHEAT,1,1,50,51.0,True,0,HOLD,0,agent_d
28,WHEAT,1,1,50,,True,0,HOLD,0,agent_a
28,WHEAT,1,1,50,51.0,True,0,HOLD,0,agent_d
28,WHEAT,1,1,50,,True,0,HOLD,0,agent_a
28,WHEAT,1,1,50,52.0,True,0,HOLD,0,agent_d
28,WHEAT,1,1,50,,True,0,HOLD,0,agent_a
28,WHEAT,1,1,50,52.0,True,0,HOLD,0,agent_d
28,WHEAT,1,1,50,,True,0,HOLD,0,agent_a
28,WHEAT,1,1,50,52.0,True,0,HOLD,0,agent_d
28,WHEAT,1,1,50,,True,0,HOLD,0,agent_a
28,WHEAT,1,1,50,52.0,True,0,HOLD,0,agent_d
28,WHEAT,1,1,50,,True,0,HOLD,0,agent_a
28,WHEAT,1,1,50,52.0,True,0,HOLD,0,agent_d
28,WHEAT,1,1,50,,True,0,HOLD,0,agent_a
28,WHEAT,1,1,50,52.0,True,0,HOLD,0,agent_d
28,WHEAT,1,1,50,,True,0,HOLD,0,agent_a
28,WHEAT,1,1,51,53.0,True,0,HOLD,0,agent_d
28,WHEAT,1,1,51,,True,0,HOLD,0,agent_a
28,WHEAT,1,1,51,53.0,True,0,HOLD,0,agent_d
28,WHEAT,1,1,51,,True,0,HOLD,0,agent_a
28,WHEAT,1,1,51,53.0,True,0,HOLD,0,agent_d
28,WHEAT,1,1,51,,True,0,HOLD,0,agent_a
28,WHEAT,1,1,51,53.0,True,0,HOLD,0,agent_d
28,WHEAT,1,1,51,,True,0,HOLD,0,agent_a
28,WHEAT,1,1,51,53.0,True,0,HOLD,0,agent_d
28,WHEAT,1,1,51,,True,0,HOLD,0,agent_a
28,WHEAT,1,1,51,53.0,True,0,HOLD,0,agent_d
28,WHEAT,1,1,51,,True,0,HOLD,0,agent_a
28,WHEAT,1,1,51,53.0,True,0,HOLD,0,agent_d
28,WHEAT,1,1,51,,True,0,HOLD,0,agent_a
28,WHEAT,1,1,51,53.0,True,0,HOLD,0,agent_d
28,WHEAT,1,1,51,,True,0,HOLD,0,agent_a
28,WHEAT,1,1,51,53.0,True,0,HOLD,0,agent_d
28,WHEAT,1,1,51,,True,0,HOLD,0,agent_a
28,WHEAT,1,1,51,53.0,True,0,HOLD,0,agent_d
28,WHEAT,1,1,51,,True,0,HOLD,0,agent_a
28,WHEAT,1,1,51,53.0,True,0,HOLD,0,agent_d
28,WHEAT,1,1,51,,True,0,HOLD,0,agent_a
29,WHEAT,7,7,51,53.0,True,0,HOLD,0,agent_d
29,STRAWBERRY,4,4,186,201.0,True,0,HOLD,0,agent_d
29,WHEAT,7,7,51,,True,0,HOLD,0,agent_a
29,STRAWBERRY,4,4,186,,True,0,HOLD,0,agent_a
29,WHEAT,2,2,51,53.0,True,5,LIQUIDATE,255,agent_d
29,WHEAT,2,2,51,,True,5,LIQUIDATE,255,agent_a
29,WHEAT,2,2,51,53.0,True,0,HOLD,0,agent_d
29,WHEAT,2,2,51,,True,0,HOLD,0,agent_a
29,WHEAT,1,1,51,53.0,True,0,HOLD,0,agent_d
29,WHEAT,1,1,51,,True,0,HOLD,0,agent_a
29,WHEAT,1,1,51,53.0,True,0,HOLD,0,agent_d
29,WHEAT,1,1,51,,True,0,HOLD,0,agent_a
29,WHEAT,1,1,51,53.0,True,0,HOLD,0,agent_d
29,WHEAT,1,1,51,,True,0,HOLD,0,agent_a
29,WHEAT,1,1,51,53.0,True,0,HOLD,0,agent_d
29,WHEAT,1,1,51,,True,0,HOLD,0,agent_a
29,WHEAT,1,1,51,53.0,True,0,HOLD,0,agent_d
29,WHEAT,1,1,51,,True,0,HOLD,0,agent_a
29,WHEAT,1,1,51,53.0,True,0,HOLD,0,agent_d
29,WHEAT,1,1,51,,True,0,HOLD,0,agent_a
29,WHEAT,1,1,51,53.0,True,0,HOLD,0,agent_d
29,WHEAT,1,1,51,,True,0,HOLD,0,agent_a
29,WHEAT,1,1,51,53.0,True,0,HOLD,0,agent_d
29,WHEAT,1,1,51,,True,0,HOLD,0,agent_a
29,WHEAT,1,1,51,54.0,True,0,HOLD,0,agent_d
29,WHEAT,1,1,51,,True,0,HOLD,0,agent_a
29,WHEAT,1,1,51,54.0,True,0,HOLD,0,agent_d
29,WHEAT,1,1,51,,True,0,HOLD,0,agent_a
29,WHEAT,1,1,51,54.0,True,0,HOLD,0,agent_d
29,WHEAT,1,1,51,,True,0,HOLD,0,agent_a
29,WHEAT,1,1,51,54.0,True,0,HOLD,0,agent_d
29,WHEAT,1,1,51,,True,0,HOLD,0,agent_a
29,WHEAT,1,1,51,54.0,True,0,HOLD,0,agent_d
29,WHEAT,1,1,51,,True,0,HOLD,0,agent_a
29,WHEAT,1,1,51,54.0,True,0,HOLD,0,agent_d
29,WHEAT,1,1,51,,True,0,HOLD,0,agent_a
29,WHEAT,1,1,51,54.0,True,0,HOLD,0,agent_d
29,WHEAT,1,1,51,,True,0,HOLD,0,agent_a
29,WHEAT,1,1,51,54.0,True,0,HOLD,0,agent_d
29,WHEAT,1,1,51,,True,0,HOLD,0,agent_a
29,WHEAT,1,1,52,54.0,True,0,HOLD,0,agent_d
29,WHEAT,1,1,52,,True,0,HOLD,0,agent_a
29,WHEAT,1,1,52,54.0,True,0,HOLD,0,agent_d
29,WHEAT,1,1,52,,True,0,HOLD,0,agent_a
29,WHEAT,1,1,52,54.0,True,0,HOLD,0,agent_d
29,WHEAT,1,1,52,,True,0,HOLD,0,agent_a
