player,player_submission,episode_id,end_time,state,type,player_seat,player_bank,player_rating_before,player_rating_after,opponent_name,opponent_team,opponent_submission,opponent_seat,opponent_bank,won
Boey,56484772,112499720,2026-09-23 15:32:00,COMPLETED,EPISODE_TYPE_PUBLIC,1,100556,3098.2613906427173,3102.092686597052,DSM,16732748,56489014,0,97872,1
Boey,56484772,112490397,2026-09-23 15:00:37,COMPLETED,EPISODE_TYPE_PUBLIC,0,114417,3094.4920466377944,3098.2613906427173,Unknown Mother-Goose,16730612,56478145,1,99520,1
Boey,56484772,112481107,2026-09-23 14:29:59,COMPLETED,EPISODE_TYPE_PUBLIC,1,77682,3090.2654581538886,3094.4920466377944,M & M & P & Q,16681125,56464621,0,71465,1
Boey,56484772,112471604,2026-09-23 13:58:08,COMPLETED,EPISODE_TYPE_PUBLIC,0,128198,3086.2516731829332,3090.2654581538886,Unknown Mother-Goose,16730612,56478145,1,115014,1
Boey,56484772,112471612,2026-09-23 13:57:24,COMPLETED,EPISODE_TYPE_PUBLIC,0,111729,3082.0370214406325,3086.2516731829332,Unknown Mother-Goose,16730612,56478145,1,99011,1
Boey,56484772,112462539,2026-09-23 13:24:24,COMPLETED,EPISODE_TYPE_PUBLIC,1,92313,3078.486850677401,3082.0370214406325,Kaggledew Valley 🏆,16633132,56478402,0,82137,1
Boey,56484772,112454257,2026-09-23 12:57:46,COMPLETED,EPISODE_TYPE_PUBLIC,1,92329,3074.1296690033496,3078.486850677401,Unknown Mother-Goose,16730612,56478145,0,84681,1
Boey,56484772,112454264,2026-09-23 12:55:34,COMPLETED,EPISODE_TYPE_PUBLIC,1,129608,3070.598057749466,3074.1296690033496,mtmr_s1,16758882,56461142,0,123328,1
Boey,56484772,112446064,2026-09-23 12:31:26,COMPLETED,EPISODE_TYPE_PUBLIC,1,101875,3065.9493782647705,3070.598057749466,M & M & P & Q,16681125,56464621,0,97888,1
Boey,56484772,112446065,2026-09-23 12:25:35,COMPLETED,EPISODE_TYPE_PUBLIC,0,136906,3059.447677102815,3065.9493782647705,DSM,16732748,56468867,1,127039,1
Boey,56484772,112437698,2026-09-23 11:57:36,COMPLETED,EPISODE_TYPE_PUBLIC,0,92016,3055.6992991378675,3059.447677102815,DECEM,16623559,56482350,1,87629,1
Boey,56484772,112431577,2026-09-23 11:39:59,COMPLETED,EPISODE_TYPE_PUBLIC,0,118070,3051.9095420335434,3055.6992991378675,Kaggledew Valley 🏆,16633132,56478402,1,103905,1
Boey,56484772,112426103,2026-09-23 11:17:46,COMPLETED,EPISODE_TYPE_PUBLIC,0,109646,3047.3192841443993,3051.9095420335434,nah id win,16718819,56459657,1,94572,1
Boey,56484772,112423558,2026-09-23 11:11:49,COMPLETED,EPISODE_TYPE_PUBLIC,0,105479,3043.3358682273465,3047.3192841443993,Kaggledew Valley 🏆,16633132,56478402,1,102686,1
Boey,56484772,112422302,2026-09-23 11:05:58,COMPLETED,EPISODE_TYPE_PUBLIC,0,117583,3038.6801213889757,3043.3358682273465,Vadim Vasilenko,16770421,56474685,1,113513,1
Boey,56484772,112421116,2026-09-23 11:04:37,COMPLETED,EPISODE_TYPE_PUBLIC,0,109273,3034.898273843746,3038.6801213889757,THIRD FARM CLUB,16730524,56449618,1,91536,1
Boey,56484772,112419902,2026-09-23 10:59:52,COMPLETED,EPISODE_TYPE_PUBLIC,1,123513,3030.659148459045,3034.898273843746,Kaggledew Valley 🏆,16633132,56478393,0,120335,1
Boey,56484772,112418651,2026-09-23 10:54:45,COMPLETED,EPISODE_TYPE_PUBLIC,0,154107,3026.5543487778027,3030.659148459045,THIRD FARM CLUB,16730524,56449618,1,153856,1
Boey,56484772,112417447,2026-09-23 10:51:01,COMPLETED,EPISODE_TYPE_PUBLIC,0,75782,3021.895092587851,3026.5543487778027,Vadim Vasilenko,16770421,56460399,1,66377,1
Boey,56484772,112417778,2026-09-23 10:49:54,COMPLETED,EPISODE_TYPE_PUBLIC,0,114114,3016.139418190772,3021.895092587851,nah id win,16718819,56459657,1,103523,1
Boey,56484772,112416287,2026-09-23 10:49:16,COMPLETED,EPISODE_TYPE_PUBLIC,0,84960,3011.1721095786156,3016.139418190772,DECEM,16623559,56482350,1,75292,1
Boey,56484772,112415099,2026-09-23 10:40:57,COMPLETED,EPISODE_TYPE_PUBLIC,1,102756,3007.7396875918253,3011.1721095786156,KawattaTaido,16654697,56416831,0,89093,1
Boey,56484772,112413928,2026-09-23 10:38:36,COMPLETED,EPISODE_TYPE_PUBLIC,1,113367,3003.290753415149,3007.7396875918253,Azat Akhtyamov,16743356,56476290,0,100549,1
Boey,56484772,112412703,2026-09-23 10:36:20,COMPLETED,EPISODE_TYPE_PUBLIC,1,110355,2997.772104085539,3003.290753415149,Kaggledew Valley 🏆,16633132,56478393,0,101448,1
Boey,56484772,112411520,2026-09-23 10:33:04,COMPLETED,EPISODE_TYPE_PUBLIC,1,136286,3003.08716815467,2997.772104085539,吃白饭的大肥鱼,16854176,56483899,0,150952,0
Boey,56484772,112410346,2026-09-23 10:27:18,COMPLETED,EPISODE_TYPE_PUBLIC,0,127925,2998.9012392332975,3003.08716815467,HowardLeeTW,16690867,56463813,1,106849,1
Boey,56484772,112409147,2026-09-23 10:22:49,COMPLETED,EPISODE_TYPE_PUBLIC,0,108087,2995.448310913236,2998.9012392332975,Artem The Farmer 🍅,16621799,56466215,1,87152,1
Boey,56484772,112407959,2026-09-23 10:19:06,COMPLETED,EPISODE_TYPE_PUBLIC,1,134756,2989.212659984246,2995.448310913236,Kaggledew Valley 🏆,16633132,56478393,0,109238,1
Boey,56484772,112406771,2026-09-23 10:15:51,COMPLETED,EPISODE_TYPE_PUBLIC,1,128513,2984.4849027736846,2989.212659984246,TheEggman,16887437,56472985,0,109098,1
Boey,56484772,112404368,2026-09-23 10:15:10,COMPLETED,EPISODE_TYPE_PUBLIC,0,102815,2979.0007872766714,2984.4849027736846,THIRD FARM CLUB,16730524,56483076,1,92971,1
Boey,56484772,112405569,2026-09-23 10:09:16,COMPLETED,EPISODE_TYPE_PUBLIC,0,98080,2972.0155827141457,2979.0007872766714,Kaggledew Valley 🏆,16633132,56478402,1,85602,1
Boey,56484772,112403144,2026-09-23 10:03:17,COMPLETED,EPISODE_TYPE_PUBLIC,0,108384,2966.7068403647236,2972.0155827141457,Otter Vibe,16760569,56353982,1,86785,1
Boey,56484772,112401974,2026-09-23 10:00:33,COMPLETED,EPISODE_TYPE_PUBLIC,1,107052,2959.178159558362,2966.7068403647236,吃白饭的大肥鱼,16854176,56483899,0,94063,1
Boey,56484772,112399744,2026-09-23 09:55:46,COMPLETED,EPISODE_TYPE_PUBLIC,1,119311,2954.2974650763517,2959.178159558362,Orbital Terraformer,16675778,56467169,0,99833,1
Boey,56484772,112400663,2026-09-23 09:52:57,COMPLETED,EPISODE_TYPE_PUBLIC,0,151085,2947.818013314336,2954.2974650763517,ymg_aq,16732403,56483684,1,137480,1
Boey,56484772,112399487,2026-09-23 09:48:26,COMPLETED,EPISODE_TYPE_PUBLIC,0,119937,2942.769518339587,2947.818013314336,Planned Economy,16685950,56289593,1,89994,1
Boey,56484772,112398313,2026-09-23 09:47:25,COMPLETED,EPISODE_TYPE_PUBLIC,1,97924,2937.6302139424497,2942.769518339587,DeeperNet,16693904,56456600,0,81149,1
Boey,56484772,112397111,2026-09-23 09:42:51,COMPLETED,EPISODE_TYPE_PUBLIC,0,126383,2931.1663087231323,2937.6302139424497,HowardLeeTW,16690867,56456228,1,115306,1
Boey,56484772,112395923,2026-09-23 09:39:37,COMPLETED,EPISODE_TYPE_PUBLIC,0,125828,2923.7332244192653,2931.1663087231323,Yannik Schiffner,16760701,56467044,1,110504,1
Boey,56484772,112396240,2026-09-23 09:38:55,COMPLETED,EPISODE_TYPE_PUBLIC,1,130899,2914.9540502371083,2923.7332244192653,吃白饭的大肥鱼,16854176,56461212,0,115615,1
Boey,56484772,112394731,2026-09-23 09:33:24,COMPLETED,EPISODE_TYPE_PUBLIC,1,122264,2906.5711687241287,2914.9540502371083,Azat Akhtyamov,16743356,56476292,0,110149,1
Boey,56484772,112393505,2026-09-23 09:30:27,COMPLETED,EPISODE_TYPE_PUBLIC,0,104883,2897.5163081254705,2906.5711687241287,Yannik Schiffner,16760701,56467044,1,99475,1
Boey,56484772,112393713,2026-09-23 09:29:40,COMPLETED,EPISODE_TYPE_PUBLIC,0,111203,2887.1770450517292,2897.5163081254705,ymg_aq,16732403,56483684,1,96687,1
Boey,56484772,112392332,2026-09-23 09:28:31,COMPLETED,EPISODE_TYPE_PUBLIC,0,112703,2880.019720436898,2887.1770450517292,AI是我的豆包,16728071,56470744,1,94271,1
Boey,56484772,112391149,2026-09-23 09:21:54,COMPLETED,EPISODE_TYPE_PUBLIC,1,106673,2873.9175015983415,2880.019720436898,Snorlax,16707990,56466756,0,81891,1
Boey,56484772,112389942,2026-09-23 09:17:45,COMPLETED,EPISODE_TYPE_PUBLIC,0,135273,2865.361886415098,2873.9175015983415,ShunkiKyoya,16743582,56446454,1,91932,1
Boey,56484772,112388714,2026-09-23 09:14:25,COMPLETED,EPISODE_TYPE_PUBLIC,0,95530,2858.12789862113,2865.361886415098,Kaggriculture Agent,16644724,56475478,1,69935,1
Boey,56484772,112388993,2026-09-23 09:14:10,COMPLETED,EPISODE_TYPE_PUBLIC,1,106153,2850.5905663650256,2858.12789862113,tw1nstar,16847812,56482873,0,86502,1
Boey,56484772,112387546,2026-09-23 09:11:34,COMPLETED,EPISODE_TYPE_PUBLIC,0,96879,2842.6364970044606,2850.5905663650256,in blue,16897610,56481885,1,63954,1
Boey,56484772,112386644,2026-09-23 09:09:01,COMPLETED,EPISODE_TYPE_PUBLIC,1,103662,2833.7253266361154,2842.6364970044606,tw1nstar,16847812,56482873,0,68857,1
Boey,56484772,112386353,2026-09-23 09:04:01,COMPLETED,EPISODE_TYPE_PUBLIC,1,130459,2822.556047127974,2833.7253266361154,kwa,16739633,56476100,0,113407,1
Boey,56484772,112385139,2026-09-23 09:03:04,COMPLETED,EPISODE_TYPE_PUBLIC,0,77666,2817.4823486934993,2822.556047127974,quantara.cv,16654783,56483229,1,48547,1
Boey,56484772,112383976,2026-09-23 09:00:28,COMPLETED,EPISODE_TYPE_PUBLIC,1,91353,2806.1252089059312,2817.4823486934993,RangerSnow,16923122,56481984,0,67071,1
Boey,56484772,112384473,2026-09-23 08:57:45,COMPLETED,EPISODE_TYPE_PUBLIC,1,120898,2792.495037124999,2806.1252089059312,AI是我的豆包,16728071,56470744,0,105619,1
Boey,56484772,112382792,2026-09-23 08:54:40,COMPLETED,EPISODE_TYPE_PUBLIC,0,124499,2781.0411842888084,2792.495037124999,kuro0315,16623637,56416301,1,100572,1
Boey,56484772,112381583,2026-09-23 08:50:50,COMPLETED,EPISODE_TYPE_PUBLIC,1,119639,2768.8488403835386,2781.0411842888084,GanadorPlusUltra,16681369,56480256,0,97723,1
Boey,56484772,112380409,2026-09-23 08:46:23,COMPLETED,EPISODE_TYPE_PUBLIC,0,103117,2787.9668502992004,2768.8488403835386,Kurokawa,16757621,56454913,1,108332,0
Boey,56484772,112379212,2026-09-23 08:40:18,COMPLETED,EPISODE_TYPE_PUBLIC,0,123510,2775.3922928391944,2787.9668502992004,𝕯𝖊𝖔𝖉𝖎𝖒𝖘 & 𝕮𝖔,16781445,56464958,1,96930,1
Boey,56484772,112378021,2026-09-23 08:37:38,COMPLETED,EPISODE_TYPE_PUBLIC,1,141435,2759.8711587378243,2775.3922928391944,Yizhou,16712258,56476797,0,123857,1
Boey,56484772,112376792,2026-09-23 08:32:36,COMPLETED,EPISODE_TYPE_PUBLIC,1,130707,2747.642349902738,2759.8711587378243,yomogii,16833141,56424829,0,104903,1
M & M & P & Q,56464621,112495118,2026-09-23 15:18:06,COMPLETED,EPISODE_TYPE_PUBLIC,0,101181,3064.2064694062797,3059.512756281777,DSM,16732748,56489014,1,104164,0
M & M & P & Q,56464621,112488067,2026-09-23 14:54:31,COMPLETED,EPISODE_TYPE_PUBLIC,0,97624,3069.719064494052,3064.2064694062797,Unknown Mother-Goose,16730612,56489080,1,101939,0
M & M & P & Q,56464621,112481107,2026-09-23 14:29:59,COMPLETED,EPISODE_TYPE_PUBLIC,0,71465,3073.9456529779577,3069.719064494052,Boey,16915014,56484772,1,77682,0
M & M & P & Q,56464621,112481119,2026-09-23 14:29:58,COMPLETED,EPISODE_TYPE_PUBLIC,1,107627,3079.041924781062,3073.9456529779577,DSM,16732748,56489014,0,112526,0
M & M & P & Q,56464621,112471613,2026-09-23 13:57:49,COMPLETED,EPISODE_TYPE_PUBLIC,1,90788,3074.7784549781704,3079.041924781062,Unknown Mother-Goose,16730612,56478145,0,90699,1
M & M & P & Q,56464621,112462532,2026-09-23 13:29:22,COMPLETED,EPISODE_TYPE_PUBLIC,0,122074,3080.5666087456266,3074.7784549781704,mtmr_s1,16758882,56461142,1,136818,0
M & M & P & Q,56464621,112462531,2026-09-23 13:28:38,COMPLETED,EPISODE_TYPE_PUBLIC,1,75258,3083.8867492479,3080.5666087456266,DSM,16732748,56468867,0,86421,0
M & M & P & Q,56464621,112462537,2026-09-23 13:26:17,COMPLETED,EPISODE_TYPE_PUBLIC,1,107063,3080.417150313197,3083.8867492479,Kaggledew Valley 🏆,16633132,56478402,0,97695,1
M & M & P & Q,56464621,112454265,2026-09-23 12:57:37,COMPLETED,EPISODE_TYPE_PUBLIC,0,119213,3074.316791731917,3080.417150313197,DSM,16732748,56468867,1,116974,1
M & M & P & Q,56464621,112453075,2026-09-23 12:53:51,COMPLETED,EPISODE_TYPE_PUBLIC,1,87891,3070.787519336456,3074.316791731917,DECEM,16623559,56482350,0,87219,1
M & M & P & Q,56464621,112446064,2026-09-23 12:31:26,COMPLETED,EPISODE_TYPE_PUBLIC,0,97888,3075.4361988211517,3070.787519336456,Boey,16915014,56484772,1,101875,0
M & M & P & Q,56464621,112444874,2026-09-23 12:22:25,COMPLETED,EPISODE_TYPE_PUBLIC,1,111316,3071.9350465809653,3075.4361988211517,DECEM,16623559,56482350,0,106259,1
M & M & P & Q,56464621,112436442,2026-09-23 11:58:45,COMPLETED,EPISODE_TYPE_PUBLIC,1,111245,3067.5249508251895,3071.9350465809653,Unknown Mother-Goose,16730612,56478145,0,108327,1
M & M & P & Q,56464621,112436392,2026-09-23 11:54:26,COMPLETED,EPISODE_TYPE_PUBLIC,1,123578,3064.1142847543297,3067.5249508251895,Kaggledew Valley 🏆,16633132,56478393,0,111409,1
M & M & P & Q,56464621,112428349,2026-09-23 11:29:46,COMPLETED,EPISODE_TYPE_PUBLIC,0,84024,3068.9438252344594,3064.1142847543297,nah id win,16718819,56459657,1,84169,0
M & M & P & Q,56464621,112420159,2026-09-23 11:02:55,COMPLETED,EPISODE_TYPE_PUBLIC,1,101650,3064.713388975947,3068.9438252344594,Vadim Vasilenko,16770421,56474685,0,92538,1
M & M & P & Q,56464621,112417726,2026-09-23 10:52:31,COMPLETED,EPISODE_TYPE_PUBLIC,1,85271,3060.973654732176,3064.713388975947,吃白饭的大肥鱼,16854176,56483899,0,84574,1
M & M & P & Q,56464621,112409424,2026-09-23 10:29:00,COMPLETED,EPISODE_TYPE_PUBLIC,0,72720,3065.3943269373567,3060.973654732176,Unknown Mother-Goose,16730612,56478145,1,77450,0
M & M & P & Q,56464621,112400909,2026-09-23 09:55:55,COMPLETED,EPISODE_TYPE_PUBLIC,0,101783,3061.1504631614434,3065.3943269373567,Vadim Vasilenko,16770421,56474685,1,96165,1
M & M & P & Q,56464621,112396243,2026-09-23 09:43:44,COMPLETED,EPISODE_TYPE_PUBLIC,0,94644,3054.724724791826,3061.1504631614434,DSM,16732748,56468867,1,94505,1
M & M & P & Q,56464621,112391485,2026-09-23 09:26:05,COMPLETED,EPISODE_TYPE_PUBLIC,0,103920,3051.1700300375937,3054.724724791826,吃白饭的大肥鱼,16854176,56483899,1,94329,1
M & M & P & Q,56464621,112382303,2026-09-23 08:52:08,COMPLETED,EPISODE_TYPE_PUBLIC,1,99293,3053.6206526168407,3051.1700300375937,DSM,16732748,56463942,0,107136,0
M & M & P & Q,56464621,112378715,2026-09-23 08:41:03,COMPLETED,EPISODE_TYPE_PUBLIC,1,78560,3056.591885751784,3053.6206526168407,DSM,16732748,56468867,0,84946,0
M & M & P & Q,56464621,112373912,2026-09-23 08:24:15,COMPLETED,EPISODE_TYPE_PUBLIC,0,108046,3051.5936020880736,3056.591885751784,nah id win,16718819,56459657,1,103229,1
M & M & P & Q,56464621,112365514,2026-09-23 07:55:09,COMPLETED,EPISODE_TYPE_PUBLIC,1,76139,3056.6171392467113,3051.5936020880736,Vadim Vasilenko,16770421,56474685,0,79116,0
M & M & P & Q,56464621,112361930,2026-09-23 07:48:07,COMPLETED,EPISODE_TYPE_PUBLIC,0,112181,3061.19018359099,3056.6171392467113,Unknown Mother-Goose,16730612,56468475,1,114749,0
M & M & P & Q,56464621,112361804,2026-09-23 07:46:26,COMPLETED,EPISODE_TYPE_PUBLIC,0,134680,3054.8111213107363,3061.19018359099,DSM,16732748,56468867,1,131997,1
M & M & P & Q,56464621,112354231,2026-09-23 07:20:24,COMPLETED,EPISODE_TYPE_PUBLIC,1,152253,3051.71436175021,3054.8111213107363,Azat Akhtyamov,16743356,56476290,0,130744,1
M & M & P & Q,56464621,112346122,2026-09-23 06:55:48,COMPLETED,EPISODE_TYPE_PUBLIC,0,89103,3047.3762928636324,3051.71436175021,Vadim Vasilenko,16770421,56474685,1,79804,1
M & M & P & Q,56464621,112337955,2026-09-23 06:24:16,COMPLETED,EPISODE_TYPE_PUBLIC,1,99177,3042.8216057161485,3047.3762928636324,mtmr_s1,16758882,56461115,0,87449,1
M & M & P & Q,56464621,112330549,2026-09-23 06:03:35,COMPLETED,EPISODE_TYPE_PUBLIC,1,87865,3038.062660985475,3042.8216057161485,Unknown Mother-Goose,16730612,56468475,0,80205,1
M & M & P & Q,56464621,112326816,2026-09-23 05:48:59,COMPLETED,EPISODE_TYPE_PUBLIC,0,94391,3033.9769141579172,3038.062660985475,THIRD FARM CLUB,16730524,56449618,1,90750,1
M & M & P & Q,56464621,112319629,2026-09-23 05:26:14,COMPLETED,EPISODE_TYPE_PUBLIC,1,88042,3027.1978713415415,3033.9769141579172,DSM,16732748,56468867,0,84472,1
M & M & P & Q,56464621,112316134,2026-09-23 05:12:22,COMPLETED,EPISODE_TYPE_PUBLIC,1,71652,3031.5584259162497,3027.1978713415415,Vadim Vasilenko,16770421,56474685,0,73177,0
M & M & P & Q,56464621,112309037,2026-09-23 04:52:14,COMPLETED,EPISODE_TYPE_PUBLIC,1,82109,3037.483640433595,3031.5584259162497,SpaTaro,16640510,56445377,0,82446,0
M & M & P & Q,56464621,112301925,2026-09-23 04:25:28,COMPLETED,EPISODE_TYPE_PUBLIC,1,87654,3041.780325718585,3037.483640433595,Unknown Mother-Goose,16730612,56468475,0,88338,0
M & M & P & Q,56464621,112300755,2026-09-23 04:21:52,COMPLETED,EPISODE_TYPE_PUBLIC,0,128856,3038.2705040309997,3041.780325718585,ymg_aq,16732403,56459403,1,114877,1
M & M & P & Q,56464621,112294381,2026-09-23 04:00:43,COMPLETED,EPISODE_TYPE_PUBLIC,0,104767,3033.429949591875,3038.2705040309997,Unknown Mother-Goose,16730612,56468475,1,99127,1
M & M & P & Q,56464621,112286808,2026-09-23 03:39:19,COMPLETED,EPISODE_TYPE_PUBLIC,1,111093,3030.172923861885,3033.429949591875,Yannik Schiffner,16760701,56462519,0,82147,1
M & M & P & Q,56464621,112279383,2026-09-23 03:13:32,COMPLETED,EPISODE_TYPE_PUBLIC,0,125376,3025.3986873679382,3030.172923861885,DECEM,16623559,56453955,1,115904,1
M & M & P & Q,56464621,112271999,2026-09-23 02:48:46,COMPLETED,EPISODE_TYPE_PUBLIC,1,93412,3022.040482216107,3025.3986873679382,Yannik Schiffner,16760701,56467044,0,80816,1
M & M & P & Q,56464621,112272000,2026-09-23 02:47:31,COMPLETED,EPISODE_TYPE_PUBLIC,0,77247,3016.8353568597436,3022.040482216107,Unknown Mother-Goose,16730612,56468475,1,72633,1
M & M & P & Q,56464621,112264751,2026-09-23 02:24:46,COMPLETED,EPISODE_TYPE_PUBLIC,0,96184,3012.100419676285,3016.8353568597436,Vadim Vasilenko,16770421,56460399,1,88124,1
M & M & P & Q,56464621,112260929,2026-09-23 02:14:39,COMPLETED,EPISODE_TYPE_PUBLIC,1,93093,3007.9255809925353,3012.100419676285,tetsuya & yuanzhe & guoqi,16623716,56460565,0,82172,1
M & M & P & Q,56464621,112258610,2026-09-23 02:06:24,COMPLETED,EPISODE_TYPE_PUBLIC,1,97515,3004.965616568147,3007.9255809925353,THUNDER THUNDER,16622198,56392823,0,84434,1
M & M & P & Q,56464621,112258534,2026-09-23 02:05:16,COMPLETED,EPISODE_TYPE_PUBLIC,0,80611,3001.020600508636,3004.965616568147,ymg_aq,16732403,56459403,1,76293,1
M & M & P & Q,56464621,112252285,2026-09-23 01:48:15,COMPLETED,EPISODE_TYPE_PUBLIC,0,78352,3003.6952113411444,3001.020600508636,DSM,16732748,56468867,1,88526,0
M & M & P & Q,56464621,112247355,2026-09-23 01:28:33,COMPLETED,EPISODE_TYPE_PUBLIC,0,88696,2999.920868568951,3003.6952113411444,Yannik Schiffner,16760701,56467044,1,82302,1
M & M & P & Q,56464621,112246092,2026-09-23 01:28:29,COMPLETED,EPISODE_TYPE_PUBLIC,0,65171,3004.0327425572714,2999.920868568951,mtmr_s1,16758882,56461142,1,78606,0
M & M & P & Q,56464621,112245964,2026-09-23 01:24:54,COMPLETED,EPISODE_TYPE_PUBLIC,1,116793,2998.843643247678,3004.0327425572714,mtmr_s1,16758882,56461115,0,101084,1
M & M & P & Q,56464621,112245959,2026-09-23 01:24:53,COMPLETED,EPISODE_TYPE_PUBLIC,0,116789,2998.843643247678,3003.447745258747,DECEM,16623559,56467679,1,116352,1
M & M & P & Q,56464621,112239183,2026-09-23 01:05:02,COMPLETED,EPISODE_TYPE_PUBLIC,1,106696,2993.4203361113,2998.843643247678,DECEM,16623559,56453955,0,93696,1
M & M & P & Q,56464621,112233656,2026-09-23 00:49:20,COMPLETED,EPISODE_TYPE_PUBLIC,0,73035,2987.860615254281,2993.4203361113,mtmr_s1,16758882,56461115,1,70767,1
M & M & P & Q,56464621,112226836,2026-09-23 00:31:27,COMPLETED,EPISODE_TYPE_PUBLIC,1,108992,2983.02233135713,2987.860615254281,DECEM,16623559,56467679,0,103161,1
M & M & P & Q,56464621,112219779,2026-09-23 00:07:58,COMPLETED,EPISODE_TYPE_PUBLIC,1,104194,2987.2965363324993,2983.02233135713,Kaggledew Valley 🏆,16633132,56450236,0,107468,0
M & M & P & Q,56464621,112212987,2026-09-22 23:49:53,COMPLETED,EPISODE_TYPE_PUBLIC,1,164160,2981.990107407095,2987.2965363324993,mtmr_s1,16758882,56461142,0,146752,1
M & M & P & Q,56464621,112208626,2026-09-22 23:37:02,COMPLETED,EPISODE_TYPE_PUBLIC,1,74084,2976.8745655519815,2981.990107407095,Unknown Mother-Goose,16730612,56463811,0,66784,1
M & M & P & Q,56464621,112206406,2026-09-22 23:29:33,COMPLETED,EPISODE_TYPE_PUBLIC,0,94962,2974.2907403584322,2976.8745655519815,Snorlax,16707990,56376247,1,80731,1
M & M & P & Q,56464621,112200593,2026-09-22 23:14:17,COMPLETED,EPISODE_TYPE_PUBLIC,0,97697,2969.5543103791383,2974.2907403584322,DECEM,16623559,56467679,1,96715,1
M & M & P & Q,56464621,112194936,2026-09-22 22:57:33,COMPLETED,EPISODE_TYPE_PUBLIC,1,113051,2964.993841536301,2969.5543103791383,吃白饭的大肥鱼,16854176,56461212,0,108768,1
DSM,56489014,112499720,2026-09-23 15:32:00,COMPLETED,EPISODE_TYPE_PUBLIC,0,97872,3056.7202424522607,3052.888946497926,Boey,16915014,56484772,1,100556,0
DSM,56489014,112495118,2026-09-23 15:18:06,COMPLETED,EPISODE_TYPE_PUBLIC,1,104164,3052.026529327758,3056.7202424522607,M & M & P & Q,16681125,56464621,0,101181,1
DSM,56489014,112485856,2026-09-23 14:42:23,COMPLETED,EPISODE_TYPE_PUBLIC,0,95201,3048.341770866906,3052.026529327758,mtmr_s1,16758882,56461142,1,83394,1
DSM,56489014,112481119,2026-09-23 14:29:58,COMPLETED,EPISODE_TYPE_PUBLIC,0,112526,3043.2454990638016,3048.341770866906,M & M & P & Q,16681125,56464621,1,107627,1
DSM,56489014,112481113,2026-09-23 14:29:45,COMPLETED,EPISODE_TYPE_PUBLIC,1,113209,3038.5704136862782,3043.2454990638016,Unknown Mother-Goose,16730612,56478145,0,105286,1
DSM,56489014,112475386,2026-09-23 14:07:11,COMPLETED,EPISODE_TYPE_PUBLIC,0,138936,3043.7248028304216,3038.5704136862782,吃白饭的大肥鱼,16854176,56483899,1,139624,0
DSM,56489014,112473849,2026-09-23 14:01:34,COMPLETED,EPISODE_TYPE_PUBLIC,0,100011,3041.0546023850416,3043.7248028304216,ymg_aq,16732403,56490011,1,82704,1
DSM,56489014,112472663,2026-09-23 13:58:20,COMPLETED,EPISODE_TYPE_PUBLIC,1,76130,3036.618494818372,3041.0546023850416,Vadim Vasilenko,16770421,56474685,0,66064,1
DSM,56489014,112471466,2026-09-23 13:57:19,COMPLETED,EPISODE_TYPE_PUBLIC,1,81001,3032.6708433926015,3036.618494818372,Unknown Mother-Goose,16730612,56489080,0,77517,1
DSM,56489014,112471484,2026-09-23 13:56:41,COMPLETED,EPISODE_TYPE_PUBLIC,1,111587,3028.853498652162,3032.6708433926015,THIRD FARM CLUB,16730524,56449618,0,98342,1
DSM,56489014,112470335,2026-09-23 13:52:12,COMPLETED,EPISODE_TYPE_PUBLIC,1,89135,3024.6474514168463,3028.853498652162,Unknown Mother-Goose,16730612,56489080,0,84713,1
DSM,56489014,112468021,2026-09-23 13:49:47,COMPLETED,EPISODE_TYPE_PUBLIC,0,149261,3020.6782830338307,3024.6474514168463,THIRD FARM CLUB,16730524,56483076,1,135410,1
DSM,56489014,112469196,2026-09-23 13:46:45,COMPLETED,EPISODE_TYPE_PUBLIC,0,113429,3015.715565346241,3020.6782830338307,Kaggledew Valley 🏆,16633132,56478402,1,107751,1
DSM,56489014,112466855,2026-09-23 13:39:14,COMPLETED,EPISODE_TYPE_PUBLIC,1,95029,3010.1117224455456,3015.715565346241,Vadim Vasilenko,16770421,56474685,0,85015,1
DSM,56489014,112465682,2026-09-23 13:34:07,COMPLETED,EPISODE_TYPE_PUBLIC,0,99808,3005.176999503691,3010.1117224455456,Kaggledew Valley 🏆,16633132,56478393,1,89553,1
DSM,56489014,112464526,2026-09-23 13:33:04,COMPLETED,EPISODE_TYPE_PUBLIC,0,143399,3002.027862554813,3005.176999503691,Orbital Terraformer,16675778,56263779,1,115580,1
DSM,56489014,112463325,2026-09-23 13:27:23,COMPLETED,EPISODE_TYPE_PUBLIC,0,112269,2997.432913844549,3002.027862554813,Arda Ceylan,16673205,56470107,1,100437,1
DSM,56489014,112462136,2026-09-23 13:22:58,COMPLETED,EPISODE_TYPE_PUBLIC,0,110354,2993.387000521543,2997.432913844549,M & M & P & Q,16681125,56464328,1,99211,1
DSM,56489014,112460939,2026-09-23 13:20:44,COMPLETED,EPISODE_TYPE_PUBLIC,0,118734,2990.1244195621653,2993.387000521543,🐚seek inspiration🐚,16793083,56489993,1,102138,1
DSM,56489014,112460965,2026-09-23 13:18:35,COMPLETED,EPISODE_TYPE_PUBLIC,1,133455,2986.159419641355,2990.1244195621653,Sida Zuo,16664246,56488930,0,105830,1
DSM,56489014,112459757,2026-09-23 13:16:29,COMPLETED,EPISODE_TYPE_PUBLIC,0,128339,2980.8124514887118,2986.159419641355,Arda Ceylan,16673205,56470107,1,110533,1
DSM,56489014,112458569,2026-09-23 13:13:33,COMPLETED,EPISODE_TYPE_PUBLIC,0,113171,2974.1707519803454,2980.8124514887118,mtmr_s1,16758882,56461142,1,111641,1
DSM,56489014,112456237,2026-09-23 13:08:12,COMPLETED,EPISODE_TYPE_PUBLIC,1,111220,2967.954920825767,2974.1707519803454,THIRD FARM CLUB,16730524,56483076,0,100301,1
DSM,56489014,112457402,2026-09-23 13:07:24,COMPLETED,EPISODE_TYPE_PUBLIC,0,105585,2962.9646899140994,2967.954920825767,Excluding,16671741,56468167,1,88452,1
DSM,56489014,112454997,2026-09-23 13:02:22,COMPLETED,EPISODE_TYPE_PUBLIC,1,121723,2956.0502645023867,2962.9646899140994,THIRD FARM CLUB,16730524,56449618,0,98200,1
DSM,56489014,112453803,2026-09-23 12:53:26,COMPLETED,EPISODE_TYPE_PUBLIC,0,97871,2951.298238063829,2956.0502645023867,Yannik Schiffner,16760701,56481479,1,84602,1
DSM,56489014,112452661,2026-09-23 12:51:59,COMPLETED,EPISODE_TYPE_PUBLIC,0,134864,2945.5921770044397,2951.298238063829,Sida Zuo,16664246,56488930,1,115811,1
DSM,56489014,112451485,2026-09-23 12:49:19,COMPLETED,EPISODE_TYPE_PUBLIC,0,100686,2939.091308412566,2945.5921770044397,TheEggman,16887437,56472985,1,81259,1
DSM,56489014,112450318,2026-09-23 12:45:16,COMPLETED,EPISODE_TYPE_PUBLIC,0,136714,2933.5198075352446,2939.091308412566,Yannik Schiffner,16760701,56481479,1,112519,1
DSM,56489014,112450342,2026-09-23 12:44:06,COMPLETED,EPISODE_TYPE_PUBLIC,0,86736,2927.045813747086,2933.5198075352446,Sida Zuo,16664246,56488930,1,71036,1
DSM,56489014,112449158,2026-09-23 12:40:04,COMPLETED,EPISODE_TYPE_PUBLIC,0,91160,2921.957136041065,2927.045813747086,DeeperNet,16693904,56467354,1,76670,1
DSM,56489014,112447983,2026-09-23 12:34:58,COMPLETED,EPISODE_TYPE_PUBLIC,0,142935,2915.415760051683,2921.957136041065,摆烂小分队 🏆,16695046,56480549,1,115047,1
DSM,56489014,112446789,2026-09-23 12:33:18,COMPLETED,EPISODE_TYPE_PUBLIC,1,123579,2907.269799643093,2915.415760051683,Yannik Schiffner,16760701,56467044,0,113484,1
DSM,56489014,112445618,2026-09-23 12:26:04,COMPLETED,EPISODE_TYPE_PUBLIC,0,118349,2901.0145753659513,2907.269799643093,feel the agi,16805699,56338865,1,96974,1
DSM,56489014,112444429,2026-09-23 12:24:34,COMPLETED,EPISODE_TYPE_PUBLIC,0,137076,2896.254476172577,2901.0145753659513,sAIzeria Harness,16688732,56461025,1,116144,1
DSM,56489014,112443117,2026-09-23 12:19:19,COMPLETED,EPISODE_TYPE_PUBLIC,0,117506,2886.5792194400237,2896.254476172577,M & M & P & Q,16681125,56464328,1,104189,1
DSM,56489014,112442057,2026-09-23 12:17:50,COMPLETED,EPISODE_TYPE_PUBLIC,0,104189,2876.9038171024204,2886.5792194400237,HowardLeeTW,16690867,56456228,1,85762,1
DSM,56489014,112440837,2026-09-23 12:13:10,COMPLETED,EPISODE_TYPE_PUBLIC,0,146837,2867.5517971375493,2876.9038171024204,Yannik Schiffner,16760701,56481479,1,129552,1
DSM,56489014,112439669,2026-09-23 12:06:46,COMPLETED,EPISODE_TYPE_PUBLIC,0,109334,2859.3347427544186,2867.5517971375493,QQ农场,16750416,56463893,1,93625,1
DSM,56489014,112437195,2026-09-23 12:03:20,COMPLETED,EPISODE_TYPE_PUBLIC,1,91773,2850.5781986869133,2859.3347427544186,RS Turley,16672709,56482104,0,62672,1
DSM,56489014,112438403,2026-09-23 12:00:39,COMPLETED,EPISODE_TYPE_PUBLIC,1,92209,2841.154926187825,2850.5781986869133,Driz Lo,16748733,56432939,0,69798,1
DSM,56489014,112435961,2026-09-23 11:53:55,COMPLETED,EPISODE_TYPE_PUBLIC,1,133753,2831.128230064375,2841.154926187825,ShunkiKyoya,16743582,56408992,0,111291,1
DSM,56489014,112434746,2026-09-23 11:51:43,COMPLETED,EPISODE_TYPE_PUBLIC,1,147542,2822.42889621689,2831.128230064375,shyjin,16734580,56448392,0,126798,1
DSM,56489014,112433587,2026-09-23 11:50:48,COMPLETED,EPISODE_TYPE_PUBLIC,1,85205,2814.441483564176,2822.42889621689,Gatswei,16922539,56473170,0,65365,1
DSM,56489014,112432436,2026-09-23 11:44:18,COMPLETED,EPISODE_TYPE_PUBLIC,1,133488,2804.822233075643,2814.441483564176,Rodrigo Ramón,16784561,56472658,0,98301,1
DSM,56489014,112431229,2026-09-23 11:39:09,COMPLETED,EPISODE_TYPE_PUBLIC,1,137180,2799.9834349805074,2804.822233075643,KTAcosmo,16859496,56461449,0,120150,1
DSM,56489014,112431636,2026-09-23 11:37:44,COMPLETED,EPISODE_TYPE_PUBLIC,1,108626,2787.7717251786953,2799.9834349805074,tw1nstar,16847812,56482873,0,85347,1
DSM,56489014,112430020,2026-09-23 11:36:29,COMPLETED,EPISODE_TYPE_PUBLIC,0,121432,2775.194750105074,2787.7717251786953,Bohann Wang,16730946,56471107,1,98424,1
DSM,56489014,112428808,2026-09-23 11:29:13,COMPLETED,EPISODE_TYPE_PUBLIC,0,93127,2767.8763216577313,2775.194750105074,Hyunwoo_Park,16876344,56469815,1,71304,1
DSM,56489014,112427673,2026-09-23 11:26:38,COMPLETED,EPISODE_TYPE_PUBLIC,1,95913,2755.231209696839,2767.8763216577313,A. R. SEKKAT,16748765,56485100,0,81408,1
DSM,56489014,112426515,2026-09-23 11:22:39,COMPLETED,EPISODE_TYPE_PUBLIC,0,110656,2738.064304366246,2755.231209696839,Sirui Zeng,16661118,56479899,1,83900,1
DSM,56489014,112425333,2026-09-23 11:16:46,COMPLETED,EPISODE_TYPE_PUBLIC,0,95782,2723.3453886127995,2738.064304366246,ZHOU HONGYI,16700204,56462126,1,64879,1
DSM,56489014,112424162,2026-09-23 11:15:55,COMPLETED,EPISODE_TYPE_PUBLIC,0,94672,2712.192263355881,2723.3453886127995,DECEM,16623559,56489091,1,90438,1
DSM,56489014,112422994,2026-09-23 11:10:19,COMPLETED,EPISODE_TYPE_PUBLIC,0,171164,2697.4941174276964,2712.192263355881,CrazyML,16762208,56487980,1,133458,1
DSM,56489014,112421851,2026-09-23 11:07:46,COMPLETED,EPISODE_TYPE_PUBLIC,1,125923,2680.242866616165,2697.4941174276964,Варим сельский самогон,16641116,56468513,0,95967,1
DSM,56489014,112420630,2026-09-23 11:01:49,COMPLETED,EPISODE_TYPE_PUBLIC,1,102230,2662.7095640461057,2680.242866616165,Masashi Nishimoto,16697229,56462870,0,87948,1
DSM,56489014,112420126,2026-09-23 10:59:17,COMPLETED,EPISODE_TYPE_PUBLIC,1,79460,2647.818138650223,2662.7095640461057,ManasviSharma,16654707,56481039,0,59670,1
DSM,56489014,112419418,2026-09-23 10:58:42,COMPLETED,EPISODE_TYPE_PUBLIC,0,112724,2637.8941376073362,2647.818138650223,koucha,16851664,56442040,1,87924,1
DSM,56489014,112419761,2026-09-23 10:57:34,COMPLETED,EPISODE_TYPE_PUBLIC,1,119087,2615.1613613535847,2637.8941376073362,arumajiro,16933836,56486399,0,93550,1
DSM,56489014,112418188,2026-09-23 10:55:19,COMPLETED,EPISODE_TYPE_PUBLIC,1,104543,2592.5363356454436,2615.1613613535847,Gemini IS ALL YOU NEED,16698308,56478996,0,87912,1
Unknown Mother-Goose,56478145,112499723,2026-09-23 15:34:28,COMPLETED,EPISODE_TYPE_PUBLIC,0,115785,3045.122999964542,3048.9739033924516,Vadim Vasilenko,16770421,56474685,1,113462,1
Unknown Mother-Goose,56478145,112490397,2026-09-23 15:00:37,COMPLETED,EPISODE_TYPE_PUBLIC,1,99520,3048.892343969465,3045.122999964542,Boey,16915014,56484772,0,114417,0
Unknown Mother-Goose,56478145,112490399,2026-09-23 15:00:03,COMPLETED,EPISODE_TYPE_PUBLIC,1,117581,3044.962605219087,3048.892343969465,吃白饭的大肥鱼,16854176,56483899,0,110373,1
Unknown Mother-Goose,56478145,112481113,2026-09-23 14:29:45,COMPLETED,EPISODE_TYPE_PUBLIC,0,105286,3049.6376905966104,3044.962605219087,DSM,16732748,56489014,1,113209,0
Unknown Mother-Goose,56478145,112471609,2026-09-23 13:58:41,COMPLETED,EPISODE_TYPE_PUBLIC,0,86882,3052.479598196536,3049.6376905966104,DSM,16732748,56468867,1,90858,0
Unknown Mother-Goose,56478145,112471604,2026-09-23 13:58:08,COMPLETED,EPISODE_TYPE_PUBLIC,1,115014,3056.493383167491,3052.479598196536,Boey,16915014,56484772,0,128198,0
Unknown Mother-Goose,56478145,112471613,2026-09-23 13:57:49,COMPLETED,EPISODE_TYPE_PUBLIC,0,90699,3060.7568529703826,3056.493383167491,M & M & P & Q,16681125,56464621,1,90788,0
Unknown Mother-Goose,56478145,112471612,2026-09-23 13:57:24,COMPLETED,EPISODE_TYPE_PUBLIC,1,99011,3064.9715047126833,3060.7568529703826,Boey,16915014,56484772,0,111729,0
Unknown Mother-Goose,56478145,112462528,2026-09-23 13:26:13,COMPLETED,EPISODE_TYPE_PUBLIC,1,107577,3061.5515118001003,3064.9715047126833,Kaggledew Valley 🏆,16633132,56478393,0,102196,1
Unknown Mother-Goose,56478145,112454257,2026-09-23 12:57:46,COMPLETED,EPISODE_TYPE_PUBLIC,0,84681,3065.9086934741517,3061.5515118001003,Boey,16915014,56484772,1,92329,0
Unknown Mother-Goose,56478145,112446058,2026-09-23 12:29:07,COMPLETED,EPISODE_TYPE_PUBLIC,1,93150,3061.531162615081,3065.9086934741517,nah id win,16718819,56459657,0,92732,1
Unknown Mother-Goose,56478145,112444879,2026-09-23 12:27:32,COMPLETED,EPISODE_TYPE_PUBLIC,0,114494,3058.1451958754183,3061.531162615081,Kaggledew Valley 🏆,16633132,56478393,1,107133,1
Unknown Mother-Goose,56478145,112436442,2026-09-23 11:58:45,COMPLETED,EPISODE_TYPE_PUBLIC,0,108327,3062.555291631194,3058.1451958754183,M & M & P & Q,16681125,56464621,1,111245,0
Unknown Mother-Goose,56478145,112429544,2026-09-23 11:35:06,COMPLETED,EPISODE_TYPE_PUBLIC,0,134676,3065.5249920021092,3062.555291631194,DSM,16732748,56468867,1,139465,0
Unknown Mother-Goose,56478145,112429547,2026-09-23 11:34:25,COMPLETED,EPISODE_TYPE_PUBLIC,0,127543,3071.014073034012,3065.5249920021092,吃白饭的大肥鱼,16854176,56483899,1,133466,0
Unknown Mother-Goose,56478145,112421424,2026-09-23 11:04:53,COMPLETED,EPISODE_TYPE_PUBLIC,1,132029,3067.876296035147,3071.014073034012,THIRD FARM CLUB,16730524,56449618,0,124989,1
Unknown Mother-Goose,56478145,112421423,2026-09-23 11:03:13,COMPLETED,EPISODE_TYPE_PUBLIC,1,75413,3070.962447096083,3067.876296035147,DSM,16732748,56468867,0,78554,0
Unknown Mother-Goose,56478145,112413080,2026-09-23 10:33:42,COMPLETED,EPISODE_TYPE_PUBLIC,0,114720,3074.136814649132,3070.962447096083,DSM,16732748,56468867,1,121026,0
Unknown Mother-Goose,56478145,112409424,2026-09-23 10:29:00,COMPLETED,EPISODE_TYPE_PUBLIC,1,77450,3069.716142443951,3074.136814649132,M & M & P & Q,16681125,56464621,0,72720,1
Unknown Mother-Goose,56478145,112409514,2026-09-23 10:23:48,COMPLETED,EPISODE_TYPE_PUBLIC,1,120197,3065.2625680666893,3069.716142443951,nah id win,16718819,56459657,0,107590,1
Unknown Mother-Goose,56478145,112409511,2026-09-23 10:23:13,COMPLETED,EPISODE_TYPE_PUBLIC,1,97742,3061.52552381009,3065.2625680666893,Vadim Vasilenko,16770421,56460399,0,92125,1
Unknown Mother-Goose,56478145,112400905,2026-09-23 09:56:25,COMPLETED,EPISODE_TYPE_PUBLIC,1,108805,3057.670867791658,3061.52552381009,Vadim Vasilenko,16770421,56460399,0,103067,1
Unknown Mother-Goose,56478145,112399981,2026-09-23 09:52:27,COMPLETED,EPISODE_TYPE_PUBLIC,1,116628,3055.051932973727,3057.670867791658,HowardLeeTW,16690867,56463813,0,108444,1
Unknown Mother-Goose,56478145,112391645,2026-09-23 09:25:15,COMPLETED,EPISODE_TYPE_PUBLIC,1,69902,3050.6146313612576,3055.051932973727,Vadim Vasilenko,16770421,56474685,0,66960,1
Unknown Mother-Goose,56478145,112391303,2026-09-23 09:25:08,COMPLETED,EPISODE_TYPE_PUBLIC,0,138929,3046.927245324655,3050.6146313612576,吃白饭的大肥鱼,16854176,56483899,1,131372,1
Unknown Mother-Goose,56478145,112383216,2026-09-23 08:54:28,COMPLETED,EPISODE_TYPE_PUBLIC,0,98680,3042.4714742190163,3046.927245324655,DECEM,16623559,56467679,1,96720,1
Unknown Mother-Goose,56478145,112373910,2026-09-23 08:28:05,COMPLETED,EPISODE_TYPE_PUBLIC,0,114714,3038.1290458270023,3042.4714742190163,mtmr_s1,16758882,56461115,1,104167,1
Unknown Mother-Goose,56478145,112365512,2026-09-23 07:57:01,COMPLETED,EPISODE_TYPE_PUBLIC,0,101944,3035.0978845121695,3038.1290458270023,M & M & P & Q,16681125,56464328,1,92317,1
Unknown Mother-Goose,56478145,112357010,2026-09-23 07:29:30,COMPLETED,EPISODE_TYPE_PUBLIC,0,123649,3030.829457351272,3035.0978845121695,mtmr_s1,16758882,56461142,1,115151,1
Unknown Mother-Goose,56478145,112356786,2026-09-23 07:27:53,COMPLETED,EPISODE_TYPE_PUBLIC,0,106440,3026.5547573532967,3030.829457351272,Kaggledew Valley 🏆,16633132,56478393,1,87746,1
Unknown Mother-Goose,56478145,112349656,2026-09-23 07:04:44,COMPLETED,EPISODE_TYPE_PUBLIC,0,98289,3021.041702921969,3026.5547573532967,nah id win,16718819,56459657,1,96808,1
Unknown Mother-Goose,56478145,112342619,2026-09-23 06:40:37,COMPLETED,EPISODE_TYPE_PUBLIC,1,90741,3016.3324639449734,3021.041702921969,Vadim Vasilenko,16770421,56460399,0,88299,1
Unknown Mother-Goose,56478145,112335107,2026-09-23 06:17:13,COMPLETED,EPISODE_TYPE_PUBLIC,0,138868,3012.1750856866574,3016.3324639449734,Kaggledew Valley 🏆,16633132,56478393,1,135385,1
Unknown Mother-Goose,56478145,112332765,2026-09-23 06:10:42,COMPLETED,EPISODE_TYPE_PUBLIC,1,99421,3007.543535162868,3012.1750856866574,Kaggledew Valley 🏆,16633132,56478402,0,85224,1
Unknown Mother-Goose,56478145,112333964,2026-09-23 06:09:58,COMPLETED,EPISODE_TYPE_PUBLIC,1,90779,3003.2209321996684,3007.543535162868,Kaggledew Valley 🏆,16633132,56478393,0,86722,1
Unknown Mother-Goose,56478145,112331545,2026-09-23 06:05:20,COMPLETED,EPISODE_TYPE_PUBLIC,0,101717,2999.2213830394517,3003.2209321996684,Azat Akhtyamov,16743356,56476290,1,87430,1
Unknown Mother-Goose,56478145,112330292,2026-09-23 06:01:34,COMPLETED,EPISODE_TYPE_PUBLIC,1,106614,2993.631731966863,2999.2213830394517,DECEM,16623559,56467679,0,104337,1
Unknown Mother-Goose,56478145,112329088,2026-09-23 05:54:55,COMPLETED,EPISODE_TYPE_PUBLIC,0,114739,2997.7466009703335,2993.631731966863,mtmr_s1,16758882,56461142,1,119258,0
Unknown Mother-Goose,56478145,112327795,2026-09-23 05:51:59,COMPLETED,EPISODE_TYPE_PUBLIC,0,106224,2993.7207246835387,2997.7466009703335,TheEggman,16887437,56472985,1,101203,1
Unknown Mother-Goose,56478145,112326557,2026-09-23 05:49:17,COMPLETED,EPISODE_TYPE_PUBLIC,1,106193,2997.407608924178,2993.7207246835387,nah id win,16718819,56459657,0,106259,0
Unknown Mother-Goose,56478145,112325285,2026-09-23 05:43:37,COMPLETED,EPISODE_TYPE_PUBLIC,1,119953,2994.132962255184,2997.407608924178,Artem The Farmer 🍅,16621799,56466215,0,108279,1
Unknown Mother-Goose,56478145,112324181,2026-09-23 05:42:06,COMPLETED,EPISODE_TYPE_PUBLIC,0,117216,2989.3134054586267,2994.132962255184,Azat Akhtyamov,16743356,56476290,1,104136,1
Unknown Mother-Goose,56478145,112322970,2026-09-23 05:36:04,COMPLETED,EPISODE_TYPE_PUBLIC,1,101863,2985.0822237896323,2989.3134054586267,Otter Vibe,16760569,56353982,0,86425,1
Unknown Mother-Goose,56478145,112321796,2026-09-23 05:33:25,COMPLETED,EPISODE_TYPE_PUBLIC,1,104252,2979.3640637657627,2985.0822237896323,Kaggledew Valley 🏆,16633132,56478402,0,92357,1
Unknown Mother-Goose,56478145,112321773,2026-09-23 05:30:22,COMPLETED,EPISODE_TYPE_PUBLIC,0,114712,2974.9173944954177,2979.3640637657627,KawattaTaido,16654697,56417128,1,102307,1
Unknown Mother-Goose,56478145,112320556,2026-09-23 05:29:10,COMPLETED,EPISODE_TYPE_PUBLIC,0,138069,2968.6233659910836,2974.9173944954177,Kaggledew Valley 🏆,16633132,56478402,1,130706,1
Unknown Mother-Goose,56478145,112319327,2026-09-23 05:26:05,COMPLETED,EPISODE_TYPE_PUBLIC,1,102603,2963.939628227959,2968.6233659910836,Excluding,16671741,56457665,0,91131,1
Unknown Mother-Goose,56478145,112320538,2026-09-23 05:25:50,COMPLETED,EPISODE_TYPE_PUBLIC,1,107625,2959.148015034737,2963.939628227959,Azat Akhtyamov,16743356,56476292,0,95703,1
Unknown Mother-Goose,56478145,112318142,2026-09-23 05:20:41,COMPLETED,EPISODE_TYPE_PUBLIC,0,106278,2953.9203928364973,2959.148015034737,Excluding,16671741,56468167,1,93106,1
Unknown Mother-Goose,56478145,112316964,2026-09-23 05:17:31,COMPLETED,EPISODE_TYPE_PUBLIC,1,110729,2950.226406659677,2953.9203928364973,ShunkiKyoya,16743582,56408992,0,94390,1
Unknown Mother-Goose,56478145,112316140,2026-09-23 05:12:25,COMPLETED,EPISODE_TYPE_PUBLIC,1,91960,2944.4111858722936,2950.226406659677,吃白饭的大肥鱼,16854176,56450063,0,79262,1
Unknown Mother-Goose,56478145,112315784,2026-09-23 05:12:12,COMPLETED,EPISODE_TYPE_PUBLIC,1,115462,2940.0667016870207,2944.4111858722936,Artem The Farmer 🍅,16621799,56470931,0,106091,1
Unknown Mother-Goose,56478145,112314583,2026-09-23 05:09:25,COMPLETED,EPISODE_TYPE_PUBLIC,1,97814,2933.0875236568413,2940.0667016870207,THIRD FARM CLUB,16730524,56431349,0,87936,1
Unknown Mother-Goose,56478145,112313392,2026-09-23 05:05:41,COMPLETED,EPISODE_TYPE_PUBLIC,1,91503,2927.956351718379,2933.0875236568413,Planned Economy,16685950,56289593,0,69472,1
Unknown Mother-Goose,56478145,112312519,2026-09-23 05:02:22,COMPLETED,EPISODE_TYPE_PUBLIC,1,106200,2922.881963412574,2927.956351718379,DeeperNet,16693904,56467354,0,88968,1
Unknown Mother-Goose,56478145,112312166,2026-09-23 04:58:35,COMPLETED,EPISODE_TYPE_PUBLIC,0,145230,2915.9043601973367,2922.881963412574,KawattaTaido,16654697,56417128,1,135306,1
Unknown Mother-Goose,56478145,112310943,2026-09-23 04:56:52,COMPLETED,EPISODE_TYPE_PUBLIC,1,104365,2910.872157705322,2915.9043601973367,kwa,16739633,56476100,0,86193,1
Unknown Mother-Goose,56478145,112309751,2026-09-23 04:54:43,COMPLETED,EPISODE_TYPE_PUBLIC,0,93631,2904.972392240234,2910.872157705322,Snorlax,16707990,56376247,1,63588,1
Unknown Mother-Goose,56478145,112308575,2026-09-23 04:47:20,COMPLETED,EPISODE_TYPE_PUBLIC,0,97663,2899.009965259215,2904.972392240234,by,16740405,56369101,1,70208,1
Unknown Mother-Goose,56478145,112307319,2026-09-23 04:44:09,COMPLETED,EPISODE_TYPE_PUBLIC,0,151846,2893.244041196307,2899.009965259215,QQ农场,16750416,56463893,1,128863,1
DECEM,56489091,112493572,2026-09-23 15:09:04,COMPLETED,EPISODE_TYPE_PUBLIC,1,77934,3022.9165841907434,3026.6599431892896,Vadim Vasilenko,16770421,56491543,0,74878,1
DECEM,56489091,112487003,2026-09-23 14:45:27,COMPLETED,EPISODE_TYPE_PUBLIC,0,99326,3018.6890704602397,3022.9165841907434,Kaggledew Valley 🏆,16633132,56478402,1,89528,1
DECEM,56489091,112482221,2026-09-23 14:30:22,COMPLETED,EPISODE_TYPE_PUBLIC,1,90066,3016.027336523713,3018.6890704602397,ymg_aq,16732403,56489988,0,77193,1
DECEM,56489091,112477788,2026-09-23 14:15:10,COMPLETED,EPISODE_TYPE_PUBLIC,0,82808,3011.6140431145427,3016.027336523713,Kaggledew Valley 🏆,16633132,56478402,1,79601,1
DECEM,56489091,112474180,2026-09-23 14:03:25,COMPLETED,EPISODE_TYPE_PUBLIC,0,118923,3007.0680674903897,3011.6140431145427,吃白饭的大肥鱼,16854176,56483899,1,112240,1
DECEM,56489091,112472993,2026-09-23 13:59:15,COMPLETED,EPISODE_TYPE_PUBLIC,1,124346,3003.4869395679852,3007.0680674903897,YumeNeko,16863512,56467178,0,105205,1
DECEM,56489091,112472607,2026-09-23 13:58:23,COMPLETED,EPISODE_TYPE_PUBLIC,0,84227,3009.3954036756454,3003.4869395679852,Fourth Quadrant,16667959,56489655,1,87657,0
DECEM,56489091,112471832,2026-09-23 13:56:47,COMPLETED,EPISODE_TYPE_PUBLIC,1,82546,3005.520598509606,3009.3954036756454,THIRD FARM CLUB,16730524,56449618,0,76719,1
DECEM,56489091,112470376,2026-09-23 13:55:19,COMPLETED,EPISODE_TYPE_PUBLIC,0,100587,3001.6904281523143,3005.520598509606,THIRD FARM CLUB,16730524,56483076,1,89515,1
DECEM,56489091,112471642,2026-09-23 13:53:32,COMPLETED,EPISODE_TYPE_PUBLIC,0,123554,2996.633305754288,3001.6904281523143,Vadim Vasilenko,16770421,56474685,1,113344,1
DECEM,56489091,112469263,2026-09-23 13:50:14,COMPLETED,EPISODE_TYPE_PUBLIC,0,80509,2992.8207418178085,2996.633305754288,Arda Ceylan,16673205,56470107,1,69007,1
DECEM,56489091,112468050,2026-09-23 13:46:00,COMPLETED,EPISODE_TYPE_PUBLIC,1,110691,2988.225911294384,2992.8207418178085,Kaggledew Valley 🏆,16633132,56478393,0,96432,1
DECEM,56489091,112466901,2026-09-23 13:41:09,COMPLETED,EPISODE_TYPE_PUBLIC,0,98258,2983.7869400547106,2988.225911294384,吃白饭的大肥鱼,16854176,56461212,1,90801,1
DECEM,56489091,112465718,2026-09-23 13:32:55,COMPLETED,EPISODE_TYPE_PUBLIC,1,122105,2980.16619477411,2983.7869400547106,Sida Zuo,16664246,56488930,0,96377,1
DECEM,56489091,112464560,2026-09-23 13:31:29,COMPLETED,EPISODE_TYPE_PUBLIC,1,87882,2974.588433865452,2980.16619477411,mtmr_s1,16758882,56461142,0,83956,1
DECEM,56489091,112463362,2026-09-23 13:30:13,COMPLETED,EPISODE_TYPE_PUBLIC,0,95495,2969.896283342231,2974.588433865452,Arda Ceylan,16673205,56470107,1,83042,1
DECEM,56489091,112463584,2026-09-23 13:28:20,COMPLETED,EPISODE_TYPE_PUBLIC,0,96997,2964.623995283014,2969.896283342231,THIRD FARM CLUB,16730524,56449618,1,96251,1
DECEM,56489091,112462163,2026-09-23 13:24:30,COMPLETED,EPISODE_TYPE_PUBLIC,1,84550,2960.350372689456,2964.623995283014,TheEggman,16887437,56472985,0,76119,1
DECEM,56489091,112460977,2026-09-23 13:20:13,COMPLETED,EPISODE_TYPE_PUBLIC,1,112392,2955.8514782231646,2960.350372689456,TheEggman,16887437,56472985,0,103371,1
DECEM,56489091,112458613,2026-09-23 13:15:58,COMPLETED,EPISODE_TYPE_PUBLIC,1,119008,2951.1084195394037,2955.8514782231646,TheEggman,16887437,56472985,0,113726,1
DECEM,56489091,112459785,2026-09-23 13:13:43,COMPLETED,EPISODE_TYPE_PUBLIC,0,144825,2947.142463101692,2951.1084195394037,摆烂小分队 🏆,16695046,56480549,1,134784,1
DECEM,56489091,112457441,2026-09-23 13:06:30,COMPLETED,EPISODE_TYPE_PUBLIC,0,118419,2942.428886999399,2947.142463101692,ymg_aq,16732403,56490011,1,113028,1
DECEM,56489091,112456258,2026-09-23 13:02:53,COMPLETED,EPISODE_TYPE_PUBLIC,0,111695,2937.028573075496,2942.428886999399,HowardLeeTW,16690867,56463813,1,94598,1
DECEM,56489091,112453846,2026-09-23 13:02:27,COMPLETED,EPISODE_TYPE_PUBLIC,1,84874,2931.1902643197354,2937.028573075496,SpaTaro,16640510,56445377,0,76227,1
DECEM,56489091,112455022,2026-09-23 13:00:52,COMPLETED,EPISODE_TYPE_PUBLIC,0,112988,2927.1573162672294,2931.1902643197354,Driz Lo,16748733,56428197,1,96739,1
DECEM,56489091,112455019,2026-09-23 12:58:28,COMPLETED,EPISODE_TYPE_PUBLIC,1,122773,2921.4948299836105,2927.1573162672294,Sida Zuo,16664246,56488930,0,108628,1
DECEM,56489091,112452697,2026-09-23 12:52:33,COMPLETED,EPISODE_TYPE_PUBLIC,1,110076,2916.1476249872794,2921.4948299836105,THUNDER THUNDER,16622198,56420406,0,97520,1
DECEM,56489091,112451527,2026-09-23 12:46:49,COMPLETED,EPISODE_TYPE_PUBLIC,0,117010,2910.3103362058396,2916.1476249872794,KawattaTaido,16654697,56416831,1,104835,1
DECEM,56489091,112451503,2026-09-23 12:44:31,COMPLETED,EPISODE_TYPE_PUBLIC,1,110458,2904.96499894386,2910.3103362058396,Excluding,16671741,56489132,0,91882,1
DECEM,56489091,112450334,2026-09-23 12:41:58,COMPLETED,EPISODE_TYPE_PUBLIC,1,105329,2901.566204568346,2904.96499894386,qianqiuwushang,16917732,56480827,0,75580,1
DECEM,56489091,112449180,2026-09-23 12:39:12,COMPLETED,EPISODE_TYPE_PUBLIC,0,86120,2893.9133128438402,2901.566204568346,TheEggman,16887437,56472985,1,75760,1
DECEM,56489091,112448390,2026-09-23 12:38:10,COMPLETED,EPISODE_TYPE_PUBLIC,1,105469,2885.692274333831,2893.9133128438402,TheEggman,16887437,56472985,0,97472,1
DECEM,56489091,112448007,2026-09-23 12:35:27,COMPLETED,EPISODE_TYPE_PUBLIC,1,114936,2879.666301189244,2885.692274333831,Ebi,16882725,56386266,0,87438,1
DECEM,56489091,112446812,2026-09-23 12:32:59,COMPLETED,EPISODE_TYPE_PUBLIC,0,98645,2872.3615192790826,2879.666301189244,Sida Zuo,16664246,56470630,1,93715,1
DECEM,56489091,112445641,2026-09-23 12:25:31,COMPLETED,EPISODE_TYPE_PUBLIC,1,70172,2864.759918237379,2872.3615192790826,c0nrad,16717536,56468195,0,64249,1
DECEM,56489091,112444449,2026-09-23 12:21:34,COMPLETED,EPISODE_TYPE_PUBLIC,0,92050,2858.860849235987,2864.759918237379,Ebi,16882725,56386270,1,74982,1
DECEM,56489091,112443681,2026-09-23 12:19:38,COMPLETED,EPISODE_TYPE_PUBLIC,1,114295,2848.7686026262772,2858.860849235987,Otter Vibe,16760569,56353982,0,96702,1
DECEM,56489091,112443156,2026-09-23 12:17:30,COMPLETED,EPISODE_TYPE_PUBLIC,0,108213,2841.274932732111,2848.7686026262772,AI是我的豆包,16728071,56470744,1,90636,1
DECEM,56489091,112442059,2026-09-23 12:15:40,COMPLETED,EPISODE_TYPE_PUBLIC,1,89605,2834.2075979223237,2841.274932732111,mikelou1,16629685,56433763,0,76329,1
DECEM,56489091,112440686,2026-09-23 12:11:28,COMPLETED,EPISODE_TYPE_PUBLIC,0,139280,2827.4171046754077,2834.2075979223237,Abhinav0370,16867671,56490066,1,121897,1
DECEM,56489091,112440839,2026-09-23 12:09:55,COMPLETED,EPISODE_TYPE_PUBLIC,1,119197,2821.338564242129,2827.4171046754077,SH11235,16867734,56453940,0,100023,1
DECEM,56489091,112439679,2026-09-23 12:05:20,COMPLETED,EPISODE_TYPE_PUBLIC,0,138468,2812.540194794309,2821.338564242129,mikelou1,16629685,56434031,1,115984,1
DECEM,56489091,112438407,2026-09-23 12:01:03,COMPLETED,EPISODE_TYPE_PUBLIC,0,88958,2802.7613055217244,2812.540194794309,mikelou1,16629685,56434031,1,80408,1
DECEM,56489091,112437190,2026-09-23 11:58:10,COMPLETED,EPISODE_TYPE_PUBLIC,0,102643,2796.0323639273497,2802.7613055217244,Ghost Rule,16823930,56395605,1,88627,1
DECEM,56489091,112435976,2026-09-23 11:53:21,COMPLETED,EPISODE_TYPE_PUBLIC,0,105530,2786.804791398038,2796.0323639273497,UjjwalPardeshi,16745006,56483894,1,87479,1
DECEM,56489091,112434756,2026-09-23 11:49:37,COMPLETED,EPISODE_TYPE_PUBLIC,1,116066,2778.81934178472,2786.804791398038,3정훈,16723620,56484926,0,90481,1
DECEM,56489091,112434231,2026-09-23 11:46:48,COMPLETED,EPISODE_TYPE_PUBLIC,0,89869,2772.1509130849868,2778.81934178472,Shoko,16693050,56460766,1,63563,1
DECEM,56489091,112433603,2026-09-23 11:44:47,COMPLETED,EPISODE_TYPE_PUBLIC,1,90916,2762.747618033108,2772.1509130849868,curiosity,16633790,56486504,0,75569,1
DECEM,56489091,112432437,2026-09-23 11:41:17,COMPLETED,EPISODE_TYPE_PUBLIC,1,94061,2750.552431609942,2762.747618033108,Chris Deotte,16867799,56473242,0,84065,1
DECEM,56489091,112431244,2026-09-23 11:39:27,COMPLETED,EPISODE_TYPE_PUBLIC,0,106367,2737.310889631432,2750.552431609942,Excluding,16671741,56489132,1,89418,1
DECEM,56489091,112431226,2026-09-23 11:38:01,COMPLETED,EPISODE_TYPE_PUBLIC,1,96428,2726.634807973827,2737.310889631432,哈基米南北路多,16914744,56444889,0,74203,1
DECEM,56489091,112430012,2026-09-23 11:36:23,COMPLETED,EPISODE_TYPE_PUBLIC,0,92160,2714.0321101480395,2726.634807973827,pensukesan,16748173,56423211,1,63888,1
DECEM,56489091,112428788,2026-09-23 11:29:20,COMPLETED,EPISODE_TYPE_PUBLIC,0,96807,2698.3110642825272,2714.0321101480395,batuhan kalem,16631978,56472233,1,87163,1
DECEM,56489091,112427659,2026-09-23 11:26:13,COMPLETED,EPISODE_TYPE_PUBLIC,1,104504,2684.325074280375,2698.3110642825272,Hello San Francisco,16663946,56480126,0,69364,1
DECEM,56489091,112428132,2026-09-23 11:25:51,COMPLETED,EPISODE_TYPE_PUBLIC,0,121266,2668.508354818708,2684.325074280375,codezzzsleep,16925367,56485643,1,90085,1
DECEM,56489091,112426510,2026-09-23 11:21:13,COMPLETED,EPISODE_TYPE_PUBLIC,1,96676,2649.2395044911514,2668.508354818708,Mositaku,16942819,56488829,0,67444,1
DECEM,56489091,112426490,2026-09-23 11:21:04,COMPLETED,EPISODE_TYPE_PUBLIC,1,126104,2632.2670454691747,2649.2395044911514,NayuNayu,16778340,56485815,0,97245,1
DECEM,56489091,112425297,2026-09-23 11:16:01,COMPLETED,EPISODE_TYPE_PUBLIC,0,106326,2613.3703697967594,2632.2670454691747,ToastUz,16737944,56444545,1,71251,1
DECEM,56489091,112424162,2026-09-23 11:15:55,COMPLETED,EPISODE_TYPE_PUBLIC,1,90438,2626.9863385775893,2613.3703697967594,DSM,16732748,56489014,0,94672,0
DECEM,56489091,112424118,2026-09-23 11:14:24,COMPLETED,EPISODE_TYPE_PUBLIC,0,91097,2606.0859316526244,2626.9863385775893,Paing,16908263,56447126,1,63173,1
吃白饭的大肥鱼,56483899,112499724,2026-09-23 15:32:42,COMPLETED,EPISODE_TYPE_PUBLIC,0,122968,3005.8790288584305,3001.6199050919795,Unknown Mother-Goose,16730612,56489080,1,125554,0
吃白饭的大肥鱼,56483899,112490399,2026-09-23 15:00:03,COMPLETED,EPISODE_TYPE_PUBLIC,0,110373,3009.8087676088085,3005.8790288584305,Unknown Mother-Goose,16730612,56478145,1,117581,0
吃白饭的大肥鱼,56483899,112486926,2026-09-23 14:45:06,COMPLETED,EPISODE_TYPE_PUBLIC,1,99018,3006.327657391913,3009.8087676088085,mtmr_s1,16758882,56488920,0,89928,1
吃白饭的大肥鱼,56483899,112477511,2026-09-23 14:14:51,COMPLETED,EPISODE_TYPE_PUBLIC,1,95875,3010.9579441103524,3006.327657391913,Unknown Mother-Goose,16730612,56489080,0,96919,0
吃白饭的大肥鱼,56483899,112475386,2026-09-23 14:07:11,COMPLETED,EPISODE_TYPE_PUBLIC,1,139624,3005.825496148811,3010.9579441103524,DSM,16732748,56489014,0,138936,1
吃白饭的大肥鱼,56483899,112474180,2026-09-23 14:03:25,COMPLETED,EPISODE_TYPE_PUBLIC,1,112240,3010.371471772964,3005.825496148811,DECEM,16623559,56489091,0,118923,0
吃白饭的大肥鱼,56483899,112465960,2026-09-23 13:36:39,COMPLETED,EPISODE_TYPE_PUBLIC,0,99335,3005.9537429725074,3010.371471772964,mtmr_s1,16758882,56461142,1,90970,1
吃白饭的大肥鱼,56483899,112457389,2026-09-23 13:09:26,COMPLETED,EPISODE_TYPE_PUBLIC,1,109811,3011.6591127170905,3005.9537429725074,Unknown Mother-Goose,16730612,56489080,0,110735,0
吃白饭的大肥鱼,56483899,112454261,2026-09-23 12:55:09,COMPLETED,EPISODE_TYPE_PUBLIC,0,114883,3016.2473995357554,3011.6591127170905,Kaggledew Valley 🏆,16633132,56478402,1,132301,0
吃白饭的大肥鱼,56483899,112446067,2026-09-23 12:26:12,COMPLETED,EPISODE_TYPE_PUBLIC,0,131375,3013.0895728172736,3016.2473995357554,Yannik Schiffner,16760701,56467044,1,122215,1
吃白饭的大肥鱼,56483899,112437695,2026-09-23 11:55:51,COMPLETED,EPISODE_TYPE_PUBLIC,0,112605,3018.374688977727,3013.0895728172736,THIRD FARM CLUB,16730524,56449618,1,116054,0
吃白饭的大肥鱼,56483899,112429547,2026-09-23 11:34:25,COMPLETED,EPISODE_TYPE_PUBLIC,1,133466,3012.885607945824,3018.374688977727,Unknown Mother-Goose,16730612,56478145,0,127543,1
吃白饭的大肥鱼,56483899,112426076,2026-09-23 11:18:51,COMPLETED,EPISODE_TYPE_PUBLIC,0,123383,3009.683487169215,3012.885607945824,YumeNeko,16863512,56467412,1,111279,1
吃白饭的大肥鱼,56483899,112417726,2026-09-23 10:52:31,COMPLETED,EPISODE_TYPE_PUBLIC,0,84574,3013.423221412986,3009.683487169215,M & M & P & Q,16681125,56464621,1,85271,0
吃白饭的大肥鱼,56483899,112411520,2026-09-23 10:33:04,COMPLETED,EPISODE_TYPE_PUBLIC,0,150952,3009.0409294017504,3013.423221412986,Boey,16915014,56484772,1,136286,1
吃白饭的大肥鱼,56483899,112413097,2026-09-23 10:32:15,COMPLETED,EPISODE_TYPE_PUBLIC,1,107945,3006.090058609856,3009.0409294017504,KawattaTaido,16654697,56417128,0,92629,1
吃白饭的大肥鱼,56483899,112407213,2026-09-23 10:16:12,COMPLETED,EPISODE_TYPE_PUBLIC,1,113009,3001.3543076285932,3006.090058609856,mtmr_s1,16758882,56461142,0,102671,1
吃白饭的大肥鱼,56483899,112404501,2026-09-23 10:04:46,COMPLETED,EPISODE_TYPE_PUBLIC,1,127509,2996.4586103647716,3001.3543076285932,Kaggledew Valley 🏆,16633132,56478402,0,122535,1
吃白饭的大肥鱼,56483899,112403275,2026-09-23 10:03:22,COMPLETED,EPISODE_TYPE_PUBLIC,1,104594,3000.438838866087,2996.4586103647716,Vadim Vasilenko,16770421,56474685,0,105755,0
吃白饭的大肥鱼,56483899,112401974,2026-09-23 10:00:33,COMPLETED,EPISODE_TYPE_PUBLIC,0,94063,3005.9904513826136,3000.438838866087,Boey,16915014,56484772,1,107052,0
吃白饭的大肥鱼,56483899,112402102,2026-09-23 09:58:49,COMPLETED,EPISODE_TYPE_PUBLIC,0,110360,2999.8095152080255,3005.9904513826136,nah id win,16718819,56459657,1,109600,1
吃白饭的大肥鱼,56483899,112400791,2026-09-23 09:54:35,COMPLETED,EPISODE_TYPE_PUBLIC,1,122203,2996.6769122848814,2999.8095152080255,Sida Zuo,16664246,56470630,0,107044,1
吃白饭的大肥鱼,56483899,112399623,2026-09-23 09:50:07,COMPLETED,EPISODE_TYPE_PUBLIC,0,118505,2991.6173168478385,2996.6769122848814,THIRD FARM CLUB,16730524,56449618,1,115764,1
吃白饭的大肥鱼,56483899,112398456,2026-09-23 09:45:25,COMPLETED,EPISODE_TYPE_PUBLIC,1,132648,2996.562986395487,2991.6173168478385,Kaggledew Valley 🏆,16633132,56478393,0,144207,0
吃白饭的大肥鱼,56483899,112397242,2026-09-23 09:40:08,COMPLETED,EPISODE_TYPE_PUBLIC,0,98088,2993.5036413433772,2996.562986395487,Planned Economy,16685950,56289593,1,85970,1
吃白饭的大肥鱼,56483899,112396068,2026-09-23 09:37:42,COMPLETED,EPISODE_TYPE_PUBLIC,0,131728,2988.980124752541,2993.5036413433772,ymg_aq,16732403,56483684,1,126339,1
吃白饭的大肥鱼,56483899,112394900,2026-09-23 09:34:14,COMPLETED,EPISODE_TYPE_PUBLIC,1,141130,2984.6347249593346,2988.980124752541,HowardLeeTW,16690867,56463813,0,131412,1
吃白饭的大肥鱼,56483899,112393649,2026-09-23 09:31:05,COMPLETED,EPISODE_TYPE_PUBLIC,1,151781,2980.891711963987,2984.6347249593346,c0nrad,16717536,56468195,0,138301,1
吃白饭的大肥鱼,56483899,112392488,2026-09-23 09:27:52,COMPLETED,EPISODE_TYPE_PUBLIC,1,104317,2987.381305554812,2980.891711963987,M & M & P & Q,16681125,56464328,0,105181,0
吃白饭的大肥鱼,56483899,112391485,2026-09-23 09:26:05,COMPLETED,EPISODE_TYPE_PUBLIC,1,94329,2991.880268267123,2987.381305554812,M & M & P & Q,16681125,56464621,0,103920,0
吃白饭的大肥鱼,56483899,112391303,2026-09-23 09:25:08,COMPLETED,EPISODE_TYPE_PUBLIC,1,131372,2996.6390927091707,2991.880268267123,Unknown Mother-Goose,16730612,56478145,0,138929,0
吃白饭的大肥鱼,56483899,112390105,2026-09-23 09:17:36,COMPLETED,EPISODE_TYPE_PUBLIC,0,117506,2991.4411379916305,2996.6390927091707,ymg_aq,16732403,56483684,1,111364,1
吃白饭的大肥鱼,56483899,112388888,2026-09-23 09:15:55,COMPLETED,EPISODE_TYPE_PUBLIC,0,80885,2997.00029918008,2991.4411379916305,Vadim Vasilenko,16770421,56460399,1,83561,0
吃白饭的大肥鱼,56483899,112387712,2026-09-23 09:08:25,COMPLETED,EPISODE_TYPE_PUBLIC,1,105000,2991.475730892623,2997.00029918008,ymg_aq,16732403,56483684,0,100295,1
吃白饭的大肥鱼,56483899,112386510,2026-09-23 09:06:46,COMPLETED,EPISODE_TYPE_PUBLIC,0,151437,2986.351256068881,2991.475730892623,HowardLeeTW,16690867,56463813,1,140305,1
吃白饭的大肥鱼,56483899,112385471,2026-09-23 09:04:45,COMPLETED,EPISODE_TYPE_PUBLIC,0,79759,2992.871639167842,2986.351256068881,DECEM,16623559,56482350,1,85327,0
吃白饭的大肥鱼,56483899,112385319,2026-09-23 09:04:03,COMPLETED,EPISODE_TYPE_PUBLIC,0,110946,2985.016198642588,2992.871639167842,DECEM,16623559,56467679,1,105224,1
吃白饭的大肥鱼,56483899,112384144,2026-09-23 08:55:10,COMPLETED,EPISODE_TYPE_PUBLIC,1,150193,2979.3884181331073,2985.016198642588,Yannik Schiffner,16760701,56467044,0,133632,1
吃白饭的大肥鱼,56483899,112382966,2026-09-23 08:54:03,COMPLETED,EPISODE_TYPE_PUBLIC,0,113171,2973.642862265501,2979.3884181331073,Sida Zuo,16664246,56459766,1,100660,1
吃白饭的大肥鱼,56483899,112381770,2026-09-23 08:51:09,COMPLETED,EPISODE_TYPE_PUBLIC,1,97403,2967.2682646391654,2973.642862265501,Otter Vibe,16760569,56353982,0,91525,1
吃白饭的大肥鱼,56483899,112379400,2026-09-23 08:49:42,COMPLETED,EPISODE_TYPE_PUBLIC,1,115882,2960.4453220046416,2967.2682646391654,SpaTaro,16640510,56445377,0,115128,1
吃白饭的大肥鱼,56483899,112380571,2026-09-23 08:47:01,COMPLETED,EPISODE_TYPE_PUBLIC,0,80248,2953.11407011481,2960.4453220046416,ymg_aq,16732403,56483684,1,74219,1
吃白饭的大肥鱼,56483899,112378187,2026-09-23 08:36:57,COMPLETED,EPISODE_TYPE_PUBLIC,0,157957,2946.9355242578517,2953.11407011481,Yannik Schiffner,16760701,56481479,1,153333,1
吃白饭的大肥鱼,56483899,112375769,2026-09-23 08:34:56,COMPLETED,EPISODE_TYPE_PUBLIC,1,136406,2940.620749575394,2946.9355242578517,Orbital Terraformer,16675778,56467169,0,123870,1
吃白饭的大肥鱼,56483899,112376987,2026-09-23 08:34:42,COMPLETED,EPISODE_TYPE_PUBLIC,0,112372,2933.8449537836877,2940.620749575394,c0nrad,16717536,56468195,1,102456,1
吃白饭的大肥鱼,56483899,112375036,2026-09-23 08:27:28,COMPLETED,EPISODE_TYPE_PUBLIC,0,122729,2925.848229730048,2933.8449537836877,YumeNeko,16863512,56467412,1,107866,1
吃白饭的大肥鱼,56483899,112374579,2026-09-23 08:27:25,COMPLETED,EPISODE_TYPE_PUBLIC,1,105206,2917.1912247795794,2925.848229730048,KawattaTaido,16654697,56417128,0,98184,1
吃白饭的大肥鱼,56483899,112372115,2026-09-23 08:25:44,COMPLETED,EPISODE_TYPE_PUBLIC,0,114747,2907.137362089662,2917.1912247795794,SpaTaro,16640510,56445377,1,110951,1
吃白饭的大肥鱼,56483899,112373909,2026-09-23 08:22:45,COMPLETED,EPISODE_TYPE_PUBLIC,0,113014,2898.171603109499,2907.137362089662,Planned Economy,16685950,56287777,1,94360,1
吃白饭的大肥鱼,56483899,112373313,2026-09-23 08:20:20,COMPLETED,EPISODE_TYPE_PUBLIC,0,162035,2890.1414820977902,2898.171603109499,Ebi,16882725,56386266,1,136962,1
吃白饭的大肥鱼,56483899,112371161,2026-09-23 08:14:24,COMPLETED,EPISODE_TYPE_PUBLIC,0,140289,2882.8417633401095,2890.1414820977902,fuxi,16705417,56481783,1,117553,1
吃白饭的大肥鱼,56483899,112370937,2026-09-23 08:13:01,COMPLETED,EPISODE_TYPE_PUBLIC,1,98849,2874.143178689666,2882.8417633401095,ShunkiKyoya,16743582,56408992,0,72988,1
吃白饭的大肥鱼,56483899,112369884,2026-09-23 08:12:56,COMPLETED,EPISODE_TYPE_PUBLIC,0,87662,2882.906503850113,2874.143178689666,DECEM,16623559,56482350,1,92662,0
吃白饭的大肥鱼,56483899,112369717,2026-09-23 08:07:45,COMPLETED,EPISODE_TYPE_PUBLIC,1,115679,2875.3692470692254,2882.906503850113,datnt114,16623458,56470905,0,94615,1
吃白饭的大肥鱼,56483899,112368471,2026-09-23 08:04:47,COMPLETED,EPISODE_TYPE_PUBLIC,0,170851,2865.475237440283,2875.3692470692254,forever young,16629972,56471564,1,139987,1
吃白饭的大肥鱼,56483899,112367384,2026-09-23 08:00:41,COMPLETED,EPISODE_TYPE_PUBLIC,0,114348,2856.5381711915825,2865.475237440283,KouFu,16736427,56444675,1,83387,1
吃白饭的大肥鱼,56483899,112366067,2026-09-23 07:58:49,COMPLETED,EPISODE_TYPE_PUBLIC,1,78668,2842.910377506759,2856.5381711915825,摆烂小分队 🏆,16695046,56480549,0,66443,1
吃白饭的大肥鱼,56483899,112364883,2026-09-23 07:52:07,COMPLETED,EPISODE_TYPE_PUBLIC,0,153672,2831.226237629294,2842.910377506759,Ghost Rule,16823930,56368334,1,142123,1
吃白饭的大肥鱼,56483899,112364025,2026-09-23 07:49:53,COMPLETED,EPISODE_TYPE_PUBLIC,1,96700,2821.1053947464607,2831.226237629294,qianqiuwushang,16917732,56480827,0,77087,1
吃白饭的大肥鱼,56483899,112364218,2026-09-23 07:48:50,COMPLETED,EPISODE_TYPE_PUBLIC,0,100852,2811.5907041746946,2821.1053947464607,🪏Harvest Moon,16756153,56473272,1,76109,1
